antecedents,consequents,support,confidence,lift
Cushion Cover Set Pro,LED Desk Lamp,0.0036904761904761906,0.15816326530612246,6.813186813186813
LED Desk Lamp,Cushion Cover Set Pro,0.0036904761904761906,0.15897435897435896,6.813186813186812
Puzzle Book,Notebook Set,0.004642857142857143,0.1652542372881356,6.169491525423729
Notebook Set,Puzzle Book,0.004642857142857143,0.17333333333333334,6.169491525423728
Smart Watch,USB-C Cable,0.003928571428571429,0.15492957746478875,6.167812562579267
USB-C Cable,Smart Watch,0.003928571428571429,0.15639810426540285,6.167812562579267
Storage Boxes Pro,Electric Kettle Pro,0.004047619047619047,0.15044247787610618,6.164472264191668
Electric Kettle Pro,Storage Boxes Pro,0.004047619047619047,0.16585365853658535,6.164472264191668
Ceramic Mug Set,Air Fryer Pro,0.003928571428571429,0.16336633663366337,6.0990099009901
Air Fryer Pro,Ceramic Mug Set,0.003928571428571429,0.1466666666666667,6.0990099009901
Shampoo,Face Wash,0.0034523809523809524,0.16763005780346824,6.095638465580663
Face Wash,Shampoo,0.0034523809523809524,0.12554112554112554,6.095638465580662
Trimmer,Body Lotion Pro,0.0035714285714285713,0.14084507042253522,6.067172264355363
Body Lotion Pro,Trimmer,0.0035714285714285713,0.15384615384615383,6.067172264355363
Sunglasses,Cotton T-Shirt,0.0030952380952380953,0.12807881773399016,6.010402619919091
Cotton T-Shirt,Sunglasses,0.0030952380952380953,0.1452513966480447,6.010402619919091
Trimmer Pro,Trimmer,0.003928571428571429,0.15207373271889402,5.997273966378919
Fountain Pen,Art Supplies Kit,0.003928571428571429,0.15207373271889402,5.997273966378919
Art Supplies Kit,Fountain Pen,0.003928571428571429,0.15492957746478875,5.997273966378919
Trimmer,Trimmer Pro,0.003928571428571429,0.15492957746478875,5.997273966378919
Cycling Gloves,Dumbbell Set,0.0032142857142857142,0.13043478260869565,5.9871703492516035
Dumbbell Set,Cycling Gloves,0.0032142857142857142,0.14754098360655737,5.9871703492516035
Sticky Notes Pro,Desk Organizer Pro,0.0034523809523809524,0.13302752293577982,5.9755678751901105
Desk Organizer Pro,Sticky Notes Pro,0.0034523809523809524,0.15508021390374332,5.97556787519011
Yoga Mat,Water Bottle Pro,0.0036904761904761906,0.1504854368932039,5.906904999546321
Water Bottle Pro,Yoga Mat,0.0036904761904761906,0.14485981308411217,5.906904999546321
Puzzle Book,Desk Organizer Pro,0.0036904761904761906,0.13135593220338984,5.900480377050667
Desk Organizer Pro,Puzzle Book,0.0036904761904761906,0.16577540106951874,5.900480377050667
Fiction Novel,Notebook Set,0.0038095238095238095,0.15763546798029557,5.885057471264369
Notebook Set,Fiction Novel,0.0038095238095238095,0.14222222222222222,5.885057471264368
Non-stick Pan Pro,Air Fryer,0.0034523809523809524,0.14427860696517414,5.8832053325604985
Air Fryer,Non-stick Pan Pro,0.0034523809523809524,0.1407766990291262,5.8832053325604985
Electric Kettle,Storage Boxes Pro,0.003928571428571429,0.15789473684210525,5.868653935724266
Storage Boxes Pro,Electric Kettle,0.003928571428571429,0.14601769911504425,5.868653935724266
Formal Shirt Pro,Winter Hoodie Pro,0.0034523809523809524,0.13875598086124402,5.8570363780625625
Winter Hoodie Pro,Formal Shirt Pro,0.0034523809523809524,0.14572864321608042,5.8570363780625625
Fountain Pen,Notebook Set,0.004047619047619047,0.15668202764976957,5.849462365591398
Notebook Set,Fountain Pen,0.004047619047619047,0.1511111111111111,5.849462365591398
Air Fryer,Cushion Cover Set Pro,0.0033333333333333335,0.13592233009708737,5.825242718446601
Cushion Cover Set Pro,Air Fryer,0.0033333333333333335,0.14285714285714285,5.825242718446601
USB-C Cable Pro,Laptop Stand Pro,0.0034523809523809524,0.1518324607329843,5.797239409804854
Laptop Stand Pro,USB-C Cable Pro,0.0034523809523809524,0.1318181818181818,5.797239409804854
Air Fryer Pro,Knife Set,0.004047619047619047,0.1511111111111111,5.796042617960426
Knife Set,Air Fryer Pro,0.004047619047619047,0.1552511415525114,5.796042617960426
Bookmark Set,Sticky Notes,0.0033333333333333335,0.13930348258706468,5.792818087778928
Sticky Notes,Bookmark Set,0.0033333333333333335,0.13861386138613863,5.792818087778928
Sunscreen Pro,Shampoo Pro,0.0038095238095238095,0.1461187214611872,5.762428451990481
Shampoo Pro,Sunscreen Pro,0.0038095238095238095,0.15023474178403756,5.762428451990481
Sunscreen Pro,Moisturizer Pro,0.003928571428571429,0.15068493150684933,5.727391061798798
Moisturizer Pro,Sunscreen Pro,0.003928571428571429,0.1493212669683258,5.727391061798797
Wireless Mouse Pro,Bluetooth Speaker,0.0034523809523809524,0.14646464646464646,5.695847362514029
Bluetooth Speaker,Wireless Mouse Pro,0.0034523809523809524,0.13425925925925927,5.695847362514029
Sketch Pens Pro,Bookmark Set,0.0033333333333333335,0.1352657004830918,5.652894945562045
Bookmark Set,Sketch Pens Pro,0.0033333333333333335,0.13930348258706468,5.6528949455620445
Winter Hoodie Pro,Denim Jacket,0.0034523809523809524,0.14572864321608042,5.641108769654726
Denim Jacket,Winter Hoodie Pro,0.0034523809523809524,0.1336405529953917,5.641108769654726
Art Supplies Kit,Fiction Novel,0.0034523809523809524,0.13615023474178406,5.63380281690141
Fiction Novel,Art Supplies Kit,0.0034523809523809524,0.14285714285714285,5.633802816901408
Sticky Notes Pro,Fiction Novel Pro,0.0033333333333333335,0.12844036697247707,5.6192660550458715
Fiction Novel Pro,Sticky Notes Pro,0.0033333333333333335,0.14583333333333334,5.6192660550458715
Knife Set,Air Fryer,0.0035714285714285713,0.136986301369863,5.585849182072083
Air Fryer,Knife Set,0.0035714285714285713,0.14563106796116504,5.585849182072083
Phone Case,Phone Case Pro,0.0034523809523809524,0.14146341463414636,5.57883888698042
Phone Case Pro,Phone Case,0.0034523809523809524,0.13615023474178406,5.57883888698042
Cushion Cover Set Pro,Storage Boxes,0.0030952380952380953,0.1326530612244898,5.571428571428572
Storage Boxes,Cushion Cover Set Pro,0.0030952380952380953,0.13,5.571428571428571
Face Wash,Sunscreen,0.0035714285714285713,0.12987012987012986,5.537609598523304
Sunscreen,Face Wash,0.0035714285714285713,0.15228426395939085,5.537609598523304
Art Supplies Kit,Sketch Pens Pro,0.0034523809523809524,0.13615023474178406,5.52493706198544
Sketch Pens Pro,Art Supplies Kit,0.0034523809523809524,0.14009661835748793,5.52493706198544
Art Supplies Kit,Puzzle Book,0.003928571428571429,0.15492957746478875,5.514442587729769
Puzzle Book,Art Supplies Kit,0.003928571428571429,0.13983050847457626,5.514442587729769
Water Bottle,Cycling Gloves,0.0032142857142857142,0.135678391959799,5.50578981865851
Cycling Gloves,Water Bottle,0.0032142857142857142,0.13043478260869565,5.50578981865851
Perfume,Lipstick Pro,0.0034523809523809524,0.1336405529953917,5.502846299810247
Lipstick Pro,Perfume,0.0034523809523809524,0.14215686274509803,5.502846299810247
Storage Boxes Pro,Cushion Cover Set Pro,0.0034523809523809524,0.12831858407079647,5.49936788874842
Cushion Cover Set Pro,Storage Boxes Pro,0.0034523809523809524,0.14795918367346939,5.49936788874842
Face Wash,Shampoo Pro,0.0038095238095238095,0.13852813852813853,5.463081519419548
Shampoo Pro,Face Wash,0.0038095238095238095,0.15023474178403756,5.463081519419548
Ceramic Mug Set,Non-stick Pan,0.0030952380952380953,0.12871287128712872,5.4605460546054605
Non-stick Pan,Ceramic Mug Set,0.0030952380952380953,0.1313131313131313,5.4605460546054605
Phone Case Pro,Wireless Mouse,0.0034523809523809524,0.13615023474178406,5.446009389671362
Wireless Mouse,Phone Case Pro,0.0034523809523809524,0.13809523809523808,5.446009389671361
Wall Clock Pro,Bedsheet Set Pro,0.0033333333333333335,0.13270142180094788,5.4375216737949374
Bedsheet Set Pro,Wall Clock Pro,0.0033333333333333335,0.13658536585365855,5.4375216737949374
USB-C Cable,Wireless Mouse Pro,0.0032142857142857142,0.12796208530805686,5.428694528220594
Wireless Mouse Pro,USB-C Cable,0.0032142857142857142,0.13636363636363635,5.428694528220594
Face Wash Pro,Sunscreen Pro,0.0033333333333333335,0.1414141414141414,5.42410405424104
Sunscreen Pro,Face Wash Pro,0.0033333333333333335,0.1278538812785388,5.42410405424104
Sketch Pens Pro,Sketch Pens,0.0032142857142857142,0.13043478260869565,5.424020662935859
Sketch Pens,Sketch Pens Pro,0.0032142857142857142,0.13366336633663367,5.424020662935859
USB-C Cable Pro,Wireless Earbuds Pro,0.0030952380952380953,0.13612565445026178,5.419220366740279
Wireless Earbuds Pro,USB-C Cable Pro,0.0030952380952380953,0.12322274881516587,5.419220366740279
Cotton T-Shirt,Sports Cap Pro,0.0032142857142857142,0.15083798882681565,5.414697034808767
Sports Cap Pro,Cotton T-Shirt,0.0032142857142857142,0.11538461538461538,5.414697034808766
Sports Cap,Winter Hoodie Pro,0.002976190476190476,0.1282051282051282,5.411673753382296
Winter Hoodie Pro,Sports Cap,0.002976190476190476,0.12562814070351758,5.411673753382296
Non-stick Pan,Cushion Cover Set Pro,0.002976190476190476,0.12626262626262624,5.41125541125541
Cushion Cover Set Pro,Non-stick Pan,0.002976190476190476,0.12755102040816324,5.41125541125541
Cycling Gloves,Resistance Bands Pro,0.0035714285714285713,0.14492753623188406,5.410628019323672
Resistance Bands Pro,Cycling Gloves,0.0035714285714285713,0.13333333333333333,5.4106280193236715
Face Wash,Body Lotion Pro,0.0034523809523809524,0.12554112554112554,5.407925407925408
Body Lotion Pro,Face Wash,0.0034523809523809524,0.14871794871794872,5.407925407925408
Fiction Novel Pro,Desk Organizer Pro,0.0027380952380952383,0.11979166666666667,5.381016042780749
Desk Organizer Pro,Fiction Novel Pro,0.0027380952380952383,0.12299465240641713,5.381016042780749
Water Bottle Pro,Fitness Tracker,0.0035714285714285713,0.14018691588785046,5.377032390218922
Fitness Tracker,Water Bottle Pro,0.0035714285714285713,0.136986301369863,5.377032390218922
Moisturizer Pro,Face Wash Pro,0.0033333333333333335,0.12669683257918551,5.375017139723021
Face Wash Pro,Moisturizer Pro,0.0033333333333333335,0.1414141414141414,5.375017139723021
Planner Diary,Puzzle Book,0.0034523809523809524,0.15025906735751296,5.348204092386054
Puzzle Book,Planner Diary,0.0034523809523809524,0.12288135593220338,5.348204092386053
Sports Cap,Sports Cap Pro,0.0034523809523809524,0.14871794871794872,5.338593030900723
Sports Cap Pro,Sports Cap,0.0034523809523809524,0.12393162393162394,5.338593030900723
Sports Cap,Formal Shirt,0.0033333333333333335,0.1435897435897436,5.336963921034719
Formal Shirt,Sports Cap,0.0033333333333333335,0.12389380530973453,5.336963921034718
Sketch Pens,Fiction Novel,0.0030952380952380953,0.12871287128712872,5.326049846363947
Fiction Novel,Sketch Pens,0.0030952380952380953,0.12807881773399016,5.326049846363947
Gym Bag,Yoga Mat,0.0032142857142857142,0.13043478260869565,5.318699873364289
Yoga Mat,Gym Bag,0.0032142857142857142,0.13106796116504854,5.318699873364288
Power Bank,Bluetooth Speaker,0.003928571428571429,0.13636363636363638,5.303030303030304
Bluetooth Speaker,Power Bank,0.003928571428571429,0.1527777777777778,5.303030303030304
Backpack,Running Shoes Pro,0.002976190476190476,0.12626262626262624,5.303030303030303
Running Shoes Pro,Backpack,0.002976190476190476,0.125,5.303030303030303
Smart Watch Pro,Power Bank Pro,0.0034523809523809524,0.13122171945701358,5.299338670379394
Power Bank Pro,Smart Watch Pro,0.0034523809523809524,0.13942307692307693,5.299338670379394
Notebook Set Pro,Desk Organizer Pro,0.0027380952380952383,0.11794871794871795,5.298231180584122
Desk Organizer Pro,Notebook Set Pro,0.0027380952380952383,0.12299465240641713,5.298231180584122
Running Shoes,Denim Jacket,0.002976190476190476,0.13661202185792348,5.28820729772607
Denim Jacket,Running Shoes,0.002976190476190476,0.1152073732718894,5.28820729772607
Knife Set Pro,Bedsheet Set,0.0030952380952380953,0.12440191387559808,5.2776569522981
Bedsheet Set,Knife Set Pro,0.0030952380952380953,0.1313131313131313,5.277656952298099
Mechanical Keyboard Pro,Bluetooth Speaker,0.0036904761904761906,0.13537117903930132,5.264434740417274
Bluetooth Speaker,Mechanical Keyboard Pro,0.0036904761904761906,0.14351851851851852,5.264434740417273
Cushion Cover Set,Non-stick Pan,0.002976190476190476,0.12376237623762376,5.2505250525052505
Non-stick Pan,Cushion Cover Set,0.002976190476190476,0.12626262626262624,5.25052505250525
Puzzle Book,Puzzle Book Pro,0.0038095238095238095,0.13559322033898305,5.248769819573537
Puzzle Book Pro,Puzzle Book,0.0038095238095238095,0.14746543778801843,5.248769819573537
USB-C Cable,Phone Case,0.0032142857142857142,0.12796208530805686,5.243324471159403
Phone Case,USB-C Cable,0.0032142857142857142,0.13170731707317074,5.243324471159403
Formal Shirt Pro,Analog Watch Pro,0.0032142857142857142,0.12918660287081338,5.242354899105471
Analog Watch Pro,Formal Shirt Pro,0.0032142857142857142,0.13043478260869565,5.242354899105471
Fiction Novel Pro,Fountain Pen,0.0030952380952380953,0.13541666666666669,5.241935483870969
Fountain Pen,Fiction Novel Pro,0.0030952380952380953,0.11981566820276499,5.241935483870968
Bedsheet Set Pro,Knife Set,0.0033333333333333335,0.13658536585365855,5.238890745071835
Knife Set,Bedsheet Set Pro,0.0033333333333333335,0.1278538812785388,5.238890745071834
Hair Dryer,Perfume Pro,0.002976190476190476,0.1358695652173913,5.235341045073793
Perfume Pro,Hair Dryer,0.002976190476190476,0.1146788990825688,5.235341045073793
Cycling Gloves Pro,Dumbbell Set Pro,0.0032142857142857142,0.135,5.225806451612904
Dumbbell Set Pro,Cycling Gloves Pro,0.0032142857142857142,0.12442396313364056,5.225806451612904
Smart Watch,Mechanical Keyboard,0.0034523809523809524,0.13615023474178406,5.2222007846163745
Mechanical Keyboard,Smart Watch,0.0034523809523809524,0.1324200913242009,5.222200784616374
Cotton T-Shirt Pro,Running Shoes,0.002857142857142857,0.11374407582938388,5.221039546266801
Running Shoes,Cotton T-Shirt Pro,0.002857142857142857,0.13114754098360656,5.221039546266801
Lipstick Pro,Moisturizer Pro,0.0033333333333333335,0.13725490196078433,5.216928400319404
Moisturizer Pro,Lipstick Pro,0.0033333333333333335,0.12669683257918551,5.216928400319404
Football Pro,Yoga Mat Pro,0.0033333333333333335,0.13270142180094788,5.208840855738141
Yoga Mat Pro,Football Pro,0.0033333333333333335,0.13084112149532712,5.208840855738141
Fountain Pen,Bookmark Set,0.0032142857142857142,0.12442396313364056,5.199807414540203
Bookmark Set,Fountain Pen,0.0032142857142857142,0.13432835820895522,5.199807414540202
Face Mask Pack Pro,Hair Dryer,0.002857142857142857,0.11374407582938388,5.192664331341438
Hair Dryer,Face Mask Pack Pro,0.002857142857142857,0.13043478260869565,5.192664331341438
Fountain Pen,Desk Organizer Pro,0.002976190476190476,0.1152073732718894,5.175090564084872
Desk Organizer Pro,Fountain Pen,0.002976190476190476,0.13368983957219252,5.175090564084872
Sketch Pens,Planner Diary,0.002857142857142857,0.11881188118811882,5.171087056892218
Planner Diary,Sketch Pens,0.002857142857142857,0.12435233160621761,5.171087056892218
Notebook Set,Notebook Set Pro,0.0032142857142857142,0.12000000000000001,5.1692307692307695
Notebook Set Pro,Notebook Set,0.0032142857142857142,0.13846153846153844,5.169230769230769
Sunscreen,Face Wash Pro,0.002857142857142857,0.12182741116751268,5.168435625288416
Face Wash Pro,Sunscreen,0.002857142857142857,0.1212121212121212,5.168435625288416
Webcam,Bluetooth Speaker,0.0033333333333333335,0.13270142180094788,5.16061084781464
Bluetooth Speaker,Webcam,0.0033333333333333335,0.12962962962962965,5.16061084781464
Fountain Pen Pro,Sketch Pens,0.0035714285714285713,0.12396694214876033,5.155060960641519
Sketch Pens,Fountain Pen Pro,0.0035714285714285713,0.1485148514851485,5.155060960641518
Desk Organizer,Art Supplies Kit,0.0032142857142857142,0.13043478260869565,5.143906919779547
Art Supplies Kit,Desk Organizer,0.0032142857142857142,0.1267605633802817,5.143906919779547
Electric Kettle,Wall Clock Pro,0.0032142857142857142,0.12918660287081338,5.142973763577404
Wall Clock Pro,Electric Kettle,0.0032142857142857142,0.12796208530805686,5.142973763577404
Resistance Bands,Resistance Bands Pro,0.0034523809523809524,0.13744075829383887,5.131121642969984
Resistance Bands Pro,Resistance Bands,0.0034523809523809524,0.1288888888888889,5.131121642969984
Backpack,Sunglasses Pro,0.002857142857142857,0.1212121212121212,5.116491548652353
Sunglasses Pro,Backpack,0.002857142857142857,0.1206030150753769,5.116491548652353
Moisturizer,Hair Dryer Pro,0.0033333333333333335,0.13333333333333333,5.114155251141552
Hair Dryer Pro,Moisturizer,0.0033333333333333335,0.1278538812785388,5.114155251141552
Backpack Pro,Running Shoes Pro,0.0033333333333333335,0.12173913043478261,5.11304347826087
Running Shoes Pro,Backpack Pro,0.0033333333333333335,0.14,5.11304347826087
Cycling Gloves Pro,Yoga Mat,0.002976190476190476,0.125,5.097087378640777
Yoga Mat,Cycling Gloves Pro,0.002976190476190476,0.12135922330097086,5.097087378640777
Football,Cycling Gloves,0.0030952380952380953,0.12560386473429952,5.09696842400056
Cycling Gloves,Football,0.0030952380952380953,0.12560386473429952,5.09696842400056
Wireless Earbuds Pro,Webcam,0.0032142857142857142,0.12796208530805686,5.094225197097998
Webcam,Wireless Earbuds Pro,0.0032142857142857142,0.12796208530805686,5.094225197097998
Cushion Cover Set Pro,Knife Set,0.0030952380952380953,0.1326530612244898,5.088062622309198
Knife Set,Cushion Cover Set Pro,0.0030952380952380953,0.11872146118721462,5.088062622309198
Wall Clock,Knife Set,0.0032142857142857142,0.1323529411764706,5.07655116841257
Knife Set,Wall Clock,0.0032142857142857142,0.1232876712328767,5.07655116841257
Winter Hoodie,Analog Watch Pro,0.002857142857142857,0.125,5.072463768115942
Analog Watch Pro,Winter Hoodie,0.002857142857142857,0.11594202898550725,5.072463768115942
Fitness Tracker Pro,Dumbbell Set,0.0030952380952380953,0.11016949152542373,5.056960266740761
Dumbbell Set,Fitness Tracker Pro,0.0030952380952380953,0.14207650273224043,5.056960266740761
Sketch Pens Pro,Planner Diary Pro,0.0035714285714285713,0.14492753623188406,5.051416200613387
Planner Diary Pro,Sketch Pens Pro,0.0035714285714285713,0.12448132780082988,5.051416200613386
LED Desk Lamp,Electric Kettle Pro,0.002857142857142857,0.12307692307692307,5.043151969981238
Electric Kettle Pro,LED Desk Lamp,0.002857142857142857,0.11707317073170731,5.0431519699812375
Cushion Cover Set Pro,Ceramic Mug Set Pro,0.002619047619047619,0.11224489795918366,5.042016806722689
Ceramic Mug Set Pro,Cushion Cover Set Pro,0.002619047619047619,0.11764705882352941,5.042016806722689
Wireless Earbuds Pro,Mechanical Keyboard Pro,0.0034523809523809524,0.13744075829383887,5.041495064053478
USB-C Cable,Mechanical Keyboard Pro,0.0034523809523809524,0.13744075829383887,5.041495064053478
Mechanical Keyboard Pro,USB-C Cable,0.0034523809523809524,0.12663755458515283,5.0414950640534775
Mechanical Keyboard Pro,Wireless Earbuds Pro,0.0034523809523809524,0.12663755458515283,5.0414950640534775
Art Supplies Kit Pro,Sketch Pens,0.0027380952380952383,0.12105263157894738,5.033871808233456
Sketch Pens,Art Supplies Kit Pro,0.0027380952380952383,0.11386138613861387,5.033871808233455
Foam Roller,Cycling Gloves Pro,0.0030952380952380953,0.11981566820276499,5.03225806451613
Cycling Gloves Pro,Foam Roller,0.0030952380952380953,0.13,5.032258064516129
Denim Jacket Pro,Backpack Pro,0.0036904761904761906,0.1377777777777778,5.031884057971015
Backpack Pro,Denim Jacket Pro,0.0036904761904761906,0.13478260869565217,5.0318840579710145
Mechanical Keyboard Pro,Mechanical Keyboard,0.0035714285714285713,0.13100436681222707,5.024825028414189
Mechanical Keyboard,Mechanical Keyboard Pro,0.0035714285714285713,0.136986301369863,5.024825028414189
Shampoo,Hair Dryer,0.002261904761904762,0.10982658959537572,5.013822568484543
Hair Dryer,Shampoo,0.002261904761904762,0.10326086956521738,5.013822568484543
Formal Shirt,Leather Wallet Pro,0.0034523809523809524,0.12831858407079647,5.013377238114839
Leather Wallet Pro,Formal Shirt,0.0034523809523809524,0.13488372093023257,5.013377238114839
Body Lotion Pro,Face Wash Pro,0.0027380952380952383,0.11794871794871795,5.003885003885004
Face Wash Pro,Body Lotion Pro,0.0027380952380952383,0.11616161616161616,5.003885003885004
Hair Dryer,Sunscreen Pro,0.002857142857142857,0.13043478260869565,5.002977963073258
Sunscreen Pro,Hair Dryer,0.002857142857142857,0.1095890410958904,5.002977963073257
Webcam,USB-C Cable Pro,0.002857142857142857,0.11374407582938388,5.002357261606412
Resistance Bands,Skipping Rope Pro,0.002857142857142857,0.11374407582938388,5.002357261606412
USB-C Cable Pro,Webcam,0.002857142857142857,0.1256544502617801,5.002357261606411
Skipping Rope Pro,Resistance Bands,0.002857142857142857,0.1256544502617801,5.002357261606411
Shampoo Pro,Body Lotion,0.0033333333333333335,0.13145539906103287,4.996494805939711
Body Lotion,Shampoo Pro,0.0033333333333333335,0.12669683257918551,4.996494805939711
Phone Case Pro,Mechanical Keyboard Pro,0.0034523809523809524,0.13615023474178406,4.99415708223138
Mechanical Keyboard Pro,Phone Case Pro,0.0034523809523809524,0.12663755458515283,4.994157082231379
Resistance Bands Pro,Foam Roller,0.0034523809523809524,0.1288888888888889,4.989247311827957
Foam Roller,Resistance Bands Pro,0.0034523809523809524,0.1336405529953917,4.989247311827957
Face Mask Pack,Lipstick Pro,0.0027380952380952383,0.12105263157894738,4.98452012383901
Lipstick Pro,Face Mask Pack,0.0027380952380952383,0.11274509803921569,4.984520123839009
Smart Watch,Wireless Mouse Pro,0.002976190476190476,0.11737089201877934,4.979371176554275
Wireless Mouse Pro,Smart Watch,0.002976190476190476,0.12626262626262624,4.979371176554275
Face Mask Pack,Face Wash,0.0030952380952380953,0.1368421052631579,4.976076555023924
Face Wash,Face Mask Pack,0.0030952380952380953,0.11255411255411256,4.976076555023924
Non-stick Pan Pro,Knife Set,0.0030952380952380953,0.1293532338308458,4.961493900361209
Knife Set,Non-stick Pan Pro,0.0030952380952380953,0.11872146118721462,4.961493900361208
Formal Shirt,Denim Jacket Pro,0.0035714285714285713,0.13274336283185842,4.955752212389381
Denim Jacket Pro,Formal Shirt,0.0035714285714285713,0.13333333333333333,4.955752212389381
Leather Wallet,Backpack Pro,0.002857142857142857,0.13559322033898305,4.952100221075903
Backpack Pro,Leather Wallet,0.002857142857142857,0.10434782608695652,4.952100221075902
Knife Set,Ceramic Mug Set,0.0030952380952380953,0.11872146118721462,4.936932049369321
Ceramic Mug Set,Knife Set,0.0030952380952380953,0.12871287128712872,4.936932049369321
Art Supplies Kit,Fiction Novel Pro,0.002857142857142857,0.11267605633802817,4.929577464788733
Lipstick,Hair Dryer,0.0027380952380952383,0.10798122065727701,4.929577464788733
Fiction Novel Pro,Art Supplies Kit,0.002857142857142857,0.125,4.929577464788733
Hair Dryer,Lipstick,0.0027380952380952383,0.125,4.929577464788733
Analog Watch,Sports Cap,0.002857142857142857,0.11428571428571428,4.9230769230769225
Sports Cap,Analog Watch,0.002857142857142857,0.12307692307692307,4.9230769230769225
Art Supplies Kit Pro,Sketch Pens Pro,0.0027380952380952383,0.12105263157894738,4.912280701754386
Sketch Pens Pro,Art Supplies Kit Pro,0.0027380952380952383,0.11111111111111112,4.912280701754386
Mechanical Keyboard,Wireless Earbuds Pro,0.0032142857142857142,0.1232876712328767,4.908134778939167
Wireless Earbuds Pro,Mechanical Keyboard,0.0032142857142857142,0.12796208530805686,4.908134778939167
USB-C Cable,Mechanical Keyboard,0.0032142857142857142,0.12796208530805686,4.908134778939167
Mechanical Keyboard,USB-C Cable,0.0032142857142857142,0.1232876712328767,4.908134778939167
Shampoo Pro,Perfume,0.0032142857142857142,0.1267605633802817,4.906860517946388
Perfume,Shampoo Pro,0.0032142857142857142,0.12442396313364056,4.906860517946388
USB-C Cable Pro,Power Bank,0.0032142857142857142,0.14136125654450263,4.906754359395959
Power Bank,USB-C Cable Pro,0.0032142857142857142,0.1115702479338843,4.906754359395959
Electric Kettle Pro,Electric Kettle,0.002976190476190476,0.12195121951219512,4.901388726805928
Electric Kettle,Electric Kettle Pro,0.002976190476190476,0.11961722488038276,4.901388726805928
Wall Clock Pro,LED Desk Lamp,0.002857142857142857,0.11374407582938388,4.8997448049580745
LED Desk Lamp,Wall Clock Pro,0.002857142857142857,0.12307692307692307,4.8997448049580745
Sticky Notes Pro,Puzzle Book,0.0035714285714285713,0.13761467889908258,4.898149587933448
Puzzle Book,Sticky Notes Pro,0.0035714285714285713,0.1271186440677966,4.898149587933447
Dumbbell Set,Skipping Rope,0.002857142857142857,0.13114754098360656,4.896174863387978
Skipping Rope,Dumbbell Set,0.002857142857142857,0.10666666666666667,4.896174863387978
Resistance Bands Pro,Dumbbell Set,0.002857142857142857,0.10666666666666667,4.896174863387978
Dumbbell Set,Resistance Bands Pro,0.002857142857142857,0.13114754098360656,4.896174863387978
Sunscreen,Perfume Pro,0.002976190476190476,0.12690355329949238,4.889861686769431
Perfume Pro,Sunscreen,0.002976190476190476,0.1146788990825688,4.8898616867694304
Moisturizer,Shampoo Pro,0.0030952380952380953,0.12380952380952381,4.882629107981221
Shampoo Pro,Moisturizer,0.0030952380952380953,0.12206572769953053,4.882629107981221
Non-stick Pan,Knife Set Pro,0.002857142857142857,0.1212121212121212,4.8716833405828615
Bedsheet Set,Electric Kettle,0.002857142857142857,0.1212121212121212,4.8716833405828615
Knife Set Pro,Non-stick Pan,0.002857142857142857,0.11483253588516745,4.8716833405828615
Electric Kettle,Bedsheet Set,0.002857142857142857,0.11483253588516745,4.8716833405828615
Perfume Pro,Face Wash Pro,0.002976190476190476,0.1146788990825688,4.865165415624131
Face Wash Pro,Perfume Pro,0.002976190476190476,0.12626262626262624,4.865165415624131
Mechanical Keyboard,Smart Watch Pro,0.0033333333333333335,0.1278538812785388,4.859604537283828
Smart Watch Pro,Mechanical Keyboard,0.0033333333333333335,0.12669683257918551,4.859604537283828
Planner Diary,Fountain Pen Pro,0.0032142857142857142,0.13989637305699482,4.855907163961803
Fountain Pen Pro,Planner Diary,0.0032142857142857142,0.1115702479338843,4.855907163961803
Bookmark Set,Desk Organizer,0.002857142857142857,0.11940298507462688,4.845338524767468
Desk Organizer,Bookmark Set,0.002857142857142857,0.11594202898550725,4.845338524767468
Dumbbell Set,Water Bottle,0.0025,0.11475409836065574,4.8438915890930065
Water Bottle,Dumbbell Set,0.0025,0.10552763819095479,4.8438915890930065
Sticky Notes Pro,Sketch Pens Pro,0.0030952380952380953,0.11926605504587157,4.83978194389044
Sketch Pens Pro,Sticky Notes Pro,0.0030952380952380953,0.12560386473429952,4.83978194389044
Formal Shirt,Winter Hoodie,0.002976190476190476,0.11061946902654868,4.839601769911504
Winter Hoodie,Formal Shirt,0.002976190476190476,0.13020833333333331,4.839601769911504
LED Desk Lamp Pro,Wall Clock Pro,0.0030952380952380953,0.12149532710280375,4.836780794613988
Water Bottle Pro,Resistance Bands,0.0030952380952380953,0.12149532710280375,4.836780794613988
Resistance Bands,Water Bottle Pro,0.0030952380952380953,0.12322274881516587,4.836780794613988
Wall Clock Pro,LED Desk Lamp Pro,0.0030952380952380953,0.12322274881516587,4.836780794613988
Bedsheet Set Pro,LED Desk Lamp,0.0027380952380952383,0.11219512195121951,4.833020637898686
LED Desk Lamp,Bedsheet Set Pro,0.0027380952380952383,0.11794871794871795,4.833020637898686
Fitness Tracker Pro,Water Bottle,0.0032142857142857142,0.11440677966101694,4.829230900264032
Water Bottle,Fitness Tracker Pro,0.0032142857142857142,0.135678391959799,4.829230900264032
Cycling Gloves Pro,Foam Roller Pro,0.002857142857142857,0.12000000000000001,4.822966507177034
Foam Roller Pro,Cycling Gloves Pro,0.002857142857142857,0.11483253588516745,4.822966507177033
Wall Clock,Electric Kettle Pro,0.002857142857142857,0.11764705882352941,4.820659971305595
Electric Kettle Pro,Wall Clock,0.002857142857142857,0.11707317073170731,4.820659971305595
Fiction Novel Pro,Bookmark Set Pro,0.0027380952380952383,0.11979166666666667,4.814593301435407
Bookmark Set Pro,Fiction Novel Pro,0.0027380952380952383,0.11004784688995216,4.814593301435407
Leather Wallet Pro,Sunglasses,0.002976190476190476,0.11627906976744186,4.811547714514836
Sunglasses,Leather Wallet Pro,0.002976190476190476,0.12315270935960591,4.811547714514836
Sunglasses,Backpack,0.0027380952380952383,0.11330049261083745,4.8066875653082555
Backpack,Sunglasses,0.0027380952380952383,0.11616161616161616,4.806687565308255
Cotton T-Shirt Pro,Winter Hoodie Pro,0.002857142857142857,0.11374407582938388,4.801257472195099
Winter Hoodie Pro,Cotton T-Shirt Pro,0.002857142857142857,0.1206030150753769,4.801257472195099
Bookmark Set,Bookmark Set Pro,0.002857142857142857,0.11940298507462688,4.798971648932372
Bookmark Set Pro,Bookmark Set,0.002857142857142857,0.11483253588516745,4.798971648932372
Leather Wallet,Backpack,0.002380952380952381,0.11299435028248589,4.793699708953946
Backpack,Leather Wallet,0.002380952380952381,0.10101010101010101,4.793699708953946
Analog Watch,Denim Jacket,0.0030952380952380953,0.12380952380952381,4.7926267281106
Denim Jacket,Analog Watch,0.0030952380952380953,0.11981566820276499,4.792626728110599
Bluetooth Speaker,USB-C Cable,0.0030952380952380953,0.12037037037037038,4.791995787256451
USB-C Cable,Bluetooth Speaker,0.0030952380952380953,0.12322274881516587,4.79199578725645
Fiction Novel,Art Supplies Kit Pro,0.002619047619047619,0.1083743842364532,4.791288566243194
Art Supplies Kit Pro,Fiction Novel,0.002619047619047619,0.11578947368421053,4.791288566243194
Shampoo Pro,Shampoo,0.0025,0.09859154929577466,4.787104127656111
Shampoo,Shampoo Pro,0.0025,0.12138728323699423,4.787104127656111
Bedsheet Set,LED Desk Lamp,0.002619047619047619,0.1111111111111111,4.786324786324786
Bluetooth Speaker Pro,Wireless Earbuds,0.002857142857142857,0.11111111111111112,4.786324786324786
Wireless Earbuds,Bluetooth Speaker Pro,0.002857142857142857,0.12307692307692307,4.786324786324786
LED Desk Lamp,Bedsheet Set,0.002619047619047619,0.11282051282051281,4.786324786324785
Storage Boxes Pro,Cushion Cover Set,0.0030952380952380953,0.11504424778761063,4.784018224831334
Cushion Cover Set,Storage Boxes Pro,0.0030952380952380953,0.12871287128712872,4.784018224831333
Air Fryer Pro,Wall Clock Pro,0.0032142857142857142,0.12000000000000001,4.777251184834124
Cycling Gloves Pro,Football Pro,0.002857142857142857,0.12000000000000001,4.777251184834124
Football Pro,Cycling Gloves Pro,0.002857142857142857,0.11374407582938388,4.777251184834124
Wall Clock Pro,Air Fryer Pro,0.0032142857142857142,0.12796208530805686,4.777251184834123
Electric Kettle Pro,Air Fryer,0.002857142857142857,0.11707317073170731,4.773857447312337
Air Fryer,Electric Kettle Pro,0.002857142857142857,0.11650485436893204,4.773857447312337
Bluetooth Speaker Pro,Laptop Stand Pro,0.0032142857142857142,0.125,4.7727272727272725
Laptop Stand Pro,Bluetooth Speaker Pro,0.0032142857142857142,0.12272727272727273,4.7727272727272725
Perfume,Hair Dryer Pro,0.0032142857142857142,0.12442396313364056,4.772425983208131
Hair Dryer Pro,Perfume,0.0032142857142857142,0.1232876712328767,4.77242598320813
Moisturizer Pro,Face Wash,0.0034523809523809524,0.13122171945701358,4.771698889345949
Face Wash,Moisturizer Pro,0.0034523809523809524,0.12554112554112554,4.771698889345948
Power Bank Pro,Wireless Earbuds,0.0027380952380952383,0.11057692307692309,4.763313609467456
Wireless Earbuds,Power Bank Pro,0.0027380952380952383,0.11794871794871795,4.763313609467455
Bedsheet Set,Cushion Cover Set Pro,0.002619047619047619,0.1111111111111111,4.761904761904762
Cushion Cover Set Pro,Bedsheet Set,0.002619047619047619,0.11224489795918366,4.761904761904761
Perfume Pro,Sunscreen Pro,0.0032142857142857142,0.1238532110091743,4.750534120899836
Sunscreen Pro,Perfume Pro,0.0032142857142857142,0.1232876712328767,4.750534120899836
Moisturizer,Sunscreen Pro,0.0030952380952380953,0.12380952380952381,4.748858447488584
Sunscreen Pro,Moisturizer,0.0030952380952380953,0.11872146118721462,4.748858447488584
Smart Watch,Bluetooth Speaker,0.0030952380952380953,0.12206572769953053,4.74700052164841
Bluetooth Speaker,Smart Watch,0.0030952380952380953,0.12037037037037038,4.74700052164841
Running Shoes Pro,Leather Wallet,0.002380952380952381,0.10000000000000002,4.7457627118644075
Leather Wallet,Running Shoes Pro,0.002380952380952381,0.11299435028248589,4.7457627118644075
Sticky Notes Pro,Notebook Set Pro,0.002857142857142857,0.11009174311926606,4.742413549753
Notebook Set Pro,Sticky Notes Pro,0.002857142857142857,0.12307692307692307,4.742413549752999
Sunglasses,Winter Hoodie,0.002619047619047619,0.1083743842364532,4.741379310344827
Winter Hoodie,Sunglasses,0.002619047619047619,0.11458333333333333,4.741379310344827
Backpack,Leather Wallet Pro,0.002857142857142857,0.1212121212121212,4.735729386892177
Leather Wallet Pro,Backpack,0.002857142857142857,0.11162790697674418,4.735729386892177
Fiction Novel,Puzzle Book,0.0032142857142857142,0.1330049261083744,4.734073641145529
Puzzle Book,Fiction Novel,0.0032142857142857142,0.11440677966101694,4.734073641145528
Power Bank,Wireless Mouse Pro,0.0032142857142857142,0.1115702479338843,4.73328324567994
Wireless Mouse Pro,Power Bank,0.0032142857142857142,0.13636363636363635,4.73328324567994
Notebook Set,Art Supplies Kit,0.0032142857142857142,0.12000000000000001,4.732394366197184
Art Supplies Kit,Notebook Set,0.0032142857142857142,0.1267605633802817,4.732394366197183
Ceramic Mug Set Pro,Electric Kettle,0.002619047619047619,0.11764705882352941,4.728398536448072
Electric Kettle,Ceramic Mug Set Pro,0.002619047619047619,0.10526315789473684,4.728398536448072
Wireless Mouse,Laptop Stand Pro,0.0030952380952380953,0.12380952380952381,4.7272727272727275
Laptop Stand Pro,Wireless Mouse,0.0030952380952380953,0.11818181818181818,4.727272727272727
Body Lotion Pro,Sunscreen Pro,0.002857142857142857,0.12307692307692307,4.720758693361433
Body Lotion Pro,Hair Dryer Pro,0.002857142857142857,0.12307692307692307,4.720758693361433
Hair Dryer Pro,Body Lotion Pro,0.002857142857142857,0.1095890410958904,4.720758693361432
Sunscreen Pro,Body Lotion Pro,0.002857142857142857,0.1095890410958904,4.720758693361432
Bookmark Set,Notebook Set Pro,0.002619047619047619,0.10945273631840796,4.714887102946804
Notebook Set Pro,Bookmark Set,0.002619047619047619,0.11282051282051281,4.714887102946804
Denim Jacket,Backpack Pro,0.0033333333333333335,0.12903225806451613,4.712482468443198
Backpack Pro,Denim Jacket,0.0033333333333333335,0.12173913043478261,4.712482468443198
Running Shoes,Sports Cap,0.002380952380952381,0.10928961748633881,4.707860445565364
Sports Cap,Running Shoes,0.002380952380952381,0.10256410256410257,4.707860445565363
Electric Kettle Pro,Knife Set Pro,0.002857142857142857,0.11707317073170731,4.70533317773369
Knife Set Pro,Electric Kettle Pro,0.002857142857142857,0.11483253588516745,4.70533317773369
Yoga Mat Pro,Dumbbell Set Pro,0.0030952380952380953,0.12149532710280375,4.703044920108533
Dumbbell Set Pro,Yoga Mat Pro,0.0030952380952380953,0.11981566820276499,4.703044920108533
Wireless Earbuds Pro,Wireless Earbuds,0.0027380952380952383,0.10900473933649289,4.695588771418155
Wireless Earbuds,Wireless Earbuds Pro,0.0027380952380952383,0.11794871794871795,4.695588771418155
LED Desk Lamp Pro,Electric Kettle,0.002976190476190476,0.11682242990654206,4.695255556052408
Electric Kettle,LED Desk Lamp Pro,0.002976190476190476,0.11961722488038276,4.695255556052407
Formal Shirt,Backpack,0.002976190476190476,0.11061946902654868,4.692947170823277
Backpack,Formal Shirt,0.002976190476190476,0.12626262626262624,4.692947170823277
Perfume,Face Wash,0.0033333333333333335,0.12903225806451613,4.69208211143695
Face Wash,Perfume,0.0033333333333333335,0.12121212121212122,4.69208211143695
Non-stick Pan Pro,Cushion Cover Set Pro,0.002619047619047619,0.10945273631840796,4.690831556503198
Cushion Cover Set Pro,Non-stick Pan Pro,0.002619047619047619,0.11224489795918366,4.6908315565031975
Football,Water Bottle,0.0027380952380952383,0.11111111111111112,4.690117252931324
Water Bottle,Football,0.0027380952380952383,0.1155778894472362,4.690117252931324
Face Mask Pack Pro,Moisturizer Pro,0.0030952380952380953,0.12322274881516587,4.68357959297463
Moisturizer Pro,Face Mask Pack Pro,0.0030952380952380953,0.11764705882352941,4.68357959297463
Wireless Earbuds Pro,Smart Watch Pro,0.0030952380952380953,0.12322274881516587,4.68357959297463
Smart Watch Pro,Wireless Earbuds Pro,0.0030952380952380953,0.11764705882352941,4.68357959297463
Smart Watch Pro,Wireless Earbuds,0.002857142857142857,0.1085972850678733,4.6780368952314655
Wireless Earbuds,Smart Watch Pro,0.002857142857142857,0.12307692307692307,4.678036895231465
Gym Bag,Foam Roller,0.002976190476190476,0.12077294685990338,4.675081813931744
Foam Roller,Gym Bag,0.002976190476190476,0.1152073732718894,4.675081813931744
Skipping Rope Pro,Cycling Gloves,0.002619047619047619,0.11518324607329843,4.674102739206313
Cycling Gloves,Skipping Rope Pro,0.002619047619047619,0.10628019323671496,4.674102739206313
Cotton T-Shirt,Cotton T-Shirt Pro,0.0025,0.11731843575418995,4.670496968413249
Cotton T-Shirt Pro,Cotton T-Shirt,0.0025,0.0995260663507109,4.670496968413249
Formal Shirt,Winter Hoodie Pro,0.002976190476190476,0.11061946902654868,4.669364521723663
Winter Hoodie Pro,Formal Shirt,0.002976190476190476,0.12562814070351758,4.669364521723662
Leather Wallet,Sports Cap Pro,0.0027380952380952383,0.12994350282485878,4.664638562943648
Sports Cap Pro,Leather Wallet,0.0027380952380952383,0.09829059829059829,4.664638562943647
Face Mask Pack,Perfume Pro,0.0027380952380952383,0.12105263157894738,4.66441332689522
Perfume Pro,Face Mask Pack,0.0027380952380952383,0.10550458715596331,4.66441332689522
Wall Clock Pro,Electric Kettle Pro,0.002857142857142857,0.11374407582938388,4.660732863252803
Electric Kettle Pro,Wall Clock Pro,0.002857142857142857,0.11707317073170731,4.660732863252803
Sketch Pens Pro,Bookmark Set Pro,0.002857142857142857,0.11594202898550725,4.659871021427086
Bookmark Set Pro,Sketch Pens Pro,0.002857142857142857,0.11483253588516745,4.659871021427085
Planner Diary Pro,Sketch Pens,0.0032142857142857142,0.11203319502074689,4.658806129575614
Sketch Pens,Planner Diary Pro,0.0032142857142857142,0.13366336633663367,4.658806129575614
Dumbbell Set,Foam Roller,0.002619047619047619,0.12021857923497267,4.653622421998942
Dumbbell Set,Dumbbell Set Pro,0.002619047619047619,0.12021857923497267,4.653622421998942
Foam Roller,Dumbbell Set,0.002619047619047619,0.10138248847926266,4.653622421998942
Dumbbell Set Pro,Dumbbell Set,0.002619047619047619,0.10138248847926266,4.653622421998942
Shampoo Pro,Body Lotion Pro,0.0027380952380952383,0.10798122065727701,4.651498736005779
Smart Watch,Wireless Earbuds,0.0027380952380952383,0.10798122065727701,4.651498736005779
Body Lotion Pro,Shampoo Pro,0.0027380952380952383,0.11794871794871795,4.651498736005778
Wireless Earbuds,Smart Watch,0.0027380952380952383,0.11794871794871795,4.651498736005778
Denim Jacket,Running Shoes Pro,0.002857142857142857,0.11059907834101383,4.645161290322581
Running Shoes Pro,Denim Jacket,0.002857142857142857,0.12000000000000001,4.645161290322581
Cycling Gloves,Fitness Tracker Pro,0.0032142857142857142,0.13043478260869565,4.642593957258659
Sketch Pens Pro,Puzzle Book,0.0032142857142857142,0.13043478260869565,4.642593957258659
Puzzle Book,Sketch Pens Pro,0.0032142857142857142,0.11440677966101694,4.642593957258658
Fitness Tracker Pro,Cycling Gloves,0.0032142857142857142,0.11440677966101694,4.642593957258658
Sunscreen,Hair Dryer,0.002380952380952381,0.10152284263959391,4.634738468329287
Hair Dryer,Sunscreen,0.002380952380952381,0.10869565217391304,4.634738468329287
Dumbbell Set Pro,Foam Roller Pro,0.002976190476190476,0.1152073732718894,4.630344188918043
Foam Roller Pro,Dumbbell Set Pro,0.002976190476190476,0.11961722488038276,4.630344188918042
Power Bank,Wireless Mouse,0.0033333333333333335,0.11570247933884298,4.628099173553719
Wireless Mouse,Power Bank,0.0033333333333333335,0.13333333333333333,4.628099173553719
Sketch Pens Pro,Planner Diary,0.002619047619047619,0.10628019323671496,4.625666441390703
Planner Diary,Sketch Pens Pro,0.002619047619047619,0.11398963730569947,4.625666441390703
Non-stick Pan,Wall Clock Pro,0.0027380952380952383,0.11616161616161616,4.624443487002728
Wall Clock Pro,Bedsheet Set,0.0027380952380952383,0.10900473933649289,4.624443487002728
Wall Clock Pro,Non-stick Pan,0.0027380952380952383,0.10900473933649289,4.624443487002728
Bedsheet Set,Wall Clock Pro,0.0027380952380952383,0.11616161616161616,4.624443487002728
Desk Organizer,Sticky Notes,0.0027380952380952383,0.11111111111111112,4.620462046204621
Sticky Notes,Desk Organizer,0.0027380952380952383,0.11386138613861387,4.62046204620462
Mechanical Keyboard,Bluetooth Speaker,0.0030952380952380953,0.11872146118721462,4.616945712836124
Bluetooth Speaker,Mechanical Keyboard,0.0030952380952380953,0.12037037037037038,4.616945712836124
Hair Dryer,Face Wash Pro,0.002380952380952381,0.10869565217391304,4.61133069828722
Face Wash Pro,Hair Dryer,0.002380952380952381,0.10101010101010101,4.61133069828722
Dumbbell Set,Fitness Tracker,0.002619047619047619,0.12021857923497267,4.611123587094842
Fitness Tracker,Dumbbell Set,0.002619047619047619,0.1004566210045662,4.611123587094842
USB-C Cable Pro,Mechanical Keyboard Pro,0.002857142857142857,0.1256544502617801,4.609158874231235
Mechanical Keyboard Pro,USB-C Cable Pro,0.002857142857142857,0.10480349344978165,4.609158874231235
Perfume,Moisturizer,0.002976190476190476,0.1152073732718894,4.608294930875576
Moisturizer,Perfume,0.002976190476190476,0.11904761904761904,4.608294930875576
Body Lotion,Face Wash Pro,0.002857142857142857,0.1085972850678733,4.607157548334019
Face Wash Pro,Body Lotion,0.002857142857142857,0.1212121212121212,4.607157548334018
USB-C Cable,Power Bank,0.0033333333333333335,0.13270142180094788,4.606165054247778
Power Bank,USB-C Cable,0.0033333333333333335,0.11570247933884298,4.606165054247777
Laptop Stand,Wireless Earbuds,0.002619047619047619,0.10679611650485436,4.600448095593726
Wireless Earbuds,Laptop Stand,0.002619047619047619,0.11282051282051281,4.600448095593726
Fountain Pen,Sketch Pens,0.002857142857142857,0.11059907834101383,4.599169594378793
Sketch Pens,Fountain Pen,0.002857142857142857,0.11881188118811882,4.599169594378793
Wall Clock,Air Fryer,0.0027380952380952383,0.11274509803921569,4.597372929754426
Air Fryer,Wall Clock,0.0027380952380952383,0.11165048543689321,4.597372929754426
Mechanical Keyboard,Power Bank,0.0034523809523809524,0.1324200913242009,4.596399864145817
Power Bank,Mechanical Keyboard,0.0034523809523809524,0.11983471074380166,4.596399864145817
Cycling Gloves Pro,Dumbbell Set,0.002380952380952381,0.10000000000000002,4.59016393442623
Dumbbell Set,Cycling Gloves Pro,0.002380952380952381,0.10928961748633881,4.59016393442623
Running Shoes,Analog Watch,0.0025,0.11475409836065574,4.590163934426229
Analog Watch,Running Shoes,0.0025,0.09999999999999999,4.590163934426229
Analog Watch Pro,Backpack Pro,0.0030952380952380953,0.12560386473429952,4.587271581600504
Backpack Pro,Analog Watch Pro,0.0030952380952380953,0.11304347826086956,4.587271581600504
Resistance Bands,Foam Roller,0.002976190476190476,0.11848341232227487,4.5864546705396725
Foam Roller,Resistance Bands,0.002976190476190476,0.1152073732718894,4.5864546705396725
Trimmer,Face Wash Pro,0.0027380952380952383,0.10798122065727701,4.581021482429934
Face Wash Pro,Trimmer,0.0027380952380952383,0.11616161616161616,4.581021482429933
Knife Set Pro,Ceramic Mug Set,0.0027380952380952383,0.11004784688995216,4.576247098394051
Ceramic Mug Set,Knife Set Pro,0.0027380952380952383,0.11386138613861387,4.57624709839405
Wall Clock,Non-stick Pan,0.002619047619047619,0.10784313725490195,4.57516339869281
Non-stick Pan,Wall Clock,0.002619047619047619,0.1111111111111111,4.57516339869281
Wall Clock,Air Fryer Pro,0.002976190476190476,0.12254901960784313,4.57516339869281
Air Fryer Pro,Wall Clock,0.002976190476190476,0.1111111111111111,4.57516339869281
Storage Boxes,Ceramic Mug Set,0.002619047619047619,0.11,4.574257425742575
Ceramic Mug Set,Storage Boxes,0.002619047619047619,0.10891089108910891,4.574257425742575
Wall Clock Pro,Knife Set Pro,0.002857142857142857,0.11374407582938388,4.571532234291027
Cotton T-Shirt Pro,Formal Shirt Pro,0.002857142857142857,0.11374407582938388,4.571532234291027
Knife Set Pro,Wall Clock Pro,0.002857142857142857,0.11483253588516745,4.571532234291026
Formal Shirt Pro,Cotton T-Shirt Pro,0.002857142857142857,0.11483253588516745,4.571532234291026
Dumbbell Set,Football Pro,0.0025,0.11475409836065574,4.568409602983451
Football Pro,Dumbbell Set,0.0025,0.0995260663507109,4.568409602983451
Hair Dryer,Moisturizer,0.0025,0.11413043478260869,4.565217391304348
Moisturizer,Hair Dryer,0.0025,0.09999999999999999,4.565217391304347
Phone Case Pro,Bluetooth Speaker,0.002976190476190476,0.11737089201877934,4.5644235785080856
Bluetooth Speaker,Phone Case Pro,0.002976190476190476,0.11574074074074074,4.5644235785080856
Fountain Pen Pro,Puzzle Book,0.0036904761904761906,0.12809917355371903,4.559462109539152
Puzzle Book,Fountain Pen Pro,0.0036904761904761906,0.13135593220338984,4.559462109539152
Shampoo,Trimmer,0.002380952380952381,0.115606936416185,4.559146788243916
Trimmer,Shampoo,0.002380952380952381,0.09389671361502348,4.559146788243915
Bookmark Set,Sketch Pens,0.002619047619047619,0.10945273631840796,4.551499926112014
Sketch Pens,Bookmark Set,0.002619047619047619,0.10891089108910891,4.551499926112014
Skipping Rope Pro,Gym Bag Pro,0.002976190476190476,0.13089005235602094,4.5432910735147765
Gym Bag Pro,Skipping Rope Pro,0.002976190476190476,0.10330578512396693,4.5432910735147765
Leather Wallet,Formal Shirt Pro,0.002380952380952381,0.11299435028248589,4.54139972427216
Formal Shirt Pro,Leather Wallet,0.002380952380952381,0.09569377990430622,4.54139972427216
Skipping Rope,Water Bottle Pro,0.0030952380952380953,0.11555555555555556,4.53582554517134
Water Bottle Pro,Resistance Bands Pro,0.0030952380952380953,0.12149532710280375,4.53582554517134
Resistance Bands Pro,Water Bottle Pro,0.0030952380952380953,0.11555555555555556,4.53582554517134
Water Bottle Pro,Skipping Rope,0.0030952380952380953,0.12149532710280375,4.53582554517134
Knife Set Pro,LED Desk Lamp,0.002619047619047619,0.10526315789473684,4.534412955465586
LED Desk Lamp,Knife Set Pro,0.002619047619047619,0.11282051282051281,4.534412955465586
Cushion Cover Set,Wall Clock Pro,0.0027380952380952383,0.11386138613861387,4.532870348646239
Wall Clock Pro,Cushion Cover Set,0.0027380952380952383,0.10900473933649289,4.532870348646239
Foam Roller,Water Bottle Pro,0.002976190476190476,0.1152073732718894,4.522158577027435
Water Bottle Pro,Foam Roller,0.002976190476190476,0.11682242990654206,4.522158577027435
Winter Hoodie Pro,Leather Wallet Pro,0.0027380952380952383,0.1155778894472362,4.515601262124577
Leather Wallet Pro,Winter Hoodie Pro,0.0027380952380952383,0.10697674418604652,4.515601262124577
Wireless Mouse,Wireless Earbuds,0.002619047619047619,0.10476190476190475,4.512820512820512
Wireless Earbuds,Wireless Mouse,0.002619047619047619,0.11282051282051281,4.512820512820512
Running Shoes,Sports Cap Pro,0.0027380952380952383,0.12568306010928962,4.5116995936668065
Sports Cap Pro,Running Shoes,0.0027380952380952383,0.09829059829059829,4.5116995936668065
Sports Cap Pro,Analog Watch Pro,0.0030952380952380953,0.1111111111111111,4.508856682769726
Analog Watch Pro,Sports Cap Pro,0.0030952380952380953,0.12560386473429952,4.508856682769726
Cotton T-Shirt,Leather Wallet,0.0020238095238095236,0.09497206703910614,4.507148944228766
Leather Wallet,Cotton T-Shirt,0.0020238095238095236,0.09604519774011298,4.507148944228765
Sticky Notes,Fiction Novel,0.002619047619047619,0.10891089108910891,4.5066575623079554
Fiction Novel,Sticky Notes,0.002619047619047619,0.1083743842364532,4.506657562307955
Trimmer,Hair Dryer Pro,0.002976190476190476,0.11737089201877934,4.5018972281175635
Hair Dryer Pro,Trimmer,0.002976190476190476,0.1141552511415525,4.5018972281175635
Cotton T-Shirt Pro,Backpack Pro,0.0030952380952380953,0.12322274881516587,4.50030908716258
Backpack Pro,Cotton T-Shirt Pro,0.0030952380952380953,0.11304347826086956,4.50030908716258
Desk Organizer,Fountain Pen,0.002857142857142857,0.11594202898550725,4.488078541374474
Fountain Pen,Desk Organizer,0.002857142857142857,0.11059907834101383,4.488078541374474
Wireless Mouse Pro,Power Bank Pro,0.002619047619047619,0.1111111111111111,4.487179487179486
Power Bank Pro,Wireless Mouse Pro,0.002619047619047619,0.10576923076923075,4.487179487179486
Sticky Notes,Planner Diary Pro,0.0030952380952380953,0.12871287128712872,4.486257754406147
Planner Diary Pro,Sticky Notes,0.0030952380952380953,0.1078838174273859,4.486257754406147
Webcam,Smart Watch,0.002857142857142857,0.11374407582938388,4.485681863694013
Smart Watch,Webcam,0.002857142857142857,0.11267605633802817,4.485681863694012
Bookmark Set Pro,Fountain Pen Pro,0.0032142857142857142,0.12918660287081338,4.4841630748546795
Fountain Pen Pro,Bookmark Set Pro,0.0032142857142857142,0.1115702479338843,4.4841630748546795
Face Wash,Sunscreen Pro,0.0032142857142857142,0.11688311688311688,4.483188044831881
Sunscreen Pro,Face Wash,0.0032142857142857142,0.1232876712328767,4.483188044831881
Sunglasses Pro,Cotton T-Shirt,0.002261904761904762,0.09547738693467338,4.480503074029365
Cotton T-Shirt,Sunglasses Pro,0.002261904761904762,0.10614525139664804,4.4805030740293645
Resistance Bands Pro,Cycling Gloves Pro,0.002857142857142857,0.10666666666666667,4.48
Running Shoes Pro,Denim Jacket Pro,0.002857142857142857,0.12000000000000001,4.48
Denim Jacket Pro,Running Shoes Pro,0.002857142857142857,0.10666666666666667,4.48
Skipping Rope,Cycling Gloves Pro,0.002857142857142857,0.10666666666666667,4.48
Cycling Gloves Pro,Resistance Bands Pro,0.002857142857142857,0.12000000000000001,4.48
Cycling Gloves Pro,Skipping Rope,0.002857142857142857,0.12000000000000001,4.48
USB-C Cable Pro,Bluetooth Speaker,0.002619047619047619,0.11518324607329843,4.47934845840605
Bluetooth Speaker,USB-C Cable Pro,0.002619047619047619,0.10185185185185185,4.47934845840605
Fountain Pen Pro,Fountain Pen,0.0033333333333333335,0.11570247933884298,4.47880565182618
Fountain Pen,Fountain Pen Pro,0.0033333333333333335,0.12903225806451613,4.478805651826179
Sunscreen Pro,Sunscreen,0.0027380952380952383,0.10502283105022832,4.4781308671163345
Sunscreen,Sunscreen Pro,0.0027380952380952383,0.116751269035533,4.4781308671163345
Leather Wallet Pro,Winter Hoodie,0.002619047619047619,0.10232558139534884,4.476744186046512
Winter Hoodie,Leather Wallet Pro,0.002619047619047619,0.11458333333333333,4.476744186046512
Water Bottle,Dumbbell Set Pro,0.0027380952380952383,0.1155778894472362,4.473982817312369
Dumbbell Set Pro,Water Bottle,0.0027380952380952383,0.10599078341013826,4.473982817312369
Gym Bag Pro,Resistance Bands Pro,0.0034523809523809524,0.11983471074380166,4.473829201101929
Resistance Bands Pro,Gym Bag Pro,0.0034523809523809524,0.1288888888888889,4.473829201101928
Notebook Set,Puzzle Book Pro,0.0030952380952380953,0.11555555555555556,4.473118279569893
Puzzle Book Pro,Notebook Set,0.0030952380952380953,0.11981566820276499,4.473118279569893
LED Desk Lamp Pro,Cushion Cover Set,0.0027380952380952383,0.1074766355140187,4.46932543721662
Cushion Cover Set,LED Desk Lamp Pro,0.0027380952380952383,0.11386138613861387,4.469325437216619
Yoga Mat,Fitness Tracker,0.002857142857142857,0.11650485436893204,4.468679345657668
Fitness Tracker,Yoga Mat,0.002857142857142857,0.1095890410958904,4.468679345657667
Wireless Mouse,Laptop Stand,0.0027380952380952383,0.10952380952380952,4.466019417475728
Laptop Stand,Wireless Mouse,0.0027380952380952383,0.11165048543689321,4.466019417475728
Resistance Bands Pro,Foam Roller Pro,0.002976190476190476,0.1111111111111111,4.4657097288676235
Foam Roller Pro,Resistance Bands Pro,0.002976190476190476,0.11961722488038276,4.4657097288676235
Fiction Novel,Planner Diary Pro,0.0030952380952380953,0.12807881773399016,4.4641579625125205
Planner Diary Pro,Fiction Novel,0.0030952380952380953,0.1078838174273859,4.46415796251252
Running Shoes Pro,Analog Watch Pro,0.002619047619047619,0.11,4.463768115942029
Analog Watch Pro,Running Shoes Pro,0.002619047619047619,0.10628019323671496,4.463768115942028
Skipping Rope Pro,Dumbbell Set Pro,0.002619047619047619,0.11518324607329843,4.458706299611552
Dumbbell Set Pro,Skipping Rope Pro,0.002619047619047619,0.10138248847926266,4.458706299611552
Dumbbell Set,Yoga Mat,0.002380952380952381,0.10928961748633881,4.456469839248767
Yoga Mat,Dumbbell Set,0.002380952380952381,0.09708737864077671,4.456469839248767
Sunglasses Pro,Winter Hoodie Pro,0.0025,0.10552763819095479,4.454432968864423
Winter Hoodie Pro,Sunglasses Pro,0.0025,0.10552763819095479,4.454432968864423
Ceramic Mug Set,Ceramic Mug Set Pro,0.002380952380952381,0.09900990099009903,4.447503573886801
Ceramic Mug Set Pro,Ceramic Mug Set,0.002380952380952381,0.10695187165775402,4.447503573886801
Fitness Tracker,Cycling Gloves,0.002857142857142857,0.1095890410958904,4.447091522731784
Cycling Gloves,Fitness Tracker,0.002857142857142857,0.11594202898550725,4.447091522731784
Foam Roller,Foam Roller Pro,0.002857142857142857,0.11059907834101383,4.445130421361322
Foam Roller Pro,Foam Roller,0.002857142857142857,0.11483253588516745,4.445130421361321
Laptop Stand,Wireless Earbuds Pro,0.0027380952380952383,0.11165048543689321,4.444853448672526
Wireless Earbuds Pro,Laptop Stand,0.0027380952380952383,0.10900473933649289,4.444853448672526
Analog Watch,Denim Jacket Pro,0.002976190476190476,0.11904761904761904,4.444444444444445
Analog Watch Pro,Analog Watch,0.0027380952380952383,0.11111111111111112,4.444444444444445
Analog Watch,Analog Watch Pro,0.0027380952380952383,0.10952380952380952,4.444444444444445
Webcam Pro,Wireless Mouse,0.002619047619047619,0.1111111111111111,4.444444444444444
Wireless Mouse,Webcam Pro,0.002619047619047619,0.10476190476190475,4.444444444444444
Denim Jacket Pro,Analog Watch,0.002976190476190476,0.1111111111111111,4.444444444444444
Hair Dryer Pro,Face Mask Pack,0.002619047619047619,0.1004566210045662,4.441240086517664
Face Mask Pack,Hair Dryer Pro,0.002619047619047619,0.11578947368421053,4.441240086517664
Ceramic Mug Set,Air Fryer,0.002619047619047619,0.10891089108910891,4.441026626934538
Air Fryer,Ceramic Mug Set,0.002619047619047619,0.10679611650485436,4.441026626934538
USB-C Cable Pro,Power Bank Pro,0.0025,0.1099476439790576,4.440193314538864
Power Bank Pro,USB-C Cable Pro,0.0025,0.10096153846153846,4.440193314538864
Sticky Notes Pro,Fountain Pen,0.002976190476190476,0.1146788990825688,4.439183190292986
Fountain Pen,Sticky Notes Pro,0.002976190476190476,0.1152073732718894,4.439183190292986
Dumbbell Set,Gym Bag,0.002380952380952381,0.10928961748633881,4.434940999445633
Gym Bag,Dumbbell Set,0.002380952380952381,0.09661835748792272,4.434940999445633
Water Bottle,Fitness Tracker,0.0027380952380952383,0.1155778894472362,4.433124526743306
Fitness Tracker,Water Bottle,0.0027380952380952383,0.10502283105022832,4.433124526743306
Non-stick Pan Pro,Bedsheet Set,0.0025,0.10447761194029852,4.432383536861149
Bedsheet Set,Non-stick Pan Pro,0.0025,0.10606060606060605,4.432383536861148
Football,Football Pro,0.0027380952380952383,0.11111111111111112,4.423380726698262
Webcam,Bluetooth Speaker Pro,0.002857142857142857,0.11374407582938388,4.423380726698262
Football Pro,Football,0.0027380952380952383,0.10900473933649289,4.423380726698262
Bluetooth Speaker Pro,Webcam,0.002857142857142857,0.11111111111111112,4.423380726698262
Face Mask Pack Pro,Face Wash Pro,0.002619047619047619,0.10426540284360189,4.423380726698261
Face Wash Pro,Face Mask Pack Pro,0.002619047619047619,0.1111111111111111,4.423380726698261
Planner Diary,Desk Organizer Pro,0.002261904761904762,0.09844559585492228,4.422155107921643
Desk Organizer Pro,Planner Diary,0.002261904761904762,0.10160427807486631,4.422155107921642
Formal Shirt Pro,Running Shoes Pro,0.002619047619047619,0.10526315789473684,4.421052631578948
Running Shoes Pro,Formal Shirt Pro,0.002619047619047619,0.11,4.421052631578947
Knife Set,Storage Boxes Pro,0.0030952380952380953,0.11872146118721462,4.412656079524791
Storage Boxes Pro,Knife Set,0.0030952380952380953,0.11504424778761063,4.412656079524791
Fitness Tracker Pro,Gym Bag Pro,0.0035714285714285713,0.1271186440677966,4.412382686650791
Gym Bag Pro,Fitness Tracker Pro,0.0035714285714285713,0.12396694214876033,4.412382686650791
Winter Hoodie Pro,Backpack Pro,0.002857142857142857,0.1206030150753769,4.404631854926809
Backpack Pro,Winter Hoodie Pro,0.002857142857142857,0.10434782608695652,4.404631854926808
Trimmer,Sunscreen,0.002619047619047619,0.10328638497652583,4.404089511689426
Sunscreen,Trimmer,0.002619047619047619,0.11167512690355329,4.404089511689426
Face Mask Pack Pro,Perfume,0.002857142857142857,0.11374407582938388,4.402996483718086
Perfume,Face Mask Pack Pro,0.002857142857142857,0.11059907834101383,4.402996483718086
Analog Watch,Formal Shirt Pro,0.0027380952380952383,0.10952380952380952,4.401913875598086
Formal Shirt Pro,Analog Watch,0.0027380952380952383,0.11004784688995216,4.401913875598086
Winter Hoodie,Cotton T-Shirt,0.002142857142857143,0.09375,4.399441340782123
Cotton T-Shirt,Winter Hoodie,0.002142857142857143,0.1005586592178771,4.399441340782123
Sunglasses Pro,Winter Hoodie,0.002380952380952381,0.10050251256281409,4.3969849246231165
Winter Hoodie,Sunglasses Pro,0.002380952380952381,0.10416666666666667,4.396984924623116
Formal Shirt Pro,Winter Hoodie,0.0025,0.10047846889952153,4.395933014354067
Winter Hoodie,Formal Shirt Pro,0.0025,0.109375,4.395933014354067
Lipstick Pro,Sunscreen,0.0025,0.10294117647058824,4.389369961182442
Sunscreen,Lipstick Pro,0.0025,0.1065989847715736,4.389369961182442
Fitness Tracker Pro,Resistance Bands,0.0030952380952380953,0.11016949152542373,4.385894449353361
Resistance Bands,Fitness Tracker Pro,0.0030952380952380953,0.12322274881516587,4.385894449353361
Wireless Mouse,Mechanical Keyboard,0.002857142857142857,0.11428571428571428,4.383561643835616
Mechanical Keyboard,Wireless Mouse,0.002857142857142857,0.1095890410958904,4.383561643835616
Power Bank,Webcam Pro,0.002976190476190476,0.10330578512396693,4.3826696719258695
Webcam Pro,Power Bank,0.002976190476190476,0.12626262626262624,4.3826696719258695
Wireless Mouse Pro,Phone Case Pro,0.002619047619047619,0.1111111111111111,4.381846635367762
Phone Case Pro,Wireless Mouse Pro,0.002619047619047619,0.10328638497652583,4.381846635367762
Power Bank,Laptop Stand,0.0030952380952380953,0.10743801652892562,4.380967664286287
Laptop Stand,Power Bank,0.0030952380952380953,0.1262135922330097,4.380967664286287
Perfume,Body Lotion,0.002976190476190476,0.1152073732718894,4.3789227849948915
Body Lotion,Perfume,0.002976190476190476,0.11312217194570134,4.378922784994891
Desk Organizer,Planner Diary Pro,0.0030952380952380953,0.12560386473429952,4.377894040531602
Planner Diary Pro,Desk Organizer,0.0030952380952380953,0.1078838174273859,4.377894040531602
Electric Kettle,Ceramic Mug Set,0.002619047619047619,0.10526315789473684,4.377279833246482
Ceramic Mug Set,Electric Kettle,0.002619047619047619,0.10891089108910891,4.377279833246482
Body Lotion Pro,Trimmer Pro,0.002619047619047619,0.11282051282051281,4.367245657568238
Trimmer Pro,Body Lotion Pro,0.002619047619047619,0.10138248847926266,4.367245657568238
Fiction Novel,Sticky Notes Pro,0.0027380952380952383,0.11330049261083745,4.3657070547295165
Sticky Notes Pro,Fiction Novel,0.0027380952380952383,0.10550458715596331,4.3657070547295165
Phone Case,Bluetooth Speaker,0.0027380952380952383,0.11219512195121951,4.363143631436315
Bluetooth Speaker,Phone Case,0.0027380952380952383,0.1064814814814815,4.363143631436315
Moisturizer,Face Mask Pack Pro,0.0027380952380952383,0.10952380952380952,4.360189573459715
Face Mask Pack Pro,Moisturizer,0.0027380952380952383,0.10900473933649289,4.360189573459715
Fountain Pen Pro,Desk Organizer,0.0030952380952380953,0.10743801652892562,4.359803569289736
Desk Organizer,Fountain Pen Pro,0.0030952380952380953,0.12560386473429952,4.359803569289736
Planner Diary Pro,Fiction Novel Pro,0.002857142857142857,0.09958506224066391,4.356846473029046
Fiction Novel Pro,Planner Diary Pro,0.002857142857142857,0.125,4.356846473029046
Storage Boxes Pro,Bedsheet Set Pro,0.002857142857142857,0.10619469026548672,4.351392186488236
Bedsheet Set Pro,Storage Boxes Pro,0.002857142857142857,0.11707317073170731,4.351392186488236
Dumbbell Set,Resistance Bands,0.002380952380952381,0.10928961748633881,4.350866288555668
Resistance Bands,Dumbbell Set,0.002380952380952381,0.09478672985781991,4.350866288555668
Air Fryer,Air Fryer Pro,0.002857142857142857,0.11650485436893204,4.349514563106797
Air Fryer Pro,Air Fryer,0.002857142857142857,0.10666666666666667,4.349514563106796
Face Wash,Hair Dryer,0.002619047619047619,0.09523809523809523,4.3478260869565215
Hair Dryer,Face Wash,0.002619047619047619,0.11956521739130434,4.3478260869565215
Perfume Pro,Lipstick Pro,0.0027380952380952383,0.10550458715596331,4.344306529951431
Lipstick Pro,Perfume Pro,0.0027380952380952383,0.11274509803921569,4.34430652995143
USB-C Cable,Laptop Stand Pro,0.002857142857142857,0.11374407582938388,4.342955622576476
Laptop Stand Pro,USB-C Cable,0.002857142857142857,0.10909090909090909,4.342955622576475
Art Supplies Kit,Sticky Notes Pro,0.002857142857142857,0.11267605633802817,4.341646207520352
Sticky Notes Pro,Art Supplies Kit,0.002857142857142857,0.11009174311926606,4.341646207520352
Leather Wallet Pro,Sports Cap Pro,0.0030952380952380953,0.12093023255813955,4.34108527131783
Sports Cap Pro,Leather Wallet Pro,0.0030952380952380953,0.1111111111111111,4.341085271317829
USB-C Cable,Wireless Earbuds Pro,0.0027380952380952383,0.10900473933649289,4.339525167898295
Wireless Earbuds Pro,USB-C Cable,0.0027380952380952383,0.10900473933649289,4.339525167898295
Resistance Bands,Football Pro,0.0027380952380952383,0.10900473933649289,4.339525167898295
Football Pro,Resistance Bands,0.0027380952380952383,0.10900473933649289,4.339525167898295
Planner Diary Pro,Puzzle Book Pro,0.0032142857142857142,0.11203319502074689,4.336768839512783
Puzzle Book Pro,Planner Diary Pro,0.0032142857142857142,0.12442396313364056,4.336768839512783
Laptop Stand Pro,Mechanical Keyboard Pro,0.0030952380952380953,0.11818181818181818,4.335053592695514
Mechanical Keyboard Pro,Laptop Stand Pro,0.0030952380952380953,0.11353711790393013,4.335053592695514
Wall Clock,Electric Kettle,0.002619047619047619,0.10784313725490195,4.334365325077399
Electric Kettle,Wall Clock,0.002619047619047619,0.10526315789473684,4.334365325077399
Football,Skipping Rope,0.002857142857142857,0.11594202898550725,4.328502415458938
Skipping Rope,Football,0.002857142857142857,0.10666666666666667,4.328502415458938
Electric Kettle,LED Desk Lamp,0.0025,0.10047846889952153,4.328303275671696
LED Desk Lamp,Electric Kettle,0.0025,0.10769230769230768,4.328303275671696
LED Desk Lamp,Knife Set,0.002619047619047619,0.11282051282051281,4.327362135581313
Knife Set,LED Desk Lamp,0.002619047619047619,0.1004566210045662,4.327362135581313
Wireless Mouse Pro,Laptop Stand,0.0025,0.10606060606060605,4.324801412180053
Laptop Stand,Wireless Mouse Pro,0.0025,0.10194174757281553,4.324801412180053
Sunscreen Pro,Lipstick Pro,0.0027380952380952383,0.10502283105022832,4.3244695138329305
Lipstick Pro,Sunscreen Pro,0.0027380952380952383,0.11274509803921569,4.3244695138329305
Mechanical Keyboard,Phone Case Pro,0.002857142857142857,0.1095890410958904,4.321821338992861
Sunscreen Pro,Trimmer,0.002857142857142857,0.1095890410958904,4.321821338992861
Trimmer,Sunscreen Pro,0.002857142857142857,0.11267605633802817,4.321821338992861
Phone Case Pro,Mechanical Keyboard,0.002857142857142857,0.11267605633802817,4.321821338992861
Foam Roller Pro,Water Bottle Pro,0.0027380952380952383,0.11004784688995216,4.319635111568216
Water Bottle Pro,Foam Roller Pro,0.0027380952380952383,0.1074766355140187,4.319635111568216
LED Desk Lamp Pro,Storage Boxes,0.002619047619047619,0.102803738317757,4.317757009345795
Storage Boxes,LED Desk Lamp Pro,0.002619047619047619,0.11,4.317757009345795
Smart Watch Pro,Mechanical Keyboard Pro,0.0030952380952380953,0.11764705882352941,4.315437965579245
Mechanical Keyboard Pro,Smart Watch Pro,0.0030952380952380953,0.11353711790393013,4.315437965579244
Gym Bag,Football,0.002619047619047619,0.10628019323671496,4.312819435692781
Football,Gym Bag,0.002619047619047619,0.10628019323671496,4.312819435692781
Non-stick Pan,Ceramic Mug Set Pro,0.002261904761904762,0.09595959595959595,4.310484524388268
Ceramic Mug Set Pro,Non-stick Pan,0.002261904761904762,0.10160427807486631,4.310484524388268
Puzzle Book,Art Supplies Kit Pro,0.0027380952380952383,0.09745762711864407,4.308652988403212
Art Supplies Kit Pro,Puzzle Book,0.0027380952380952383,0.12105263157894738,4.308652988403212
Analog Watch Pro,Backpack,0.0025,0.10144927536231885,4.303908651734739
Backpack,Analog Watch Pro,0.0025,0.10606060606060605,4.303908651734738
Non-stick Pan Pro,Wall Clock,0.0025,0.10447761194029852,4.302019315188763
Wall Clock,Non-stick Pan Pro,0.0025,0.10294117647058824,4.302019315188763
Foam Roller,Cycling Gloves,0.0027380952380952383,0.10599078341013826,4.301075268817205
Cycling Gloves,Foam Roller,0.0027380952380952383,0.11111111111111112,4.301075268817205
Face Wash Pro,Trimmer Pro,0.002619047619047619,0.1111111111111111,4.301075268817204
Trimmer Pro,Face Wash Pro,0.002619047619047619,0.10138248847926266,4.301075268817204
Lipstick,Face Mask Pack Pro,0.0027380952380952383,0.10798122065727701,4.298778452706762
Face Mask Pack Pro,Lipstick,0.0027380952380952383,0.10900473933649289,4.298778452706762
Webcam,Wireless Earbuds,0.0025,0.0995260663507109,4.287276704338316
Cotton T-Shirt Pro,Sports Cap,0.0025,0.0995260663507109,4.287276704338316
Sports Cap,Cotton T-Shirt Pro,0.0025,0.10769230769230768,4.287276704338315
Wireless Earbuds,Webcam,0.0025,0.10769230769230768,4.287276704338315
Foam Roller Pro,Skipping Rope,0.002857142857142857,0.11483253588516745,4.287081339712919
Skipping Rope,Foam Roller Pro,0.002857142857142857,0.10666666666666667,4.287081339712919
Shampoo Pro,Hair Dryer,0.002380952380952381,0.09389671361502348,4.286589099816289
Hair Dryer,Shampoo Pro,0.002380952380952381,0.10869565217391304,4.286589099816289
Running Shoes,Denim Jacket Pro,0.0025,0.11475409836065574,4.284153005464481
Denim Jacket Pro,Running Shoes,0.0025,0.09333333333333334,4.284153005464481
Smart Watch Pro,Smart Watch,0.002857142857142857,0.1085972850678733,4.28270983366261
Smart Watch,Smart Watch Pro,0.002857142857142857,0.11267605633802817,4.282709833662609
Trimmer Pro,Perfume,0.002857142857142857,0.11059907834101383,4.2812546454586
Perfume,Trimmer Pro,0.002857142857142857,0.11059907834101383,4.2812546454586
Wall Clock,Cushion Cover Set,0.0025,0.10294117647058824,4.280722189866046
Cushion Cover Set,Wall Clock,0.0025,0.10396039603960397,4.2807221898660455
Gym Bag Pro,Fitness Tracker,0.0032142857142857142,0.1115702479338843,4.279406770066795
Fitness Tracker,Gym Bag Pro,0.0032142857142857142,0.1232876712328767,4.279406770066795
Wireless Earbuds Pro,Phone Case,0.002619047619047619,0.10426540284360189,4.272338457981736
Phone Case,Wireless Earbuds Pro,0.002619047619047619,0.1073170731707317,4.272338457981736
Air Fryer Pro,Non-stick Pan Pro,0.0027380952380952383,0.10222222222222223,4.271973466003317
Non-stick Pan Pro,Air Fryer Pro,0.0027380952380952383,0.11442786069651742,4.271973466003317
Desk Organizer,Art Supplies Kit Pro,0.002380952380952381,0.09661835748792272,4.271548436308162
Art Supplies Kit Pro,Desk Organizer,0.002380952380952381,0.10526315789473685,4.271548436308162
Cycling Gloves,Foam Roller Pro,0.002619047619047619,0.10628019323671496,4.271548436308161
Bookmark Set Pro,Desk Organizer,0.002619047619047619,0.10526315789473684,4.271548436308161
Desk Organizer,Bookmark Set Pro,0.002619047619047619,0.10628019323671496,4.271548436308161
Foam Roller Pro,Cycling Gloves,0.002619047619047619,0.10526315789473684,4.271548436308161
Cushion Cover Set,LED Desk Lamp,0.002380952380952381,0.09900990099009903,4.265041888804266
LED Desk Lamp,Cushion Cover Set,0.002380952380952381,0.10256410256410257,4.265041888804266
Foam Roller,Fitness Tracker Pro,0.0030952380952380953,0.11981566820276499,4.2646254784035
Fitness Tracker Pro,Foam Roller,0.0030952380952380953,0.11016949152542373,4.264625478403499
Face Mask Pack,Sunscreen,0.002261904761904762,0.1,4.2639593908629445
Sunscreen,Face Mask Pack,0.002261904761904762,0.09644670050761421,4.2639593908629445
Sunscreen,Moisturizer,0.0025,0.1065989847715736,4.263959390862944
Moisturizer,Sunscreen,0.0025,0.09999999999999999,4.263959390862944
Fiction Novel Pro,Notebook Set Pro,0.002261904761904762,0.09895833333333333,4.262820512820513
Notebook Set Pro,Fiction Novel Pro,0.002261904761904762,0.09743589743589744,4.262820512820513
Webcam Pro,Mechanical Keyboard,0.002619047619047619,0.1111111111111111,4.26179604261796
Mechanical Keyboard,Webcam Pro,0.002619047619047619,0.1004566210045662,4.26179604261796
Electric Kettle Pro,Ceramic Mug Set,0.0025,0.10243902439024391,4.2598406182081625
Ceramic Mug Set,Electric Kettle Pro,0.0025,0.10396039603960397,4.2598406182081625
Lipstick,Trimmer,0.0027380952380952383,0.10798122065727701,4.258414335779939
Trimmer,Lipstick,0.0027380952380952383,0.10798122065727701,4.258414335779939
Foam Roller,Skipping Rope Pro,0.0025,0.0967741935483871,4.256037831447391
Skipping Rope Pro,Foam Roller,0.0025,0.1099476439790576,4.256037831447391
Hair Dryer,Lipstick Pro,0.002261904761904762,0.10326086956521738,4.251918158567775
Lipstick Pro,Hair Dryer,0.002261904761904762,0.09313725490196079,4.251918158567775
Cushion Cover Set,Air Fryer Pro,0.0027380952380952383,0.11386138613861387,4.250825082508252
Air Fryer Pro,Cushion Cover Set,0.0027380952380952383,0.10222222222222223,4.250825082508252
Skipping Rope Pro,Gym Bag,0.002380952380952381,0.10471204188481677,4.249184308369376
Gym Bag,Skipping Rope Pro,0.002380952380952381,0.09661835748792272,4.249184308369376
Bookmark Set,Desk Organizer Pro,0.002261904761904762,0.0945273631840796,4.246148934472025
Desk Organizer Pro,Bookmark Set,0.002261904761904762,0.10160427807486631,4.246148934472025
Sunglasses,Sports Cap Pro,0.002857142857142857,0.11822660098522168,4.244031830238727
Sports Cap Pro,Sunglasses,0.002857142857142857,0.10256410256410256,4.244031830238726
Laptop Stand Pro,Bluetooth Speaker,0.002857142857142857,0.10909090909090909,4.242424242424242
Wireless Mouse Pro,Laptop Stand Pro,0.002619047619047619,0.1111111111111111,4.242424242424242
Laptop Stand Pro,Wireless Mouse Pro,0.002619047619047619,0.09999999999999999,4.242424242424242
Bluetooth Speaker,Laptop Stand Pro,0.002857142857142857,0.11111111111111112,4.242424242424242
Trimmer Pro,Hair Dryer Pro,0.002857142857142857,0.11059907834101383,4.242156429518339
Hair Dryer Pro,Trimmer Pro,0.002857142857142857,0.1095890410958904,4.242156429518339
Mechanical Keyboard,Power Bank Pro,0.0027380952380952383,0.10502283105022832,4.241306638566913
Power Bank Pro,Mechanical Keyboard,0.0027380952380952383,0.11057692307692309,4.241306638566913
USB-C Cable,Bluetooth Speaker Pro,0.0027380952380952383,0.10900473933649289,4.239073196419168
Bluetooth Speaker Pro,USB-C Cable,0.0027380952380952383,0.1064814814814815,4.239073196419168
Phone Case,Power Bank,0.002976190476190476,0.12195121951219512,4.233017536786938
Power Bank,Phone Case,0.002976190476190476,0.10330578512396693,4.233017536786938
Gym Bag,Resistance Bands,0.002619047619047619,0.10628019323671496,4.231059825537468
Resistance Bands,Gym Bag,0.002619047619047619,0.10426540284360189,4.231059825537468
Analog Watch Pro,Cotton T-Shirt Pro,0.002619047619047619,0.10628019323671496,4.231059825537468
Cotton T-Shirt Pro,Analog Watch Pro,0.002619047619047619,0.10426540284360189,4.231059825537468
Electric Kettle,Knife Set Pro,0.002619047619047619,0.10526315789473684,4.230672374716695
Knife Set Pro,Electric Kettle,0.002619047619047619,0.10526315789473684,4.230672374716695
Sketch Pens,Puzzle Book,0.002857142857142857,0.11881188118811882,4.228897466017789
Puzzle Book,Sketch Pens,0.002857142857142857,0.10169491525423728,4.228897466017788
Sketch Pens Pro,Fiction Novel Pro,0.002380952380952381,0.09661835748792272,4.2270531400966185
Fiction Novel Pro,Sketch Pens Pro,0.002380952380952381,0.10416666666666667,4.2270531400966185
Desk Organizer Pro,Sketch Pens,0.002261904761904762,0.10160427807486631,4.225128395192461
Sketch Pens,Desk Organizer Pro,0.002261904761904762,0.09405940594059406,4.225128395192461
Body Lotion Pro,Lipstick Pro,0.002380952380952381,0.10256410256410257,4.223227752639517
Lipstick Pro,Body Lotion Pro,0.002380952380952381,0.09803921568627452,4.223227752639517
Webcam Pro,Smart Watch Pro,0.002619047619047619,0.1111111111111111,4.2232277526395166
Smart Watch Pro,Webcam Pro,0.002619047619047619,0.09954751131221719,4.2232277526395166
Wireless Mouse Pro,USB-C Cable Pro,0.002261904761904762,0.09595959595959595,4.220212597175948
USB-C Cable Pro,Wireless Mouse Pro,0.002261904761904762,0.09947643979057591,4.220212597175947
Electric Kettle,Storage Boxes,0.0025,0.10047846889952153,4.220095693779904
Storage Boxes,Electric Kettle,0.0025,0.10500000000000001,4.220095693779904
Knife Set,Storage Boxes,0.002619047619047619,0.1004566210045662,4.219178082191781
Storage Boxes,Knife Set,0.002619047619047619,0.11,4.219178082191781
Sticky Notes,Sketch Pens Pro,0.0025,0.10396039603960397,4.218682737839002
Sketch Pens Pro,Sticky Notes,0.0025,0.10144927536231885,4.218682737839002
Sticky Notes,Fountain Pen,0.002619047619047619,0.10891089108910891,4.215905461513893
Fountain Pen,Sticky Notes,0.002619047619047619,0.10138248847926266,4.215905461513893
Electric Kettle Pro,LED Desk Lamp Pro,0.002619047619047619,0.1073170731707317,4.212445862776385
LED Desk Lamp Pro,Electric Kettle Pro,0.002619047619047619,0.102803738317757,4.212445862776384
Planner Diary,Puzzle Book Pro,0.0025,0.10880829015544041,4.211933812468661
Puzzle Book Pro,Planner Diary,0.0025,0.0967741935483871,4.211933812468661
USB-C Cable,Power Bank Pro,0.002619047619047619,0.10426540284360189,4.210718191760845
Power Bank Pro,USB-C Cable,0.002619047619047619,0.10576923076923075,4.2107181917608445
Lipstick,Sunscreen,0.0025,0.09859154929577466,4.203903624794452
Sunscreen,Lipstick,0.0025,0.1065989847715736,4.203903624794452
Ceramic Mug Set,Bedsheet Set,0.002380952380952381,0.09900990099009903,4.200420042004201
Bedsheet Set,Ceramic Mug Set,0.002380952380952381,0.10101010101010101,4.2004200420042
Water Bottle,Skipping Rope Pro,0.002261904761904762,0.09547738693467338,4.1990054986976775
Skipping Rope Pro,Water Bottle,0.002261904761904762,0.09947643979057591,4.199005498697677
Analog Watch Pro,Sunglasses,0.0025,0.10144927536231885,4.197901049475263
Sunglasses,Analog Watch Pro,0.0025,0.10344827586206896,4.197901049475262
Electric Kettle Pro,Bedsheet Set Pro,0.0025,0.10243902439024391,4.197501487209994
Bedsheet Set Pro,Electric Kettle Pro,0.0025,0.10243902439024391,4.197501487209994
Backpack Pro,Formal Shirt Pro,0.002857142857142857,0.10434782608695652,4.193883919284376
Formal Shirt Pro,Backpack Pro,0.002857142857142857,0.11483253588516745,4.193883919284376
Yoga Mat Pro,Yoga Mat,0.002619047619047619,0.102803738317757,4.191997096452227
Yoga Mat,Yoga Mat Pro,0.002619047619047619,0.10679611650485436,4.191997096452227
Face Mask Pack Pro,Face Mask Pack,0.002380952380952381,0.09478672985781991,4.190571214766775
Face Mask Pack,Face Mask Pack Pro,0.002380952380952381,0.10526315789473685,4.190571214766774
Sunscreen,Shampoo,0.0020238095238095236,0.08629441624365482,4.190017898535841
Shampoo,Sunscreen,0.0020238095238095236,0.09826589595375723,4.190017898535841
Face Wash,Trimmer Pro,0.002976190476190476,0.10822510822510822,4.189359028068705
Trimmer Pro,Face Wash,0.002976190476190476,0.1152073732718894,4.189359028068705
LED Desk Lamp,Air Fryer,0.002380952380952381,0.10256410256410257,4.182225541448843
Air Fryer,LED Desk Lamp,0.002380952380952381,0.09708737864077671,4.182225541448843
Running Shoes,Backpack,0.002142857142857143,0.09836065573770492,4.172876304023845
Backpack,Running Shoes,0.002142857142857143,0.09090909090909091,4.172876304023845
Face Wash,Perfume Pro,0.002976190476190476,0.10822510822510822,4.170141784820684
Perfume Pro,Face Wash,0.002976190476190476,0.1146788990825688,4.170141784820683
Ceramic Mug Set Pro,Electric Kettle Pro,0.002261904761904762,0.10160427807486631,4.163297247945741
Electric Kettle Pro,Ceramic Mug Set Pro,0.002261904761904762,0.09268292682926829,4.163297247945741
LED Desk Lamp Pro,Non-stick Pan,0.0025,0.09813084112149534,4.163126593033136
Non-stick Pan,LED Desk Lamp Pro,0.0025,0.10606060606060605,4.163126593033135
Water Bottle Pro,Dumbbell Set Pro,0.0027380952380952383,0.1074766355140187,4.16038589086524
Dumbbell Set Pro,Water Bottle Pro,0.0027380952380952383,0.10599078341013826,4.16038589086524
Yoga Mat Pro,Fitness Tracker Pro,0.002976190476190476,0.11682242990654206,4.158086488198954
Fitness Tracker Pro,Yoga Mat Pro,0.002976190476190476,0.1059322033898305,4.158086488198954
Leather Wallet Pro,Analog Watch Pro,0.002619047619047619,0.10232558139534884,4.152342433434446
Analog Watch Pro,Leather Wallet Pro,0.002619047619047619,0.10628019323671496,4.152342433434445
Sunglasses Pro,Running Shoes,0.002142857142857143,0.09045226130653268,4.151907076365434
Running Shoes,Sunglasses Pro,0.002142857142857143,0.09836065573770492,4.1519070763654335
Trimmer,Face Mask Pack,0.002380952380952381,0.09389671361502348,4.151223128243144
Face Mask Pack,Trimmer,0.002380952380952381,0.10526315789473685,4.151223128243144
Skipping Rope,Resistance Bands Pro,0.002976190476190476,0.1111111111111111,4.148148148148148
Resistance Bands Pro,Skipping Rope,0.002976190476190476,0.1111111111111111,4.148148148148148
Cotton T-Shirt,Leather Wallet Pro,0.002261904761904762,0.10614525139664804,4.147070287124854
Leather Wallet Pro,Cotton T-Shirt,0.002261904761904762,0.08837209302325581,4.147070287124854
Cotton T-Shirt Pro,Winter Hoodie,0.002380952380952381,0.09478672985781991,4.146919431279621
Winter Hoodie,Cotton T-Shirt Pro,0.002380952380952381,0.10416666666666667,4.1469194312796205
Ceramic Mug Set Pro,LED Desk Lamp,0.002142857142857143,0.09625668449197862,4.1464417935006175
LED Desk Lamp,Ceramic Mug Set Pro,0.002142857142857143,0.09230769230769231,4.1464417935006175
Art Supplies Kit Pro,Fiction Novel Pro,0.002142857142857143,0.09473684210526316,4.144736842105264
Fiction Novel Pro,Art Supplies Kit Pro,0.002142857142857143,0.09375,4.144736842105263
Body Lotion,Face Mask Pack Pro,0.0027380952380952383,0.10407239819004525,4.1431665630160195
Face Mask Pack Pro,Body Lotion,0.0027380952380952383,0.10900473933649289,4.1431665630160195
Puzzle Book Pro,Desk Organizer Pro,0.002380952380952381,0.09216589861751152,4.140072451267898
Desk Organizer Pro,Puzzle Book Pro,0.002380952380952381,0.10695187165775402,4.140072451267898
Bedsheet Set,Electric Kettle Pro,0.002380952380952381,0.10101010101010101,4.138950480413895
Bedsheet Set,Bedsheet Set Pro,0.002380952380952381,0.10101010101010101,4.138950480413895
Electric Kettle Pro,Bedsheet Set,0.002380952380952381,0.0975609756097561,4.138950480413895
Bedsheet Set Pro,Bedsheet Set,0.002380952380952381,0.0975609756097561,4.138950480413895
Wireless Mouse Pro,Phone Case,0.002380952380952381,0.10101010101010101,4.138950480413895
Phone Case,Wireless Mouse Pro,0.002380952380952381,0.0975609756097561,4.138950480413895
Yoga Mat,Football,0.0025,0.10194174757281553,4.1367665681722245
Football,Yoga Mat,0.0025,0.10144927536231885,4.1367665681722245
Face Mask Pack Pro,Face Wash,0.002857142857142857,0.11374407582938388,4.136148211977596
Face Wash,Face Mask Pack Pro,0.002857142857142857,0.10389610389610389,4.136148211977595
Sports Cap Pro,Denim Jacket,0.002976190476190476,0.10683760683760683,4.1356492969396195
Denim Jacket,Sports Cap Pro,0.002976190476190476,0.1152073732718894,4.1356492969396195
Dumbbell Set Pro,Skipping Rope,0.002857142857142857,0.11059907834101383,4.129032258064517
Skipping Rope,Dumbbell Set Pro,0.002857142857142857,0.10666666666666667,4.129032258064516
Skipping Rope,Water Bottle,0.002619047619047619,0.09777777777777778,4.127303182579565
Water Bottle,Skipping Rope,0.002619047619047619,0.11055276381909548,4.127303182579565
Analog Watch Pro,Leather Wallet,0.002142857142857143,0.08695652173913043,4.126750184229919
Leather Wallet,Analog Watch Pro,0.002142857142857143,0.1016949152542373,4.126750184229919
Desk Organizer Pro,Sketch Pens Pro,0.002261904761904762,0.10160427807486631,4.123072153762691
Sketch Pens Pro,Desk Organizer Pro,0.002261904761904762,0.09178743961352656,4.123072153762691
Sports Cap,Formal Shirt Pro,0.002380952380952381,0.10256410256410257,4.122193595877807
Sports Cap Pro,Formal Shirt Pro,0.002857142857142857,0.10256410256410256,4.122193595877806
Formal Shirt Pro,Sports Cap,0.002380952380952381,0.09569377990430622,4.122193595877806
Formal Shirt Pro,Sports Cap Pro,0.002857142857142857,0.11483253588516745,4.122193595877806
Bookmark Set,Art Supplies Kit,0.0025,0.10447761194029852,4.120243851166702
Art Supplies Kit,Bookmark Set,0.0025,0.09859154929577466,4.120243851166702
Laptop Stand,Webcam Pro,0.002380952380952381,0.09708737864077671,4.1188584877905265
Webcam Pro,Laptop Stand,0.002380952380952381,0.10101010101010101,4.1188584877905265
Dumbbell Set Pro,Gym Bag,0.002619047619047619,0.10138248847926266,4.114071996259934
Analog Watch Pro,Denim Jacket,0.002619047619047619,0.10628019323671496,4.114071996259934
Denim Jacket,Analog Watch Pro,0.002619047619047619,0.10138248847926266,4.114071996259934
Gym Bag,Dumbbell Set Pro,0.002619047619047619,0.10628019323671496,4.114071996259934
Football Pro,Gym Bag Pro,0.002976190476190476,0.11848341232227487,4.112647369864087
Gym Bag Pro,Football Pro,0.002976190476190476,0.10330578512396693,4.112647369864086
Webcam,Phone Case Pro,0.002619047619047619,0.10426540284360189,4.111875041719512
Phone Case Pro,Webcam,0.002619047619047619,0.10328638497652583,4.111875041719511
Sunglasses Pro,Formal Shirt,0.002619047619047619,0.11055276381909548,4.109040779116824
Formal Shirt,Sunglasses Pro,0.002619047619047619,0.09734513274336283,4.109040779116823
Formal Shirt Pro,Denim Jacket Pro,0.0027380952380952383,0.11004784688995216,4.108452950558214
Denim Jacket Pro,Formal Shirt Pro,0.0027380952380952383,0.10222222222222223,4.108452950558214
Skipping Rope Pro,Skipping Rope,0.0025,0.1099476439790576,4.1047120418848175
Skipping Rope Pro,Resistance Bands Pro,0.0025,0.1099476439790576,4.1047120418848175
Resistance Bands Pro,Skipping Rope Pro,0.0025,0.09333333333333334,4.104712041884817
Skipping Rope,Skipping Rope Pro,0.0025,0.09333333333333334,4.104712041884817
Lipstick,Moisturizer Pro,0.0027380952380952383,0.10798122065727701,4.104263590593335
Moisturizer Pro,Lipstick,0.0027380952380952383,0.10407239819004525,4.104263590593334
Leather Wallet Pro,Running Shoes Pro,0.0025,0.09767441860465116,4.102325581395349
Running Shoes Pro,Leather Wallet Pro,0.0025,0.10500000000000001,4.102325581395349
Knife Set,Ceramic Mug Set Pro,0.002380952380952381,0.09132420091324202,4.102263570434401
Ceramic Mug Set Pro,Knife Set,0.002380952380952381,0.10695187165775402,4.102263570434401
Laptop Stand Pro,Power Bank,0.0030952380952380953,0.11818181818181818,4.102178812922615
Power Bank,Laptop Stand Pro,0.0030952380952380953,0.10743801652892562,4.102178812922615
Cushion Cover Set Pro,Knife Set Pro,0.002380952380952381,0.10204081632653061,4.101161995898838
Cushion Cover Set Pro,Electric Kettle,0.002380952380952381,0.10204081632653061,4.101161995898838
Knife Set Pro,Cushion Cover Set Pro,0.002380952380952381,0.09569377990430622,4.1011619958988375
Electric Kettle,Cushion Cover Set Pro,0.002380952380952381,0.09569377990430622,4.1011619958988375
LED Desk Lamp Pro,Non-stick Pan Pro,0.0025,0.09813084112149534,4.100990375226671
Non-stick Pan Pro,LED Desk Lamp Pro,0.0025,0.10447761194029852,4.1009903752266705
Dumbbell Set Pro,Fitness Tracker Pro,0.002976190476190476,0.1152073732718894,4.100601421541826
Fitness Tracker Pro,Dumbbell Set Pro,0.002976190476190476,0.1059322033898305,4.100601421541826
Skipping Rope Pro,Fitness Tracker Pro,0.002619047619047619,0.11518324607329843,4.099742656846215
Fitness Tracker Pro,Skipping Rope Pro,0.002619047619047619,0.09322033898305083,4.099742656846215
Power Bank,Wireless Earbuds,0.0027380952380952383,0.09504132231404959,4.094087730451367
Fountain Pen Pro,Notebook Set Pro,0.0027380952380952383,0.09504132231404959,4.094087730451367
Wireless Earbuds,Power Bank,0.0027380952380952383,0.11794871794871795,4.094087730451367
Notebook Set Pro,Fountain Pen Pro,0.0027380952380952383,0.11794871794871795,4.094087730451367
Body Lotion Pro,Moisturizer Pro,0.0025,0.10769230769230768,4.0932822833275315
Moisturizer Pro,Body Lotion Pro,0.0025,0.09502262443438914,4.0932822833275315
Sports Cap,Running Shoes Pro,0.002261904761904762,0.09743589743589744,4.092307692307693
Running Shoes Pro,Sports Cap,0.002261904761904762,0.095,4.092307692307692
Sunscreen,Hair Dryer Pro,0.0025,0.1065989847715736,4.088728183019262
Hair Dryer Pro,Sunscreen,0.0025,0.0958904109589041,4.088728183019261
Storage Boxes Pro,Storage Boxes,0.002619047619047619,0.09734513274336283,4.0884955752212395
Storage Boxes,Storage Boxes Pro,0.002619047619047619,0.11,4.0884955752212395
Hair Dryer,Face Mask Pack,0.0020238095238095236,0.09239130434782608,4.084668192219679
Face Mask Pack,Hair Dryer,0.0020238095238095236,0.08947368421052632,4.084668192219679
Perfume Pro,Perfume,0.0027380952380952383,0.10550458715596331,4.084048535069548
Perfume,Perfume Pro,0.0027380952380952383,0.10599078341013826,4.084048535069548
Knife Set Pro,Ceramic Mug Set Pro,0.002261904761904762,0.0909090909090909,4.083616917841517
Ceramic Mug Set Pro,Knife Set Pro,0.002261904761904762,0.10160427807486631,4.083616917841517
Fiction Novel Pro,Puzzle Book,0.002619047619047619,0.11458333333333333,4.078389830508474
Puzzle Book,Fiction Novel Pro,0.002619047619047619,0.09322033898305083,4.078389830508474
Leather Wallet Pro,Backpack Pro,0.002857142857142857,0.11162790697674418,4.076845298281092
Backpack Pro,Leather Wallet Pro,0.002857142857142857,0.10434782608695652,4.076845298281092
Wireless Mouse,Bluetooth Speaker,0.002619047619047619,0.10476190476190475,4.0740740740740735
Bluetooth Speaker,Wireless Mouse,0.002619047619047619,0.10185185185185185,4.0740740740740735
Bluetooth Speaker Pro,Wireless Mouse,0.002619047619047619,0.10185185185185185,4.0740740740740735
Wireless Mouse,Bluetooth Speaker Pro,0.002619047619047619,0.10476190476190475,4.0740740740740735
Lipstick,Shampoo Pro,0.002619047619047619,0.10328638497652583,4.073265886398202
Shampoo Pro,Lipstick,0.002619047619047619,0.10328638497652583,4.073265886398202
Knife Set,Bedsheet Set,0.0025,0.0958904109589041,4.0680780406807795
Bedsheet Set,Knife Set,0.0025,0.10606060606060605,4.0680780406807795
Non-stick Pan,Knife Set,0.0025,0.10606060606060605,4.0680780406807795
Knife Set,Non-stick Pan,0.0025,0.0958904109589041,4.0680780406807795
Notebook Set,Planner Diary,0.0025,0.09333333333333334,4.062176165803109
Planner Diary,Notebook Set,0.0025,0.10880829015544041,4.062176165803109
Football,Cycling Gloves Pro,0.002380952380952381,0.09661835748792272,4.057971014492755
Cycling Gloves Pro,Football,0.002380952380952381,0.10000000000000002,4.057971014492754
Cushion Cover Set,Bedsheet Set Pro,0.002380952380952381,0.09900990099009903,4.0569910649601555
Bedsheet Set Pro,Cushion Cover Set,0.002380952380952381,0.0975609756097561,4.056991064960155
Skipping Rope Pro,Yoga Mat,0.002261904761904762,0.09947643979057591,4.056320845829309
Yoga Mat,Skipping Rope Pro,0.002261904761904762,0.09223300970873786,4.056320845829309
Gym Bag Pro,Yoga Mat Pro,0.002976190476190476,0.10330578512396693,4.054993434772534
Yoga Mat Pro,Gym Bag Pro,0.002976190476190476,0.11682242990654206,4.054993434772534
Cotton T-Shirt Pro,Leather Wallet,0.002142857142857143,0.08530805687203791,4.048517953249257
Leather Wallet,Cotton T-Shirt Pro,0.002142857142857143,0.1016949152542373,4.048517953249257
Bluetooth Speaker Pro,Smart Watch Pro,0.0027380952380952383,0.1064814814814815,4.0472599296128715
Smart Watch Pro,Bluetooth Speaker Pro,0.0027380952380952383,0.10407239819004525,4.047259929612871
Ceramic Mug Set Pro,Wall Clock Pro,0.002261904761904762,0.10160427807486631,4.0449096484780895
Wall Clock Pro,Ceramic Mug Set Pro,0.002261904761904762,0.0900473933649289,4.0449096484780895
Yoga Mat,Gym Bag Pro,0.002857142857142857,0.11650485436893204,4.043970151648881
Gym Bag Pro,Yoga Mat,0.002857142857142857,0.09917355371900827,4.043970151648881
Face Wash,Face Wash Pro,0.002619047619047619,0.09523809523809523,4.04040404040404
Face Wash Pro,Face Wash,0.002619047619047619,0.1111111111111111,4.04040404040404
Formal Shirt,Backpack Pro,0.002976190476190476,0.11061946902654868,4.040015390534822
Backpack Pro,Formal Shirt,0.002976190476190476,0.10869565217391304,4.040015390534821
Cycling Gloves,Football Pro,0.0025,0.10144927536231885,4.038738924376674
Football Pro,Cycling Gloves,0.0025,0.0995260663507109,4.038738924376674
Football Pro,Dumbbell Set Pro,0.002619047619047619,0.10426540284360189,4.036080110074912
Dumbbell Set Pro,Football Pro,0.002619047619047619,0.10138248847926266,4.036080110074911
Water Bottle Pro,Yoga Mat Pro,0.002619047619047619,0.102803738317757,4.035286924622238
Yoga Mat Pro,Water Bottle Pro,0.002619047619047619,0.102803738317757,4.035286924622238
Cushion Cover Set Pro,Ceramic Mug Set,0.002261904761904762,0.09693877551020408,4.0311173974540315
Ceramic Mug Set,Cushion Cover Set Pro,0.002261904761904762,0.09405940594059406,4.031117397454031
Non-stick Pan,Storage Boxes,0.002261904761904762,0.09595959595959595,4.03030303030303
Storage Boxes,Non-stick Pan,0.002261904761904762,0.095,4.03030303030303
LED Desk Lamp,Air Fryer Pro,0.0025,0.10769230769230768,4.02051282051282
Air Fryer Pro,LED Desk Lamp,0.0025,0.09333333333333334,4.02051282051282
Wireless Earbuds Pro,Power Bank Pro,0.0025,0.0995260663507109,4.019321910317171
Power Bank Pro,Wireless Earbuds Pro,0.0025,0.10096153846153846,4.019321910317171
Notebook Set Pro,Planner Diary,0.002142857142857143,0.09230769230769231,4.0175368672778005
Planner Diary,Notebook Set Pro,0.002142857142857143,0.09326424870466321,4.0175368672778
Mechanical Keyboard Pro,Wireless Mouse,0.0027380952380952383,0.10043668122270744,4.017467248908297
Wireless Mouse,Mechanical Keyboard Pro,0.0027380952380952383,0.10952380952380952,4.0174672489082965
Smart Watch,Bluetooth Speaker Pro,0.002619047619047619,0.10328638497652583,4.016692749087116
Bluetooth Speaker Pro,Smart Watch,0.002619047619047619,0.10185185185185185,4.016692749087115
Skipping Rope Pro,Fitness Tracker,0.002380952380952381,0.10471204188481677,4.0163522914724235
Fitness Tracker,Skipping Rope Pro,0.002380952380952381,0.09132420091324202,4.0163522914724235
Non-stick Pan Pro,Non-stick Pan,0.002261904761904762,0.0945273631840796,4.010251771445801
Non-stick Pan,Non-stick Pan Pro,0.002261904761904762,0.09595959595959595,4.010251771445801
Mechanical Keyboard,Laptop Stand Pro,0.0027380952380952383,0.10502283105022832,4.009962640099626
Laptop Stand Pro,Mechanical Keyboard,0.0027380952380952383,0.10454545454545455,4.009962640099626
Cotton T-Shirt,Winter Hoodie Pro,0.0020238095238095236,0.09497206703910614,4.008871171499958
Winter Hoodie Pro,Cotton T-Shirt,0.0020238095238095236,0.08542713567839195,4.008871171499957
Fiction Novel,Fountain Pen,0.0025,0.10344827586206896,4.004449388209121
Fountain Pen,Fiction Novel,0.0025,0.0967741935483871,4.004449388209121
Desk Organizer Pro,Sticky Notes,0.002142857142857143,0.09625668449197862,4.002753216498121
Sticky Notes,Desk Organizer Pro,0.002142857142857143,0.08910891089108912,4.002753216498121
Face Mask Pack,Moisturizer,0.002261904761904762,0.1,4.0
Moisturizer,Face Mask Pack,0.002261904761904762,0.09047619047619047,4.0
Art Supplies Kit,Puzzle Book Pro,0.002619047619047619,0.10328638497652583,3.9981826442526125
Puzzle Book Pro,Art Supplies Kit,0.002619047619047619,0.10138248847926266,3.9981826442526125
Sketch Pens Pro,Fiction Novel,0.002380952380952381,0.09661835748792272,3.9980009995002503
Fiction Novel,Sketch Pens Pro,0.002380952380952381,0.09852216748768473,3.99800099950025
Perfume,Hair Dryer,0.002261904761904762,0.08755760368663594,3.9971949509116405
Hair Dryer,Perfume,0.002261904761904762,0.10326086956521738,3.9971949509116405
Leather Wallet Pro,Denim Jacket Pro,0.0027380952380952383,0.10697674418604652,3.9937984496124037
Denim Jacket Pro,Leather Wallet Pro,0.0027380952380952383,0.10222222222222223,3.9937984496124033
Air Fryer Pro,Ceramic Mug Set Pro,0.002380952380952381,0.0888888888888889,3.9928698752228176
Ceramic Mug Set Pro,Air Fryer Pro,0.002380952380952381,0.10695187165775402,3.992869875222817
Dumbbell Set,Football,0.002142857142857143,0.09836065573770492,3.991446899501069
Football,Dumbbell Set,0.002142857142857143,0.08695652173913043,3.991446899501069
Shampoo,Hair Dryer Pro,0.002142857142857143,0.10404624277456649,3.9908147913532352
Hair Dryer Pro,Shampoo,0.002142857142857143,0.08219178082191782,3.9908147913532352
Wireless Earbuds,Bluetooth Speaker,0.002380952380952381,0.10256410256410257,3.9886039886039892
Bluetooth Speaker,Wireless Earbuds,0.002380952380952381,0.0925925925925926,3.988603988603989
Ceramic Mug Set Pro,LED Desk Lamp Pro,0.002261904761904762,0.10160427807486631,3.988205307611575
LED Desk Lamp Pro,Ceramic Mug Set Pro,0.002261904761904762,0.08878504672897196,3.9882053076115747
Wireless Earbuds Pro,Wireless Mouse,0.0025,0.0995260663507109,3.981042654028436
Wireless Mouse,Wireless Earbuds Pro,0.0025,0.09999999999999999,3.9810426540284354
Yoga Mat Pro,Foam Roller,0.002619047619047619,0.102803738317757,3.979499547784142
Foam Roller,Yoga Mat Pro,0.002619047619047619,0.10138248847926266,3.979499547784142
Sticky Notes,Bookmark Set Pro,0.002380952380952381,0.09900990099009903,3.9793453029513484
Bookmark Set Pro,Sticky Notes,0.002380952380952381,0.09569377990430622,3.979345302951348
Leather Wallet Pro,Leather Wallet,0.002142857142857143,0.08372093023255815,3.97319668900276
Leather Wallet,Leather Wallet Pro,0.002142857142857143,0.1016949152542373,3.9731966890027595
Cushion Cover Set Pro,Bedsheet Set Pro,0.002261904761904762,0.09693877551020408,3.9721254355400695
Electric Kettle Pro,Cushion Cover Set Pro,0.002261904761904762,0.09268292682926829,3.9721254355400695
Cushion Cover Set Pro,Electric Kettle Pro,0.002261904761904762,0.09693877551020408,3.9721254355400695
Bedsheet Set Pro,Cushion Cover Set Pro,0.002261904761904762,0.09268292682926829,3.9721254355400695
Air Fryer,Storage Boxes Pro,0.002619047619047619,0.10679611650485436,3.9694131798264456
Storage Boxes Pro,Air Fryer,0.002619047619047619,0.09734513274336283,3.9694131798264456
Skipping Rope,Gym Bag,0.002619047619047619,0.09777777777777778,3.9677938808373594
Gym Bag,Skipping Rope,0.002619047619047619,0.10628019323671496,3.967793880837359
Laptop Stand,Bluetooth Speaker,0.0025,0.10194174757281553,3.9644012944983817
Bluetooth Speaker,Laptop Stand,0.0025,0.09722222222222222,3.9644012944983817
Wall Clock Pro,Non-stick Pan Pro,0.002380952380952381,0.09478672985781991,3.961236471670086
Non-stick Pan Pro,Wall Clock Pro,0.002380952380952381,0.09950248756218907,3.961236471670086
USB-C Cable Pro,USB-C Cable,0.002261904761904762,0.09947643979057591,3.960199498771742
USB-C Cable,USB-C Cable Pro,0.002261904761904762,0.0900473933649289,3.960199498771742
Skipping Rope Pro,Football Pro,0.002261904761904762,0.09947643979057591,3.960199498771742
Football Pro,Skipping Rope Pro,0.002261904761904762,0.0900473933649289,3.960199498771742
Winter Hoodie Pro,Winter Hoodie,0.002142857142857143,0.09045226130653268,3.957286432160805
Winter Hoodie,Winter Hoodie Pro,0.002142857142857143,0.09375,3.9572864321608043
Body Lotion,Moisturizer Pro,0.0027380952380952383,0.10407239819004525,3.955692962879548
Moisturizer Pro,Body Lotion,0.0027380952380952383,0.10407239819004525,3.955692962879548
Leather Wallet,Winter Hoodie,0.0019047619047619048,0.0903954802259887,3.9548022598870056
Winter Hoodie,Leather Wallet,0.0019047619047619048,0.08333333333333333,3.9548022598870056
Bedsheet Set,Wall Clock,0.002261904761904762,0.09595959595959595,3.951277480689245
Wall Clock,Bedsheet Set,0.002261904761904762,0.09313725490196079,3.951277480689245
Wireless Earbuds,Mechanical Keyboard Pro,0.0025,0.10769230769230768,3.950285522337924
Mechanical Keyboard Pro,Wireless Earbuds,0.0025,0.09170305676855896,3.950285522337924
Webcam,Power Bank,0.002857142857142857,0.11374407582938388,3.9481414750695234
Resistance Bands,Gym Bag Pro,0.002857142857142857,0.11374407582938388,3.9481414750695234
Gym Bag Pro,Resistance Bands,0.002857142857142857,0.09917355371900827,3.948141475069523
Power Bank,Webcam,0.002857142857142857,0.09917355371900827,3.948141475069523
Water Bottle,Yoga Mat Pro,0.002380952380952381,0.10050251256281409,3.944958437045039
Yoga Mat Pro,Water Bottle,0.002380952380952381,0.09345794392523366,3.944958437045039
Bedsheet Set Pro,Ceramic Mug Set Pro,0.002142857142857143,0.0878048780487805,3.944176340159124
Ceramic Mug Set Pro,Bedsheet Set Pro,0.002142857142857143,0.09625668449197862,3.944176340159124
Face Mask Pack,Lipstick,0.002261904761904762,0.1,3.9436619718309864
Face Mask Pack,Shampoo Pro,0.002261904761904762,0.1,3.9436619718309864
Shampoo Pro,Face Mask Pack,0.002261904761904762,0.0892018779342723,3.943661971830986
Lipstick,Face Mask Pack,0.002261904761904762,0.0892018779342723,3.943661971830986
Analog Watch,Sunglasses,0.002380952380952381,0.09523809523809525,3.9408866995073897
Sunglasses,Analog Watch,0.002380952380952381,0.09852216748768473,3.9408866995073892
Phone Case,Power Bank Pro,0.002380952380952381,0.0975609756097561,3.9399624765478425
Power Bank Pro,Phone Case,0.002380952380952381,0.09615384615384616,3.9399624765478425
Body Lotion Pro,Sunscreen,0.002142857142857143,0.09230769230769231,3.9359625146427177
Sunscreen,Body Lotion Pro,0.002142857142857143,0.09137055837563451,3.9359625146427173
Shampoo,Moisturizer,0.0020238095238095236,0.09826589595375723,3.9306358381502893
Moisturizer,Shampoo,0.0020238095238095236,0.08095238095238094,3.930635838150289
Bluetooth Speaker Pro,Webcam Pro,0.002380952380952381,0.0925925925925926,3.9281705948372614
Webcam Pro,Bluetooth Speaker Pro,0.002380952380952381,0.10101010101010101,3.9281705948372614
Sketch Pens Pro,Fountain Pen,0.0025,0.10144927536231885,3.927068723702665
Sketch Pens Pro,Puzzle Book Pro,0.0025,0.10144927536231885,3.927068723702665
Fountain Pen,Sketch Pens Pro,0.0025,0.0967741935483871,3.9270687237026647
Puzzle Book Pro,Sketch Pens Pro,0.0025,0.0967741935483871,3.9270687237026647
Winter Hoodie,Sports Cap Pro,0.0025,0.109375,3.926282051282051
Sports Cap Pro,Winter Hoodie,0.0025,0.08974358974358974,3.926282051282051
Trimmer,Body Lotion,0.002619047619047619,0.10328638497652583,3.9258173475240583
Body Lotion,Trimmer,0.002619047619047619,0.09954751131221719,3.9258173475240583
Shampoo,Face Wash Pro,0.0019047619047619048,0.09248554913294799,3.923629357155369
Face Wash Pro,Shampoo,0.0019047619047619048,0.0808080808080808,3.923629357155369
Cotton T-Shirt Pro,Sunglasses,0.002380952380952381,0.09478672985781991,3.9222095113580653
Sunglasses,Cotton T-Shirt Pro,0.002380952380952381,0.09852216748768473,3.922209511358065
Running Shoes,Winter Hoodie Pro,0.0020238095238095236,0.09289617486338797,3.9212455721229094
Winter Hoodie Pro,Running Shoes,0.0020238095238095236,0.08542713567839195,3.9212455721229094
Bedsheet Set Pro,Electric Kettle,0.002380952380952381,0.0975609756097561,3.9211109814447425
Electric Kettle,Bedsheet Set Pro,0.002380952380952381,0.09569377990430622,3.9211109814447425
Fitness Tracker,Skipping Rope,0.0027380952380952383,0.10502283105022832,3.9208523592085243
Skipping Rope,Fitness Tracker,0.0027380952380952383,0.10222222222222223,3.920852359208524
Wireless Mouse Pro,Wireless Earbuds,0.002142857142857143,0.09090909090909091,3.9160839160839163
Wireless Earbuds,Wireless Mouse Pro,0.002142857142857143,0.09230769230769231,3.916083916083916
Formal Shirt Pro,Formal Shirt,0.002619047619047619,0.10526315789473684,3.912435957149511
Knife Set Pro,Storage Boxes Pro,0.002619047619047619,0.10526315789473684,3.912435957149511
Formal Shirt,Formal Shirt Pro,0.002619047619047619,0.09734513274336283,3.9124359571495106
Storage Boxes Pro,Knife Set Pro,0.002619047619047619,0.09734513274336283,3.9124359571495106
Sketch Pens,Sticky Notes,0.002261904761904762,0.09405940594059406,3.9113812371336145
Sticky Notes,Sketch Pens,0.002261904761904762,0.09405940594059406,3.9113812371336145
Fountain Pen Pro,Art Supplies Kit,0.002857142857142857,0.09917355371900827,3.9110697241299035
Art Supplies Kit,Fountain Pen Pro,0.002857142857142857,0.11267605633802817,3.9110697241299035
Air Fryer,Knife Set Pro,0.002380952380952381,0.09708737864077671,3.9020764621173414
Knife Set Pro,Air Fryer,0.002380952380952381,0.09569377990430622,3.902076462117341
Sports Cap Pro,Backpack Pro,0.002976190476190476,0.10683760683760683,3.901895206243032
Backpack Pro,Sports Cap Pro,0.002976190476190476,0.10869565217391304,3.901895206243032
Body Lotion,Body Lotion Pro,0.002380952380952381,0.0904977375565611,3.898364079359555
Body Lotion Pro,Body Lotion,0.002380952380952381,0.10256410256410257,3.898364079359555
Bookmark Set,Planner Diary,0.002142857142857143,0.08955223880597016,3.897610393627717
Planner Diary,Bookmark Set,0.002142857142857143,0.09326424870466321,3.8976103936277164
Sports Cap,Leather Wallet,0.0019047619047619048,0.08205128205128205,3.8939591481964366
Leather Wallet,Sports Cap,0.0019047619047619048,0.0903954802259887,3.893959148196436
Phone Case,Smart Watch Pro,0.0025,0.10243902439024391,3.8936099768237504
Smart Watch Pro,Phone Case,0.0025,0.09502262443438914,3.89360997682375
Yoga Mat,Water Bottle,0.002261904761904762,0.09223300970873786,3.8932526711226036
Water Bottle,Yoga Mat,0.002261904761904762,0.09547738693467338,3.8932526711226036
Bedsheet Set Pro,Storage Boxes,0.002261904761904762,0.09268292682926829,3.8926829268292686
Storage Boxes,Bedsheet Set Pro,0.002261904761904762,0.095,3.892682926829268
Denim Jacket,Formal Shirt Pro,0.0025,0.0967741935483871,3.8894891186911558
Formal Shirt Pro,Denim Jacket,0.0025,0.10047846889952153,3.8894891186911558
Notebook Set,Fiction Novel Pro,0.002380952380952381,0.0888888888888889,3.8888888888888897
Fiction Novel Pro,Notebook Set,0.002380952380952381,0.10416666666666667,3.8888888888888893
Fitness Tracker,Foam Roller,0.002619047619047619,0.1004566210045662,3.8886433937251432
Sunscreen Pro,Trimmer Pro,0.002619047619047619,0.1004566210045662,3.8886433937251432
Trimmer Pro,Sunscreen Pro,0.002619047619047619,0.10138248847926266,3.8886433937251432
Foam Roller,Fitness Tracker,0.002619047619047619,0.10138248847926266,3.8886433937251432
Perfume,Sunscreen Pro,0.002619047619047619,0.10138248847926266,3.8886433937251432
Sunscreen Pro,Perfume,0.002619047619047619,0.1004566210045662,3.8886433937251432
Cotton T-Shirt Pro,Leather Wallet Pro,0.0025,0.0995260663507109,3.888460266725449
Leather Wallet Pro,Cotton T-Shirt Pro,0.0025,0.09767441860465116,3.8884602667254486
Phone Case Pro,Smart Watch,0.0025,0.09859154929577466,3.8881174370164655
Smart Watch,Phone Case Pro,0.0025,0.09859154929577466,3.8881174370164655
Ceramic Mug Set,LED Desk Lamp Pro,0.002380952380952381,0.09900990099009903,3.8863699454057565
LED Desk Lamp Pro,Ceramic Mug Set,0.002380952380952381,0.09345794392523366,3.886369945405756
Notebook Set,Sketch Pens,0.0025,0.09333333333333334,3.8811881188118815
Sketch Pens,Notebook Set,0.0025,0.10396039603960397,3.8811881188118815
Fitness Tracker Pro,Football Pro,0.0027380952380952383,0.09745762711864407,3.8798297051972046
Football Pro,Fitness Tracker Pro,0.0027380952380952383,0.10900473933649289,3.8798297051972046
Cotton T-Shirt,Backpack Pro,0.002261904761904762,0.10614525139664804,3.8766091814427983
Backpack Pro,Cotton T-Shirt,0.002261904761904762,0.08260869565217391,3.876609181442798
Art Supplies Kit Pro,Puzzle Book Pro,0.002261904761904762,0.1,3.870967741935484
Puzzle Book Pro,Art Supplies Kit Pro,0.002261904761904762,0.08755760368663594,3.870967741935484
Wireless Earbuds Pro,Bluetooth Speaker Pro,0.0025,0.0995260663507109,3.8704581358609795
Bluetooth Speaker Pro,Wireless Earbuds Pro,0.0025,0.09722222222222222,3.870458135860979
Lipstick Pro,Trimmer,0.002380952380952381,0.09803921568627452,3.8663352665009674
Lipstick Pro,Lipstick,0.002380952380952381,0.09803921568627452,3.8663352665009674
Trimmer,Lipstick Pro,0.002380952380952381,0.09389671361502348,3.866335266500967
Lipstick,Lipstick Pro,0.002380952380952381,0.09389671361502348,3.866335266500967
Wall Clock Pro,Air Fryer,0.002380952380952381,0.09478672985781991,3.865089955367414
Air Fryer,Wall Clock Pro,0.002380952380952381,0.09708737864077671,3.865089955367414
Phone Case,USB-C Cable Pro,0.002142857142857143,0.0878048780487805,3.861575788532755
USB-C Cable Pro,Phone Case,0.002142857142857143,0.09424083769633508,3.8615757885327544
Laptop Stand Pro,Webcam Pro,0.002380952380952381,0.09090909090909091,3.8567493112947657
Wireless Mouse Pro,Webcam Pro,0.002142857142857143,0.09090909090909091,3.8567493112947657
Webcam Pro,Wireless Mouse Pro,0.002142857142857143,0.09090909090909091,3.8567493112947657
Webcam Pro,Laptop Stand Pro,0.002380952380952381,0.10101010101010101,3.8567493112947657
Gym Bag Pro,Skipping Rope,0.002976190476190476,0.10330578512396693,3.8567493112947657
Skipping Rope,Gym Bag Pro,0.002976190476190476,0.1111111111111111,3.8567493112947657
Ceramic Mug Set Pro,Bedsheet Set,0.0020238095238095236,0.09090909090909091,3.8567493112947657
Notebook Set,Fountain Pen Pro,0.002976190476190476,0.1111111111111111,3.8567493112947657
Fountain Pen Pro,Notebook Set,0.002976190476190476,0.10330578512396693,3.8567493112947657
Bedsheet Set,Ceramic Mug Set Pro,0.0020238095238095236,0.08585858585858584,3.8567493112947653
Planner Diary Pro,Fountain Pen,0.002857142857142857,0.09958506224066391,3.8549056351224738
Fountain Pen,Planner Diary Pro,0.002857142857142857,0.11059907834101383,3.8549056351224738
Sunglasses Pro,Backpack Pro,0.0025,0.10552763819095479,3.8540528730609576
Backpack Pro,Sunglasses Pro,0.0025,0.09130434782608696,3.854052873060957
Electric Kettle,Knife Set,0.0025,0.10047846889952153,3.853968670118634
Knife Set,Electric Kettle,0.0025,0.0958904109589041,3.8539686701186335
Sports Cap,Cotton T-Shirt,0.0019047619047619048,0.08205128205128205,3.850451224752901
Cotton T-Shirt,Sports Cap,0.0019047619047619048,0.0893854748603352,3.850451224752901
Phone Case,Smart Watch,0.002380952380952381,0.0975609756097561,3.847475094469255
Smart Watch,Phone Case,0.002380952380952381,0.09389671361502348,3.847475094469255
Wireless Mouse,Power Bank Pro,0.002380952380952381,0.09523809523809525,3.8461538461538463
Power Bank Pro,Wireless Mouse,0.002380952380952381,0.09615384615384616,3.8461538461538463
Analog Watch,Backpack,0.002261904761904762,0.09047619047619047,3.8383838383838382
Backpack,Analog Watch,0.002261904761904762,0.09595959595959595,3.838383838383838
Backpack,Winter Hoodie Pro,0.002142857142857143,0.09090909090909091,3.837368661489265
Winter Hoodie Pro,Backpack,0.002142857142857143,0.09045226130653268,3.837368661489265
Planner Diary Pro,Sticky Notes Pro,0.002857142857142857,0.09958506224066391,3.8372225817503525
Sticky Notes Pro,Planner Diary Pro,0.002857142857142857,0.11009174311926606,3.8372225817503525
Bluetooth Speaker Pro,Phone Case Pro,0.0025,0.09722222222222222,3.834115805946792
Phone Case Pro,Bluetooth Speaker Pro,0.0025,0.09859154929577466,3.834115805946792
Sketch Pens,Puzzle Book Pro,0.002380952380952381,0.09900990099009903,3.832641328648995
Puzzle Book Pro,Sketch Pens,0.002380952380952381,0.09216589861751152,3.832641328648994
Fiction Novel Pro,Puzzle Book Pro,0.002261904761904762,0.09895833333333333,3.8306451612903225
Denim Jacket,Winter Hoodie,0.002261904761904762,0.08755760368663594,3.8306451612903225
Puzzle Book Pro,Fiction Novel Pro,0.002261904761904762,0.08755760368663594,3.8306451612903225
Winter Hoodie,Denim Jacket,0.002261904761904762,0.09895833333333333,3.8306451612903225
Laptop Stand,Smart Watch,0.002380952380952381,0.09708737864077671,3.8287980309038705
Smart Watch,Laptop Stand,0.002380952380952381,0.09389671361502348,3.82879803090387
Webcam,Power Bank Pro,0.002380952380952381,0.09478672985781991,3.8279256288734964
Power Bank Pro,Webcam,0.002380952380952381,0.09615384615384616,3.827925628873496
Wall Clock,Storage Boxes Pro,0.0025,0.10294117647058824,3.8261322228006254
Storage Boxes Pro,Wall Clock,0.0025,0.09292035398230089,3.826132222800625
Fountain Pen Pro,Sticky Notes Pro,0.002857142857142857,0.09917355371900827,3.8213662900902268
Sticky Notes Pro,Fountain Pen Pro,0.002857142857142857,0.11009174311926606,3.8213662900902268
Sports Cap,Sunglasses,0.002142857142857143,0.09230769230769231,3.8196286472148544
Sunglasses,Sports Cap,0.002142857142857143,0.08866995073891626,3.819628647214854
Winter Hoodie Pro,Analog Watch,0.002261904761904762,0.09547738693467338,3.819095477386935
Analog Watch,Winter Hoodie Pro,0.002261904761904762,0.09047619047619047,3.819095477386935
Hair Dryer Pro,Moisturizer Pro,0.002619047619047619,0.1004566210045662,3.8182607078658646
Moisturizer Pro,Hair Dryer Pro,0.002619047619047619,0.09954751131221719,3.8182607078658646
Sketch Pens,Desk Organizer,0.002261904761904762,0.09405940594059406,3.816903429473382
Desk Organizer,Sketch Pens,0.002261904761904762,0.09178743961352656,3.8169034294733817
Sticky Notes,Sticky Notes Pro,0.002380952380952381,0.09900990099009903,3.8150604051230816
Sketch Pens,Sticky Notes Pro,0.002380952380952381,0.09900990099009903,3.8150604051230816
Sticky Notes Pro,Sticky Notes,0.002380952380952381,0.09174311926605505,3.8150604051230816
Sticky Notes Pro,Sketch Pens,0.002380952380952381,0.09174311926605505,3.8150604051230816
Non-stick Pan Pro,Electric Kettle,0.002261904761904762,0.0945273631840796,3.7991858887381276
Electric Kettle,Non-stick Pan Pro,0.002261904761904762,0.0909090909090909,3.799185888738127
Running Shoes Pro,Winter Hoodie Pro,0.002142857142857143,0.09000000000000001,3.7989949748743728
Water Bottle,Cycling Gloves Pro,0.002142857142857143,0.09045226130653268,3.7989949748743728
Winter Hoodie Pro,Running Shoes Pro,0.002142857142857143,0.09045226130653268,3.7989949748743728
Cycling Gloves Pro,Water Bottle,0.002142857142857143,0.09000000000000001,3.7989949748743728
Cushion Cover Set,Knife Set,0.002380952380952381,0.09900990099009903,3.797640037976401
Knife Set,Cushion Cover Set,0.002380952380952381,0.09132420091324202,3.797640037976401
Cotton T-Shirt Pro,Analog Watch,0.002380952380952381,0.09478672985781991,3.7914691943127963
Analog Watch,Cotton T-Shirt Pro,0.002380952380952381,0.09523809523809525,3.7914691943127963
Denim Jacket Pro,Denim Jacket,0.002619047619047619,0.09777777777777778,3.78494623655914
Denim Jacket,Denim Jacket Pro,0.002619047619047619,0.10138248847926266,3.7849462365591395
Planner Diary,Desk Organizer,0.002142857142857143,0.09326424870466321,3.7846361793196666
Desk Organizer,Planner Diary,0.002142857142857143,0.08695652173913043,3.7846361793196666
Body Lotion,Face Wash,0.0027380952380952383,0.10407239819004525,3.7844508432743726
Face Wash,Body Lotion,0.0027380952380952383,0.09956709956709957,3.7844508432743726
Webcam Pro,Phone Case Pro,0.002261904761904762,0.09595959595959595,3.784322094181249
Phone Case Pro,Webcam Pro,0.002261904761904762,0.0892018779342723,3.7843220941812485
Fitness Tracker Pro,Football,0.002619047619047619,0.09322033898305083,3.7828543355440916
Football,Fitness Tracker Pro,0.002619047619047619,0.10628019323671496,3.7828543355440916
Storage Boxes,Wall Clock Pro,0.002261904761904762,0.095,3.781990521327014
Wall Clock Pro,Storage Boxes,0.002261904761904762,0.0900473933649289,3.781990521327014
Cushion Cover Set Pro,Wall Clock,0.002142857142857143,0.09183673469387756,3.781512605042017
Wall Clock,Cushion Cover Set Pro,0.002142857142857143,0.08823529411764706,3.7815126050420167
Bluetooth Speaker Pro,Bluetooth Speaker,0.0025,0.09722222222222222,3.7808641975308643
Bluetooth Speaker,Bluetooth Speaker Pro,0.0025,0.09722222222222222,3.7808641975308643
Backpack Pro,Sunglasses,0.0025,0.09130434782608696,3.7781109445277363
Sunglasses,Backpack Pro,0.0025,0.10344827586206896,3.778110944527736
Shampoo,Sunscreen Pro,0.0020238095238095236,0.09826589595375723,3.7691028585002773
Sunscreen Pro,Shampoo,0.0020238095238095236,0.0776255707762557,3.7691028585002773
Fountain Pen Pro,Fiction Novel,0.002619047619047619,0.09090909090909091,3.761755485893417
Fiction Novel,Fountain Pen Pro,0.002619047619047619,0.1083743842364532,3.7617554858934166
Hair Dryer Pro,Lipstick Pro,0.002380952380952381,0.09132420091324202,3.760408272898201
Lipstick Pro,Hair Dryer Pro,0.002380952380952381,0.09803921568627452,3.760408272898201
LED Desk Lamp Pro,Knife Set Pro,0.002380952380952381,0.09345794392523366,3.7562044448419267
Knife Set Pro,LED Desk Lamp Pro,0.002380952380952381,0.09569377990430622,3.7562044448419267
Storage Boxes Pro,Non-stick Pan,0.002380952380952381,0.08849557522123895,3.754357736658622
Non-stick Pan,Storage Boxes Pro,0.002380952380952381,0.10101010101010101,3.754357736658622
Winter Hoodie Pro,Denim Jacket Pro,0.002380952380952381,0.10050251256281409,3.7520938023450596
Denim Jacket Pro,Winter Hoodie Pro,0.002380952380952381,0.0888888888888889,3.7520938023450596
Winter Hoodie,Analog Watch,0.002142857142857143,0.09375,3.75
Analog Watch,Winter Hoodie,0.002142857142857143,0.08571428571428572,3.75
Smart Watch,Power Bank,0.0027380952380952383,0.10798122065727701,3.7481084856244915
Power Bank,Smart Watch,0.0027380952380952383,0.09504132231404959,3.748108485624491
Trimmer,Moisturizer Pro,0.0025,0.09859154929577466,3.7473711044547833
Phone Case Pro,Smart Watch Pro,0.0025,0.09859154929577466,3.7473711044547833
Smart Watch Pro,Phone Case Pro,0.0025,0.09502262443438914,3.747371104454783
Moisturizer Pro,Trimmer,0.0025,0.09502262443438914,3.747371104454783
Bookmark Set Pro,Puzzle Book,0.002619047619047619,0.10526315789473684,3.7466547725245314
Foam Roller Pro,Fitness Tracker Pro,0.002619047619047619,0.10526315789473684,3.7466547725245314
Fitness Tracker Pro,Foam Roller Pro,0.002619047619047619,0.09322033898305083,3.746654772524531
Puzzle Book,Bookmark Set Pro,0.002619047619047619,0.09322033898305083,3.746654772524531
Dumbbell Set Pro,Foam Roller,0.0025,0.0967741935483871,3.7460978147762747
Foam Roller,Dumbbell Set Pro,0.0025,0.0967741935483871,3.7460978147762747
Face Wash Pro,Lipstick Pro,0.002142857142857143,0.09090909090909091,3.7433155080213907
Lipstick Pro,Face Wash Pro,0.002142857142857143,0.08823529411764706,3.7433155080213902
Sports Cap Pro,Cotton T-Shirt Pro,0.002619047619047619,0.09401709401709402,3.7428606148985293
Cotton T-Shirt Pro,Sports Cap Pro,0.002619047619047619,0.10426540284360189,3.7428606148985293
Winter Hoodie Pro,Sunglasses,0.002142857142857143,0.09045226130653268,3.742852191994456
Sunglasses,Winter Hoodie Pro,0.002142857142857143,0.08866995073891626,3.7428521919944555
Cycling Gloves,Dumbbell Set Pro,0.002380952380952381,0.09661835748792272,3.7400654511453957
Dumbbell Set Pro,Cycling Gloves,0.002380952380952381,0.09216589861751152,3.7400654511453952
Bookmark Set,Art Supplies Kit Pro,0.0020238095238095236,0.0845771144278607,3.7391987431264733
Art Supplies Kit Pro,Bookmark Set,0.0020238095238095236,0.08947368421052632,3.7391987431264733
Leather Wallet Pro,Formal Shirt Pro,0.002380952380952381,0.0930232558139535,3.738733726493825
Formal Shirt Pro,Leather Wallet Pro,0.002380952380952381,0.09569377990430622,3.7387337264938245
Face Mask Pack Pro,Trimmer,0.002380952380952381,0.09478672985781991,3.738068219745011
Trimmer,Face Mask Pack Pro,0.002380952380952381,0.09389671361502348,3.7380682197450104
Art Supplies Kit,Art Supplies Kit Pro,0.002142857142857143,0.08450704225352114,3.7361008154188293
Art Supplies Kit Pro,Art Supplies Kit,0.002142857142857143,0.09473684210526316,3.736100815418829
Bluetooth Speaker Pro,Mechanical Keyboard Pro,0.002619047619047619,0.10185185185185185,3.7360504609412906
Mechanical Keyboard Pro,Bluetooth Speaker Pro,0.002619047619047619,0.09606986899563319,3.7360504609412906
Formal Shirt Pro,Running Shoes,0.0020238095238095236,0.08133971291866028,3.7336261667581767
Running Shoes,Formal Shirt Pro,0.0020238095238095236,0.09289617486338797,3.7336261667581767
Bluetooth Speaker,Webcam Pro,0.002261904761904762,0.08796296296296297,3.731762065095398
Bluetooth Speaker Pro,Wireless Mouse Pro,0.002261904761904762,0.08796296296296297,3.731762065095398
Wireless Mouse Pro,Bluetooth Speaker Pro,0.002261904761904762,0.09595959595959595,3.731762065095398
Webcam Pro,Bluetooth Speaker,0.002261904761904762,0.09595959595959595,3.731762065095398
Water Bottle Pro,Gym Bag Pro,0.0027380952380952383,0.1074766355140187,3.730593959990732
Gym Bag Pro,Water Bottle Pro,0.0027380952380952383,0.09504132231404959,3.7305939599907316
Mechanical Keyboard,Bluetooth Speaker Pro,0.0025,0.0958904109589041,3.7290715372907153
Bluetooth Speaker Pro,Mechanical Keyboard,0.0025,0.09722222222222222,3.7290715372907153
Cycling Gloves Pro,Yoga Mat Pro,0.002261904761904762,0.095,3.7289719626168227
Yoga Mat Pro,Cycling Gloves Pro,0.002261904761904762,0.08878504672897196,3.7289719626168223
Sticky Notes Pro,Puzzle Book Pro,0.0025,0.0963302752293578,3.7289138798461083
Puzzle Book Pro,Sticky Notes Pro,0.0025,0.0967741935483871,3.7289138798461083
Bedsheet Set Pro,Non-stick Pan,0.002142857142857143,0.0878048780487805,3.7250554323725056
Non-stick Pan,Bedsheet Set Pro,0.002142857142857143,0.09090909090909091,3.7250554323725056
Power Bank Pro,Laptop Stand,0.002261904761904762,0.09134615384615384,3.724794622852875
Laptop Stand,Power Bank Pro,0.002261904761904762,0.09223300970873786,3.724794622852875
Desk Organizer,Sketch Pens Pro,0.002261904761904762,0.09178743961352656,3.7247076944619475
Sketch Pens Pro,Desk Organizer,0.002261904761904762,0.09178743961352656,3.7247076944619475
Sunglasses,Running Shoes Pro,0.002142857142857143,0.08866995073891626,3.724137931034483
Running Shoes Pro,Sunglasses,0.002142857142857143,0.09000000000000001,3.724137931034483
Non-stick Pan Pro,Ceramic Mug Set,0.002142857142857143,0.08955223880597016,3.7239544850007396
Ceramic Mug Set,Non-stick Pan Pro,0.002142857142857143,0.08910891089108912,3.7239544850007396
Mechanical Keyboard,Laptop Stand,0.002380952380952381,0.09132420091324202,3.723899454714723
Laptop Stand,Mechanical Keyboard,0.002380952380952381,0.09708737864077671,3.723899454714723
Art Supplies Kit Pro,Sticky Notes,0.0020238095238095236,0.08947368421052632,3.7206878582595104
Sticky Notes,Art Supplies Kit Pro,0.0020238095238095236,0.08415841584158415,3.72068785825951
Resistance Bands,Yoga Mat Pro,0.002380952380952381,0.09478672985781991,3.7206006112415295
Yoga Mat Pro,Resistance Bands,0.002380952380952381,0.09345794392523366,3.720600611241529
Puzzle Book,Bookmark Set,0.0025,0.08898305084745763,3.7186946622818113
Bookmark Set,Puzzle Book,0.0025,0.10447761194029852,3.7186946622818113
Hair Dryer,Body Lotion,0.002142857142857143,0.09782608695652174,3.7182766083021837
Body Lotion,Hair Dryer,0.002142857142857143,0.08144796380090498,3.7182766083021837
Formal Shirt,Running Shoes Pro,0.002380952380952381,0.08849557522123895,3.7168141592920363
Running Shoes Pro,Formal Shirt,0.002380952380952381,0.10000000000000002,3.7168141592920363
Football Pro,Resistance Bands Pro,0.0025,0.0995260663507109,3.7156398104265405
Resistance Bands Pro,Football Pro,0.0025,0.09333333333333334,3.71563981042654
Bookmark Set,Notebook Set,0.002380952380952381,0.09950248756218907,3.714759535655059
Notebook Set,Bookmark Set,0.002380952380952381,0.0888888888888889,3.714759535655059
Desk Organizer Pro,Fountain Pen Pro,0.002380952380952381,0.10695187165775402,3.712379016219561
Fountain Pen Pro,Desk Organizer Pro,0.002380952380952381,0.08264462809917356,3.712379016219561
Laptop Stand,Laptop Stand Pro,0.002380952380952381,0.09708737864077671,3.7069726390114743
Laptop Stand Pro,Laptop Stand,0.002380952380952381,0.09090909090909091,3.706972639011474
Fiction Novel,Bookmark Set,0.002142857142857143,0.08866995073891626,3.7056098816263514
Bookmark Set,Fiction Novel,0.002142857142857143,0.08955223880597016,3.7056098816263514
Cotton T-Shirt Pro,Formal Shirt,0.0025,0.0995260663507109,3.699198926309609
Formal Shirt,Cotton T-Shirt Pro,0.0025,0.09292035398230089,3.6991989263096086
Non-stick Pan Pro,Storage Boxes Pro,0.002380952380952381,0.09950248756218907,3.69832254655924
Storage Boxes Pro,Non-stick Pan Pro,0.002380952380952381,0.08849557522123895,3.6983225465592398
Fountain Pen Pro,Sketch Pens Pro,0.002619047619047619,0.09090909090909091,3.689064558629776
Sketch Pens Pro,Fountain Pen Pro,0.002619047619047619,0.10628019323671496,3.6890645586297754
Bookmark Set Pro,Sticky Notes Pro,0.002380952380952381,0.09569377990430622,3.6872832623677625
Sticky Notes Pro,Bookmark Set Pro,0.002380952380952381,0.09174311926605505,3.6872832623677625
Fiction Novel Pro,Sketch Pens,0.0020238095238095236,0.08854166666666666,3.6819306930693068
Sticky Notes,Fiction Novel Pro,0.0020238095238095236,0.08415841584158415,3.6819306930693068
Fiction Novel Pro,Sticky Notes,0.0020238095238095236,0.08854166666666666,3.6819306930693068
Sketch Pens,Fiction Novel Pro,0.0020238095238095236,0.08415841584158415,3.6819306930693068
Sports Cap,Sunglasses Pro,0.0020238095238095236,0.08717948717948718,3.6799381522999615
Sunglasses Pro,Sports Cap,0.0020238095238095236,0.08542713567839195,3.679938152299961
Puzzle Book Pro,Fountain Pen Pro,0.0027380952380952383,0.10599078341013826,3.679018928285791
Fountain Pen Pro,Puzzle Book Pro,0.0027380952380952383,0.09504132231404959,3.6790189282857906
Sunscreen Pro,Hair Dryer Pro,0.0025,0.0958904109589041,3.6779883655470065
Hair Dryer Pro,Sunscreen Pro,0.0025,0.0958904109589041,3.6779883655470065
Wireless Earbuds,USB-C Cable,0.002142857142857143,0.09230769230769231,3.674808603718556
Body Lotion Pro,Face Mask Pack Pro,0.002142857142857143,0.09230769230769231,3.674808603718556
Face Mask Pack Pro,Body Lotion Pro,0.002142857142857143,0.08530805687203791,3.6748086037185557
USB-C Cable,Wireless Earbuds,0.002142857142857143,0.08530805687203791,3.6748086037185557
Yoga Mat,Football Pro,0.002261904761904762,0.09223300970873786,3.671835457599043
Football Pro,Yoga Mat,0.002261904761904762,0.0900473933649289,3.6718354575990424
Power Bank,Power Bank Pro,0.002619047619047619,0.09090909090909091,3.6713286713286712
Power Bank Pro,Power Bank,0.002619047619047619,0.10576923076923075,3.671328671328671
Knife Set,Knife Set Pro,0.002380952380952381,0.09132420091324202,3.6704463524939372
Knife Set Pro,Knife Set,0.002380952380952381,0.09569377990430622,3.6704463524939372
Storage Boxes,Air Fryer,0.002142857142857143,0.09000000000000001,3.66990291262136
Air Fryer,Storage Boxes,0.002142857142857143,0.08737864077669903,3.6699029126213594
Ceramic Mug Set,Wall Clock,0.002142857142857143,0.08910891089108912,3.669190448456611
Wall Clock,Ceramic Mug Set,0.002142857142857143,0.08823529411764706,3.669190448456611
Art Supplies Kit Pro,Planner Diary Pro,0.002380952380952381,0.10526315789473685,3.6689233457086705
Planner Diary Pro,Art Supplies Kit Pro,0.002380952380952381,0.08298755186721993,3.6689233457086705
Bluetooth Speaker Pro,USB-C Cable Pro,0.002142857142857143,0.08333333333333334,3.664921465968587
USB-C Cable Pro,Bluetooth Speaker Pro,0.002142857142857143,0.09424083769633508,3.6649214659685865
Skipping Rope,Yoga Mat Pro,0.0025,0.09333333333333334,3.6635514018691593
Yoga Mat Pro,Skipping Rope,0.0025,0.09813084112149534,3.6635514018691593
Gym Bag Pro,Water Bottle,0.0025,0.08677685950413223,3.662942813239753
Water Bottle,Gym Bag Pro,0.0025,0.10552763819095479,3.662942813239753
Cushion Cover Set Pro,Wall Clock Pro,0.002142857142857143,0.09183673469387756,3.6560595802301963
Wall Clock Pro,Cushion Cover Set Pro,0.002142857142857143,0.08530805687203791,3.656059580230196
Wall Clock,LED Desk Lamp Pro,0.002261904761904762,0.09313725490196079,3.6558548653106104
LED Desk Lamp Pro,Wall Clock,0.002261904761904762,0.08878504672897196,3.65585486531061
Football,Resistance Bands,0.002261904761904762,0.09178743961352656,3.6540971220550857
Resistance Bands,Football,0.002261904761904762,0.0900473933649289,3.6540971220550857
Electric Kettle,Non-stick Pan,0.002142857142857143,0.0861244019138756,3.6537625054371468
Formal Shirt Pro,Backpack,0.002142857142857143,0.0861244019138756,3.6537625054371468
Fountain Pen Pro,Art Supplies Kit Pro,0.002380952380952381,0.08264462809917356,3.6537625054371468
Art Supplies Kit Pro,Fountain Pen Pro,0.002380952380952381,0.10526315789473685,3.6537625054371468
Backpack,Formal Shirt Pro,0.002142857142857143,0.09090909090909091,3.6537625054371463
Non-stick Pan,Electric Kettle,0.002142857142857143,0.09090909090909091,3.6537625054371463
Face Mask Pack Pro,Perfume Pro,0.002380952380952381,0.09478672985781991,3.6523327101178316
Perfume Pro,Face Mask Pack Pro,0.002380952380952381,0.09174311926605505,3.652332710117831
Gym Bag,Cycling Gloves Pro,0.002142857142857143,0.08695652173913043,3.6521739130434785
Cycling Gloves Pro,Gym Bag,0.002142857142857143,0.09000000000000001,3.6521739130434785
Bedsheet Set Pro,Ceramic Mug Set,0.002142857142857143,0.0878048780487805,3.6512919584641397
Ceramic Mug Set,Bedsheet Set Pro,0.002142857142857143,0.08910891089108912,3.6512919584641397
Sunscreen Pro,Body Lotion,0.0025,0.0958904109589041,3.644703402962871
Body Lotion,Sunscreen Pro,0.0025,0.09502262443438914,3.644703402962871
Gym Bag Pro,Cycling Gloves Pro,0.0025,0.08677685950413223,3.6446280991735542
Cycling Gloves Pro,Gym Bag Pro,0.0025,0.10500000000000001,3.6446280991735542
Cycling Gloves Pro,Fitness Tracker,0.002261904761904762,0.095,3.643835616438356
Fitness Tracker,Cycling Gloves Pro,0.002261904761904762,0.0867579908675799,3.643835616438356
Non-stick Pan Pro,LED Desk Lamp,0.0020238095238095236,0.0845771144278607,3.6433218522770763
LED Desk Lamp,Non-stick Pan Pro,0.0020238095238095236,0.08717948717948718,3.6433218522770763
Air Fryer Pro,Electric Kettle Pro,0.002380952380952381,0.0888888888888889,3.6422764227642284
Electric Kettle Pro,Air Fryer Pro,0.002380952380952381,0.0975609756097561,3.642276422764228
Art Supplies Kit,Notebook Set Pro,0.002142857142857143,0.08450704225352114,3.640303358613218
Notebook Set Pro,Art Supplies Kit,0.002142857142857143,0.09230769230769231,3.640303358613218
Webcam,Mechanical Keyboard,0.002380952380952381,0.09478672985781991,3.6356553918067913
Mechanical Keyboard,Webcam,0.002380952380952381,0.09132420091324202,3.635655391806791
Lipstick,Trimmer Pro,0.002380952380952381,0.09389671361502348,3.6347114947751025
Trimmer,Perfume,0.002380952380952381,0.09389671361502348,3.6347114947751025
Perfume,Trimmer,0.002380952380952381,0.09216589861751152,3.6347114947751025
Trimmer Pro,Lipstick,0.002380952380952381,0.09216589861751152,3.6347114947751025
Running Shoes,Leather Wallet,0.0016666666666666668,0.07650273224043716,3.6306381402241366
Leather Wallet,Running Shoes,0.0016666666666666668,0.07909604519774012,3.6306381402241366
Laptop Stand,USB-C Cable Pro,0.0020238095238095236,0.08252427184466019,3.629339704163066
USB-C Cable Pro,Laptop Stand,0.0020238095238095236,0.08900523560209424,3.629339704163066
Body Lotion Pro,Face Mask Pack,0.0019047619047619048,0.08205128205128205,3.6275303643724697
Face Mask Pack,Body Lotion Pro,0.0019047619047619048,0.08421052631578947,3.6275303643724692
Cotton T-Shirt,Analog Watch Pro,0.0019047619047619048,0.0893854748603352,3.6272366609991096
Analog Watch Pro,Cotton T-Shirt,0.0019047619047619048,0.07729468599033816,3.627236660999109
Skipping Rope,Yoga Mat,0.002380952380952381,0.0888888888888889,3.624595469255664
Yoga Mat,Skipping Rope,0.002380952380952381,0.09708737864077671,3.624595469255664
Resistance Bands Pro,Yoga Mat,0.002380952380952381,0.0888888888888889,3.624595469255664
Yoga Mat,Resistance Bands Pro,0.002380952380952381,0.09708737864077671,3.624595469255664
LED Desk Lamp Pro,LED Desk Lamp,0.002142857142857143,0.08411214953271029,3.6232925952552124
LED Desk Lamp,LED Desk Lamp Pro,0.002142857142857143,0.09230769230769231,3.6232925952552124
Wireless Earbuds Pro,Laptop Stand Pro,0.002380952380952381,0.09478672985781991,3.6191296854803965
Wireless Earbuds Pro,Power Bank,0.002619047619047619,0.10426540284360189,3.619129685480396
Cotton T-Shirt Pro,Backpack,0.002142857142857143,0.08530805687203791,3.619129685480396
Backpack,Cotton T-Shirt Pro,0.002142857142857143,0.09090909090909091,3.619129685480396
Laptop Stand Pro,Wireless Earbuds Pro,0.002380952380952381,0.09090909090909091,3.619129685480396
Power Bank,Wireless Earbuds Pro,0.002619047619047619,0.09090909090909091,3.619129685480396
Fountain Pen Pro,Fiction Novel Pro,0.002380952380952381,0.08264462809917356,3.615702479338843
Fiction Novel Pro,Fountain Pen Pro,0.002380952380952381,0.10416666666666667,3.615702479338843
Fountain Pen,Planner Diary,0.002142857142857143,0.08294930875576037,3.6102289821159954
Planner Diary,Fountain Pen,0.002142857142857143,0.09326424870466321,3.6102289821159954
Winter Hoodie Pro,Sports Cap Pro,0.002380952380952381,0.10050251256281409,3.6077825022548646
Sports Cap Pro,Winter Hoodie Pro,0.002380952380952381,0.08547008547008547,3.607782502254864
Bluetooth Speaker Pro,Phone Case,0.002261904761904762,0.08796296296296297,3.604336043360434
Phone Case,Bluetooth Speaker Pro,0.002261904761904762,0.09268292682926829,3.6043360433604335
Yoga Mat Pro,Football,0.002261904761904762,0.08878504672897196,3.602871461465529
Football,Yoga Mat Pro,0.002261904761904762,0.09178743961352656,3.602871461465529
Cycling Gloves,Yoga Mat Pro,0.002261904761904762,0.09178743961352656,3.602871461465529
Yoga Mat Pro,Cycling Gloves,0.002261904761904762,0.08878504672897196,3.602871461465529
Power Bank Pro,Smart Watch,0.002261904761904762,0.09134615384615384,3.6023835319609967
Smart Watch,Power Bank Pro,0.002261904761904762,0.0892018779342723,3.6023835319609967
Sunglasses Pro,Cotton T-Shirt Pro,0.002142857142857143,0.09045226130653268,3.6009431041463245
Cotton T-Shirt Pro,Sunglasses Pro,0.002142857142857143,0.08530805687203791,3.600943104146324
Denim Jacket,Leather Wallet Pro,0.002380952380952381,0.09216589861751152,3.6009002250562645
Leather Wallet Pro,Denim Jacket,0.002380952380952381,0.0930232558139535,3.6009002250562645
Desk Organizer,Fiction Novel,0.002142857142857143,0.08695652173913043,3.598200899550225
Fiction Novel,Desk Organizer,0.002142857142857143,0.08866995073891626,3.598200899550225
Notebook Set,Sticky Notes Pro,0.0025,0.09333333333333334,3.596330275229358
Sticky Notes Pro,Notebook Set,0.0025,0.0963302752293578,3.596330275229358
Art Supplies Kit Pro,Bookmark Set Pro,0.0020238095238095236,0.08947368421052632,3.5960715185091914
Bookmark Set Pro,Art Supplies Kit Pro,0.0020238095238095236,0.08133971291866028,3.5960715185091914
Sports Cap,Winter Hoodie,0.0019047619047619048,0.08205128205128205,3.58974358974359
Winter Hoodie,Sports Cap,0.0019047619047619048,0.08333333333333333,3.5897435897435894
Sunglasses Pro,Running Shoes Pro,0.0020238095238095236,0.08542713567839195,3.5879396984924625
Running Shoes Pro,Sunglasses Pro,0.0020238095238095236,0.08499999999999999,3.587939698492462
Phone Case Pro,Power Bank,0.002619047619047619,0.10328638497652583,3.585147247119078
Power Bank,Phone Case Pro,0.002619047619047619,0.09090909090909091,3.585147247119078
Bookmark Set Pro,Art Supplies Kit,0.002261904761904762,0.0909090909090909,3.5851472471190777
Art Supplies Kit,Bookmark Set Pro,0.002261904761904762,0.0892018779342723,3.5851472471190777
Non-stick Pan,Air Fryer Pro,0.002261904761904762,0.09595959595959595,3.5824915824915826
Air Fryer Pro,Non-stick Pan,0.002261904761904762,0.08444444444444445,3.582491582491582
Shampoo,Perfume,0.0019047619047619048,0.09248554913294799,3.5800857728883093
Perfume,Shampoo,0.0019047619047619048,0.07373271889400922,3.580085772888309
Storage Boxes Pro,Ceramic Mug Set Pro,0.002142857142857143,0.07964601769911506,3.5776820784629226
Ceramic Mug Set Pro,Storage Boxes Pro,0.002142857142857143,0.09625668449197862,3.577682078462922
Sunglasses Pro,Leather Wallet,0.0017857142857142857,0.07537688442211056,3.5772080742696537
Winter Hoodie Pro,Leather Wallet,0.0017857142857142857,0.07537688442211056,3.5772080742696537
Leather Wallet,Sunglasses Pro,0.0017857142857142857,0.0847457627118644,3.5772080742696533
Leather Wallet,Winter Hoodie Pro,0.0017857142857142857,0.0847457627118644,3.5772080742696533
Hair Dryer,Trimmer Pro,0.0020238095238095236,0.09239130434782608,3.5764375876577836
Trimmer Pro,Hair Dryer,0.0020238095238095236,0.07834101382488479,3.5764375876577836
Ceramic Mug Set Pro,Non-stick Pan Pro,0.0019047619047619048,0.08556149732620322,3.5757043658711796
Non-stick Pan Pro,Ceramic Mug Set Pro,0.0019047619047619048,0.07960199004975124,3.575704365871179
Sports Cap,Denim Jacket,0.002142857142857143,0.09230769230769231,3.5732009925558317
Notebook Set Pro,Fountain Pen,0.002142857142857143,0.09230769230769231,3.5732009925558317
Fountain Pen,Notebook Set Pro,0.002142857142857143,0.08294930875576037,3.5732009925558312
Denim Jacket,Sports Cap,0.002142857142857143,0.08294930875576037,3.5732009925558312
Notebook Set,Bookmark Set Pro,0.002380952380952381,0.0888888888888889,3.5725677830940996
Air Fryer Pro,Knife Set Pro,0.002380952380952381,0.0888888888888889,3.5725677830940996
Bookmark Set Pro,Notebook Set,0.002380952380952381,0.09569377990430622,3.572567783094099
Knife Set Pro,Air Fryer Pro,0.002380952380952381,0.09569377990430622,3.572567783094099
Body Lotion,Lipstick,0.002380952380952381,0.0904977375565611,3.5689248613855082
Moisturizer Pro,Shampoo Pro,0.002380952380952381,0.0904977375565611,3.5689248613855082
Lipstick,Body Lotion,0.002380952380952381,0.09389671361502348,3.568924861385508
Shampoo Pro,Moisturizer Pro,0.002380952380952381,0.09389671361502348,3.568924861385508
Foam Roller Pro,Yoga Mat Pro,0.002261904761904762,0.0909090909090909,3.5683942225998297
Yoga Mat Pro,Foam Roller Pro,0.002261904761904762,0.08878504672897196,3.5683942225998297
Moisturizer,Trimmer,0.002261904761904762,0.09047619047619047,3.568075117370892
Trimmer,Moisturizer,0.002261904761904762,0.0892018779342723,3.5680751173708916
Denim Jacket Pro,Sunglasses Pro,0.002261904761904762,0.08444444444444445,3.564489112227806
Sunglasses Pro,Denim Jacket Pro,0.002261904761904762,0.09547738693467338,3.564489112227806
Perfume Pro,Shampoo,0.0019047619047619048,0.07339449541284404,3.5636633610860695
Shampoo,Perfume Pro,0.0019047619047619048,0.09248554913294799,3.563663361086069
Foam Roller,Football,0.002261904761904762,0.08755760368663594,3.553062178588125
Football,Foam Roller,0.002261904761904762,0.09178743961352656,3.553062178588125
Bluetooth Speaker,Power Bank Pro,0.002261904761904762,0.08796296296296297,3.552350427350427
Power Bank Pro,Bluetooth Speaker,0.002261904761904762,0.09134615384615384,3.552350427350427
Bluetooth Speaker Pro,Power Bank Pro,0.002261904761904762,0.08796296296296297,3.552350427350427
Power Bank Pro,Bluetooth Speaker Pro,0.002261904761904762,0.09134615384615384,3.552350427350427
Non-stick Pan Pro,Storage Boxes,0.0020238095238095236,0.0845771144278607,3.5522388059701497
Storage Boxes,Non-stick Pan Pro,0.0020238095238095236,0.08499999999999999,3.5522388059701493
Wireless Earbuds Pro,Smart Watch,0.002261904761904762,0.0900473933649289,3.5511648087577594
Shampoo Pro,Face Mask Pack Pro,0.002261904761904762,0.0892018779342723,3.5511648087577594
Face Mask Pack Pro,Shampoo Pro,0.002261904761904762,0.0900473933649289,3.5511648087577594
Smart Watch,Wireless Earbuds Pro,0.002261904761904762,0.0892018779342723,3.5511648087577594
Ceramic Mug Set,Wall Clock Pro,0.002142857142857143,0.08910891089108912,3.547463751114448
Wall Clock Pro,Ceramic Mug Set,0.002142857142857143,0.08530805687203791,3.5474637511144476
Knife Set Pro,Wall Clock,0.002142857142857143,0.0861244019138756,3.5462989023360545
Wall Clock,Knife Set Pro,0.002142857142857143,0.08823529411764706,3.546298902336054
Mechanical Keyboard,Wireless Earbuds,0.002142857142857143,0.08219178082191782,3.540569020021075
Wireless Earbuds,Mechanical Keyboard,0.002142857142857143,0.09230769230769231,3.540569020021075
Bookmark Set Pro,Planner Diary,0.0020238095238095236,0.08133971291866028,3.540174033765525
Planner Diary,Bookmark Set Pro,0.0020238095238095236,0.08808290155440414,3.540174033765525
Laptop Stand Pro,Phone Case,0.002261904761904762,0.08636363636363636,3.5388026607538805
Phone Case,Laptop Stand Pro,0.002261904761904762,0.09268292682926829,3.53880266075388
Football Pro,Skipping Rope,0.002380952380952381,0.09478672985781991,3.53870458135861
Skipping Rope,Football Pro,0.002380952380952381,0.0888888888888889,3.53870458135861
Sports Cap,Analog Watch Pro,0.0020238095238095236,0.08717948717948718,3.5377183203270155
Notebook Set Pro,Sketch Pens Pro,0.0020238095238095236,0.08717948717948718,3.5377183203270155
Sketch Pens Pro,Notebook Set Pro,0.0020238095238095236,0.08212560386473429,3.5377183203270155
Analog Watch Pro,Sports Cap,0.0020238095238095236,0.08212560386473429,3.5377183203270155
Perfume,Sunscreen,0.002142857142857143,0.08294930875576037,3.5369248403471425
Sunscreen,Perfume,0.002142857142857143,0.09137055837563451,3.5369248403471425
Sticky Notes Pro,Desk Organizer,0.002261904761904762,0.08715596330275228,3.536763728227629
Desk Organizer,Sticky Notes Pro,0.002261904761904762,0.09178743961352656,3.536763728227629
Power Bank,Bluetooth Speaker Pro,0.002619047619047619,0.09090909090909091,3.5353535353535355
Bluetooth Speaker Pro,Power Bank,0.002619047619047619,0.10185185185185185,3.535353535353535
Analog Watch,Leather Wallet Pro,0.002261904761904762,0.09047619047619047,3.5348837209302326
Leather Wallet Pro,Analog Watch,0.002261904761904762,0.08837209302325581,3.534883720930232
Football Pro,Water Bottle Pro,0.002261904761904762,0.0900473933649289,3.534570580679452
Water Bottle Pro,Football Pro,0.002261904761904762,0.08878504672897196,3.534570580679452
Cotton T-Shirt,Formal Shirt,0.0020238095238095236,0.09497206703910614,3.529935235081821
Formal Shirt,Cotton T-Shirt,0.0020238095238095236,0.07522123893805309,3.529935235081821
Mechanical Keyboard Pro,Wireless Mouse Pro,0.002261904761904762,0.08296943231441048,3.519915310308323
Wireless Mouse Pro,Mechanical Keyboard Pro,0.002261904761904762,0.09595959595959595,3.519915310308323
Cotton T-Shirt,Running Shoes Pro,0.0017857142857142857,0.08379888268156424,3.5195530726256985
Running Shoes Pro,Cotton T-Shirt,0.0017857142857142857,0.075,3.519553072625698
Gym Bag Pro,Dumbbell Set Pro,0.002619047619047619,0.09090909090909091,3.5190615835777126
Backpack,Denim Jacket,0.002142857142857143,0.09090909090909091,3.5190615835777126
Denim Jacket,Backpack,0.002142857142857143,0.08294930875576037,3.5190615835777126
Dumbbell Set Pro,Gym Bag Pro,0.002619047619047619,0.10138248847926266,3.519061583577712
Trimmer,Shampoo Pro,0.002261904761904762,0.0892018779342723,3.5178205382529923
Shampoo Pro,Trimmer,0.002261904761904762,0.0892018779342723,3.5178205382529923
Moisturizer Pro,Shampoo,0.0019047619047619048,0.07239819004524886,3.515287840347344
Shampoo,Moisturizer Pro,0.0019047619047619048,0.09248554913294799,3.515287840347344
Foam Roller Pro,Dumbbell Set,0.0019047619047619048,0.07655502392344497,3.514001098125343
Dumbbell Set,Foam Roller Pro,0.0019047619047619048,0.08743169398907104,3.514001098125343
Wall Clock Pro,Wall Clock,0.002142857142857143,0.08530805687203791,3.512684694730973
Wall Clock,Wall Clock Pro,0.002142857142857143,0.08823529411764706,3.512684694730973
Moisturizer Pro,Hair Dryer,0.0020238095238095236,0.07692307692307691,3.5117056856187285
Hair Dryer,Moisturizer Pro,0.0020238095238095236,0.09239130434782608,3.5117056856187285
Notebook Set,Sticky Notes,0.002261904761904762,0.08444444444444445,3.511551155115512
Sticky Notes,Notebook Set,0.002261904761904762,0.09405940594059406,3.511551155115512
Sports Cap Pro,Denim Jacket Pro,0.002619047619047619,0.09401709401709402,3.50997150997151
Denim Jacket Pro,Sports Cap Pro,0.002619047619047619,0.09777777777777778,3.50997150997151
Sunglasses,Leather Wallet,0.0017857142857142857,0.07389162561576354,3.5067212156633545
Leather Wallet,Sunglasses,0.0017857142857142857,0.0847457627118644,3.5067212156633545
Notebook Set Pro,Bookmark Set Pro,0.0020238095238095236,0.08717948717948718,3.503864556496135
Bookmark Set Pro,Notebook Set Pro,0.0020238095238095236,0.08133971291866028,3.503864556496135
Bluetooth Speaker,Wireless Earbuds Pro,0.002261904761904762,0.08796296296296297,3.5018430753027907
Wireless Earbuds Pro,Bluetooth Speaker,0.002261904761904762,0.0900473933649289,3.5018430753027903
Non-stick Pan,Air Fryer,0.0020238095238095236,0.08585858585858584,3.501029714621947
Air Fryer,Non-stick Pan,0.0020238095238095236,0.08252427184466019,3.501029714621947
Foam Roller Pro,Football,0.002142857142857143,0.0861244019138756,3.494903266070314
Football,Foam Roller Pro,0.002142857142857143,0.08695652173913043,3.4949032660703137
Skipping Rope Pro,Yoga Mat Pro,0.0020238095238095236,0.08900523560209424,3.493663453540148
Yoga Mat Pro,Skipping Rope Pro,0.0020238095238095236,0.0794392523364486,3.4936634535401474
Ceramic Mug Set Pro,Air Fryer,0.0019047619047619048,0.08556149732620322,3.488915424951976
Air Fryer,Ceramic Mug Set Pro,0.0019047619047619048,0.07766990291262135,3.4889154249519754
Gym Bag Pro,Foam Roller Pro,0.0025,0.08677685950413223,3.4876823915536397
Foam Roller Pro,Gym Bag Pro,0.0025,0.10047846889952153,3.4876823915536397
Moisturizer Pro,Perfume Pro,0.002380952380952381,0.0904977375565611,3.4870687865830883
Perfume Pro,Moisturizer Pro,0.002380952380952381,0.09174311926605505,3.487068786583088
Body Lotion Pro,Shampoo,0.0016666666666666668,0.0717948717948718,3.4859937750111167
Shampoo,Body Lotion Pro,0.0016666666666666668,0.0809248554913295,3.4859937750111167
Wireless Earbuds,Webcam Pro,0.0019047619047619048,0.08205128205128205,3.4809634809634806
Webcam Pro,Wireless Earbuds,0.0019047619047619048,0.0808080808080808,3.4809634809634806
Skipping Rope,Fitness Tracker Pro,0.002619047619047619,0.09777777777777778,3.480225988700565
Fitness Tracker Pro,Skipping Rope,0.002619047619047619,0.09322033898305083,3.480225988700565
Mechanical Keyboard Pro,Webcam,0.002380952380952381,0.08733624454148473,3.4768931476230884
Webcam,Mechanical Keyboard Pro,0.002380952380952381,0.09478672985781991,3.4768931476230884
Hair Dryer Pro,Body Lotion,0.002380952380952381,0.09132420091324202,3.4711460980598776
Body Lotion,Hair Dryer Pro,0.002380952380952381,0.0904977375565611,3.4711460980598776
Notebook Set Pro,Puzzle Book,0.002261904761904762,0.09743589743589744,3.468057366362451
Puzzle Book,Notebook Set Pro,0.002261904761904762,0.08050847457627118,3.4680573663624505
Power Bank Pro,Webcam Pro,0.0020238095238095236,0.08173076923076922,3.4673659673659665
Webcam Pro,Power Bank Pro,0.0020238095238095236,0.08585858585858584,3.4673659673659665
Winter Hoodie Pro,Analog Watch Pro,0.0020238095238095236,0.08542713567839195,3.466608404340543
Analog Watch Pro,Winter Hoodie Pro,0.0020238095238095236,0.08212560386473429,3.466608404340543
Analog Watch Pro,Sunglasses Pro,0.0020238095238095236,0.08212560386473429,3.466608404340543
Sunglasses Pro,Analog Watch Pro,0.0020238095238095236,0.08542713567839195,3.466608404340543
Water Bottle,Gym Bag,0.0020238095238095236,0.08542713567839195,3.466608404340543
Gym Bag,Water Bottle,0.0020238095238095236,0.08212560386473429,3.466608404340543
Art Supplies Kit Pro,Fountain Pen,0.0020238095238095236,0.08947368421052632,3.4634974533106964
Fountain Pen,Art Supplies Kit Pro,0.0020238095238095236,0.07834101382488479,3.463497453310696
Moisturizer,Face Wash,0.002380952380952381,0.09523809523809525,3.4632034632034636
Face Wash,Moisturizer,0.002380952380952381,0.08658008658008659,3.4632034632034636
Cycling Gloves,Resistance Bands,0.002142857142857143,0.08695652173913043,3.4617762208942917
Resistance Bands,Cycling Gloves,0.002142857142857143,0.08530805687203791,3.4617762208942917
Planner Diary Pro,Fountain Pen Pro,0.002857142857142857,0.09958506224066391,3.4566715819073424
Fountain Pen Pro,Planner Diary Pro,0.002857142857142857,0.09917355371900827,3.4566715819073424
Yoga Mat,Fitness Tracker Pro,0.002380952380952381,0.09708737864077671,3.455652460095442
Fitness Tracker Pro,Yoga Mat,0.002380952380952381,0.0847457627118644,3.4556524600954415
Fitness Tracker,Football Pro,0.002261904761904762,0.0867579908675799,3.453872622216451
Face Mask Pack Pro,Sunscreen Pro,0.002261904761904762,0.0900473933649289,3.453872622216451
Football Pro,Fitness Tracker,0.002261904761904762,0.0900473933649289,3.453872622216451
Sunscreen Pro,Face Mask Pack Pro,0.002261904761904762,0.0867579908675799,3.453872622216451
Bookmark Set,Fountain Pen Pro,0.002380952380952381,0.09950248756218907,3.4538053533982986
Fountain Pen Pro,Bookmark Set,0.002380952380952381,0.08264462809917356,3.453805353398298
Perfume,Lipstick,0.002261904761904762,0.08755760368663594,3.452975920036347
Lipstick,Perfume,0.002261904761904762,0.0892018779342723,3.452975920036347
Running Shoes,Formal Shirt,0.0020238095238095236,0.09289617486338797,3.452778180763093
Formal Shirt,Running Shoes,0.0020238095238095236,0.07522123893805309,3.4527781807630924
Electric Kettle Pro,Cushion Cover Set,0.0020238095238095236,0.08292682926829267,3.448442405216131
Cushion Cover Set,Electric Kettle Pro,0.0020238095238095236,0.08415841584158415,3.448442405216131
Running Shoes Pro,Running Shoes,0.0017857142857142857,0.075,3.442622950819672
Running Shoes,Running Shoes Pro,0.0017857142857142857,0.08196721311475409,3.442622950819672
Desk Organizer,Puzzle Book,0.002380952380952381,0.09661835748792272,3.438958486858266
Gym Bag,Fitness Tracker Pro,0.002380952380952381,0.09661835748792272,3.438958486858266
Fitness Tracker Pro,Gym Bag,0.002380952380952381,0.0847457627118644,3.4389584868582657
Puzzle Book,Desk Organizer,0.002380952380952381,0.0847457627118644,3.4389584868582657
Wireless Mouse,Smart Watch Pro,0.002261904761904762,0.09047619047619047,3.438914027149321
Smart Watch Pro,Wireless Mouse,0.002261904761904762,0.08597285067873303,3.438914027149321
Trimmer,Perfume Pro,0.002261904761904762,0.0892018779342723,3.4371365809536116
Lipstick,Perfume Pro,0.002261904761904762,0.0892018779342723,3.4371365809536116
Shampoo Pro,Perfume Pro,0.002261904761904762,0.0892018779342723,3.4371365809536116
Perfume Pro,Trimmer,0.002261904761904762,0.08715596330275228,3.437136580953611
Perfume Pro,Lipstick,0.002261904761904762,0.08715596330275228,3.437136580953611
Perfume Pro,Shampoo Pro,0.002261904761904762,0.08715596330275228,3.437136580953611
Wireless Mouse,Wireless Mouse Pro,0.0020238095238095236,0.08095238095238094,3.434343434343434
Wireless Mouse Pro,Wireless Mouse,0.0020238095238095236,0.08585858585858584,3.4343434343434334
Dumbbell Set,Water Bottle Pro,0.0019047619047619048,0.08743169398907104,3.4318982687298916
Water Bottle Pro,Dumbbell Set,0.0019047619047619048,0.07476635514018692,3.4318982687298916
Sunscreen Pro,Face Mask Pack,0.0020238095238095236,0.0776255707762557,3.431867339581831
Face Mask Pack,Sunscreen Pro,0.0020238095238095236,0.08947368421052632,3.431867339581831
Hair Dryer,Trimmer,0.0019047619047619048,0.08695652173913043,3.4292712798530314
Trimmer,Hair Dryer,0.0019047619047619048,0.07511737089201878,3.429271279853031
Skipping Rope,Cycling Gloves,0.002261904761904762,0.08444444444444445,3.426731078904992
Resistance Bands Pro,Football,0.002261904761904762,0.08444444444444445,3.426731078904992
Notebook Set,Desk Organizer,0.002261904761904762,0.08444444444444445,3.426731078904992
Cycling Gloves,Skipping Rope,0.002261904761904762,0.09178743961352656,3.4267310789049916
Football,Resistance Bands Pro,0.002261904761904762,0.09178743961352656,3.4267310789049916
Desk Organizer,Notebook Set,0.002261904761904762,0.09178743961352656,3.4267310789049916
Smart Watch Pro,Webcam,0.002261904761904762,0.08597285067873303,3.4226158564045375
Webcam,Smart Watch Pro,0.002261904761904762,0.0900473933649289,3.422615856404537
Hair Dryer Pro,Lipstick,0.002261904761904762,0.0867579908675799,3.4214418933693485
Lipstick,Hair Dryer Pro,0.002261904761904762,0.0892018779342723,3.4214418933693485
Wireless Earbuds Pro,Webcam Pro,0.0020238095238095236,0.0805687203791469,3.4180669251759292
Webcam Pro,Wireless Earbuds Pro,0.0020238095238095236,0.08585858585858584,3.4180669251759292
Face Wash,Trimmer,0.002380952380952381,0.08658008658008659,3.414425949637218
Trimmer,Face Wash,0.002380952380952381,0.09389671361502348,3.4144259496372174
Dumbbell Set,Gym Bag Pro,0.002142857142857143,0.09836065573770492,3.414171521474055
Gym Bag Pro,Dumbbell Set,0.002142857142857143,0.0743801652892562,3.414171521474055
USB-C Cable Pro,Mechanical Keyboard,0.0020238095238095236,0.08900523560209424,3.4138994477515596
Mechanical Keyboard,USB-C Cable Pro,0.0020238095238095236,0.0776255707762557,3.4138994477515596
Cycling Gloves,Water Bottle Pro,0.002142857142857143,0.08695652173913043,3.4132466477041854
Water Bottle Pro,Cycling Gloves,0.002142857142857143,0.08411214953271029,3.4132466477041854
Yoga Mat Pro,Gym Bag,0.002142857142857143,0.08411214953271029,3.4132466477041854
Gym Bag,Yoga Mat Pro,0.002142857142857143,0.08695652173913043,3.4132466477041854
Ceramic Mug Set,LED Desk Lamp,0.0019047619047619048,0.07920792079207921,3.412033511043412
LED Desk Lamp,Ceramic Mug Set,0.0019047619047619048,0.08205128205128205,3.412033511043412
Formal Shirt,Analog Watch Pro,0.002261904761904762,0.084070796460177,3.4115685520071826
Analog Watch Pro,Formal Shirt,0.002261904761904762,0.09178743961352656,3.411568552007182
Resistance Bands Pro,Fitness Tracker,0.002380952380952381,0.0888888888888889,3.409436834094369
Fitness Tracker,Resistance Bands Pro,0.002380952380952381,0.09132420091324202,3.409436834094369
Face Mask Pack,Moisturizer Pro,0.0020238095238095236,0.08947368421052632,3.4008097165991904
Moisturizer Pro,Face Mask Pack,0.0020238095238095236,0.07692307692307691,3.40080971659919
Skipping Rope Pro,Football,0.0019047619047619048,0.08376963350785341,3.3993474466955007
Football,Skipping Rope Pro,0.0019047619047619048,0.07729468599033816,3.3993474466955003
Non-stick Pan Pro,Knife Set Pro,0.0020238095238095236,0.0845771144278607,3.39927158466043
Knife Set Pro,Non-stick Pan Pro,0.0020238095238095236,0.08133971291866028,3.39927158466043
Bluetooth Speaker Pro,Laptop Stand,0.002142857142857143,0.08333333333333334,3.3980582524271847
Laptop Stand,Bluetooth Speaker Pro,0.002142857142857143,0.08737864077669903,3.3980582524271847
Planner Diary,Sticky Notes Pro,0.0020238095238095236,0.08808290155440414,3.3940200598944714
Sticky Notes Pro,Planner Diary,0.0020238095238095236,0.07798165137614678,3.394020059894471
Notebook Set,Desk Organizer Pro,0.0020238095238095236,0.07555555555555556,3.393939393939394
Desk Organizer Pro,Notebook Set,0.0020238095238095236,0.09090909090909091,3.393939393939394
Running Shoes,Backpack Pro,0.0020238095238095236,0.09289617486338797,3.3927298645759083
Backpack Pro,Running Shoes,0.0020238095238095236,0.07391304347826086,3.3927298645759083
Face Wash,Lipstick Pro,0.002261904761904762,0.08225108225108226,3.3868092691622107
Lipstick Pro,Face Wash,0.002261904761904762,0.09313725490196079,3.3868092691622103
Electric Kettle,Cushion Cover Set,0.0020238095238095236,0.08133971291866028,3.3824435075086456
Cushion Cover Set,Electric Kettle,0.0020238095238095236,0.08415841584158415,3.382443507508645
Fitness Tracker Pro,Cycling Gloves Pro,0.002261904761904762,0.08050847457627118,3.3813559322033897
Cycling Gloves Pro,Fitness Tracker Pro,0.002261904761904762,0.095,3.3813559322033897
Lipstick,Moisturizer,0.002142857142857143,0.08450704225352114,3.3802816901408455
Moisturizer,Lipstick,0.002142857142857143,0.08571428571428572,3.3802816901408455
Wall Clock,LED Desk Lamp,0.0019047619047619048,0.0784313725490196,3.378582202111614
LED Desk Lamp,Wall Clock,0.0019047619047619048,0.08205128205128205,3.378582202111614
Water Bottle,Resistance Bands Pro,0.002142857142857143,0.09045226130653268,3.3768844221105536
Resistance Bands Pro,Water Bottle,0.002142857142857143,0.08,3.376884422110553
Trimmer Pro,Perfume Pro,0.002261904761904762,0.08755760368663594,3.373779224622669
Perfume Pro,Trimmer Pro,0.002261904761904762,0.08715596330275228,3.373779224622669
Wireless Earbuds Pro,Phone Case Pro,0.002142857142857143,0.08530805687203791,3.3642613977705094
Phone Case Pro,Wireless Earbuds Pro,0.002142857142857143,0.08450704225352114,3.3642613977705094
Analog Watch,Formal Shirt,0.002261904761904762,0.09047619047619047,3.3628318584070795
Formal Shirt,Analog Watch,0.002261904761904762,0.084070796460177,3.3628318584070795
Skipping Rope,Resistance Bands,0.002261904761904762,0.08444444444444445,3.361769352290679
Resistance Bands,Skipping Rope,0.002261904761904762,0.0900473933649289,3.361769352290679
Formal Shirt,Leather Wallet,0.0019047619047619048,0.07079646017699115,3.35983200839958
Leather Wallet,Formal Shirt,0.0019047619047619048,0.0903954802259887,3.35983200839958
Body Lotion Pro,Perfume Pro,0.0020238095238095236,0.08717948717948718,3.3592095977417076
Perfume Pro,Body Lotion Pro,0.0020238095238095236,0.07798165137614678,3.359209597741707
Gym Bag Pro,Foam Roller,0.0025,0.08677685950413223,3.359104238869635
Foam Roller,Gym Bag Pro,0.0025,0.0967741935483871,3.3591042388696346
Trimmer Pro,Shampoo,0.0017857142857142857,0.06912442396313363,3.3563304120827895
Shampoo,Trimmer Pro,0.0017857142857142857,0.08670520231213873,3.3563304120827895
Planner Diary Pro,Desk Organizer Pro,0.002142857142857143,0.07468879668049794,3.355004770674774
Desk Organizer Pro,Planner Diary Pro,0.002142857142857143,0.09625668449197862,3.3550047706747734
Analog Watch,Cotton T-Shirt,0.0017857142857142857,0.07142857142857142,3.35195530726257
Cotton T-Shirt,Analog Watch,0.0017857142857142857,0.08379888268156424,3.3519553072625694
Face Wash Pro,Face Mask Pack,0.0017857142857142857,0.07575757575757575,3.3492822966507174
Face Mask Pack,Face Wash Pro,0.0017857142857142857,0.07894736842105263,3.3492822966507174
Yoga Mat,Cycling Gloves,0.0020238095238095236,0.08252427184466019,3.348811031377515
Cycling Gloves,Yoga Mat,0.0020238095238095236,0.08212560386473429,3.348811031377515
Perfume Pro,Hair Dryer Pro,0.002261904761904762,0.08715596330275228,3.342968455448033
Hair Dryer Pro,Perfume Pro,0.002261904761904762,0.0867579908675799,3.342968455448033
Sunglasses Pro,Leather Wallet Pro,0.0020238095238095236,0.08542713567839195,3.3376183241790347
Leather Wallet Pro,Sunglasses Pro,0.0020238095238095236,0.07906976744186046,3.3376183241790347
Cotton T-Shirt,Denim Jacket Pro,0.0019047619047619048,0.0893854748603352,3.337057728119181
Denim Jacket Pro,Cotton T-Shirt,0.0019047619047619048,0.07111111111111111,3.3370577281191807
Planner Diary Pro,Bookmark Set Pro,0.002380952380952381,0.08298755186721993,3.335384859735155
Bookmark Set Pro,Planner Diary Pro,0.002380952380952381,0.09569377990430622,3.3353848597351545
Fitness Tracker,Gym Bag,0.002142857142857143,0.08219178082191782,3.335318642048839
Gym Bag,Fitness Tracker,0.002142857142857143,0.08695652173913043,3.3353186420488385
Webcam Pro,Mechanical Keyboard Pro,0.002142857142857143,0.09090909090909091,3.3346566097657804
Mechanical Keyboard Pro,Webcam Pro,0.002142857142857143,0.07860262008733625,3.33465660976578
Shampoo,Lipstick Pro,0.0016666666666666668,0.0809248554913295,3.3321999319959206
Lipstick Pro,Shampoo,0.0016666666666666668,0.06862745098039216,3.33219993199592
Laptop Stand Pro,Wireless Earbuds,0.0020238095238095236,0.07727272727272727,3.3286713286713283
Wireless Earbuds,Laptop Stand Pro,0.0020238095238095236,0.08717948717948718,3.3286713286713283
Sunglasses Pro,Sunglasses,0.0019047619047619048,0.08040201005025126,3.3269797262172935
Sunglasses,Sunglasses Pro,0.0019047619047619048,0.07881773399014778,3.3269797262172935
Water Bottle Pro,Fitness Tracker Pro,0.002380952380952381,0.09345794392523366,3.326469190559164
Fitness Tracker Pro,Water Bottle Pro,0.002380952380952381,0.0847457627118644,3.3264691905591635
Analog Watch Pro,Running Shoes,0.0017857142857142857,0.07246376811594203,3.3262057495842243
Running Shoes,Analog Watch Pro,0.0017857142857142857,0.08196721311475409,3.326205749584224
Face Mask Pack,Shampoo,0.0015476190476190477,0.06842105263157895,3.3221782780651052
Shampoo,Face Mask Pack,0.0015476190476190477,0.07514450867052024,3.3221782780651052
Face Wash,Hair Dryer Pro,0.002380952380952381,0.08658008658008659,3.320880033208801
Hair Dryer Pro,Face Wash,0.002380952380952381,0.09132420091324202,3.3208800332088004
Backpack,Backpack Pro,0.002142857142857143,0.09090909090909091,3.3201581027667983
Backpack Pro,Backpack,0.002142857142857143,0.0782608695652174,3.3201581027667983
Electric Kettle,Air Fryer,0.0020238095238095236,0.08133971291866028,3.31676499279974
Air Fryer,Electric Kettle,0.0020238095238095236,0.08252427184466019,3.3167649927997394
Backpack,Winter Hoodie,0.0017857142857142857,0.07575757575757575,3.314393939393939
Winter Hoodie,Backpack,0.0017857142857142857,0.078125,3.314393939393939
Art Supplies Kit Pro,Desk Organizer Pro,0.0016666666666666668,0.0736842105263158,3.309878975513651
Desk Organizer Pro,Art Supplies Kit Pro,0.0016666666666666668,0.07486631016042782,3.309878975513651
Foam Roller,Water Bottle,0.0020238095238095236,0.07834101382488479,3.3068568649700114
Denim Jacket,Sunglasses Pro,0.0020238095238095236,0.07834101382488479,3.3068568649700114
Sunglasses Pro,Denim Jacket,0.0020238095238095236,0.08542713567839195,3.306856864970011
Water Bottle,Foam Roller,0.0020238095238095236,0.08542713567839195,3.306856864970011
Analog Watch,Backpack Pro,0.002261904761904762,0.09047619047619047,3.3043478260869565
Backpack Pro,Analog Watch,0.002261904761904762,0.08260869565217391,3.304347826086956
Air Fryer Pro,Storage Boxes Pro,0.002380952380952381,0.0888888888888889,3.303834808259588
Storage Boxes Pro,Air Fryer Pro,0.002380952380952381,0.08849557522123895,3.303834808259588
USB-C Cable Pro,Phone Case Pro,0.0019047619047619048,0.08376963350785341,3.303591180591402
Phone Case Pro,USB-C Cable Pro,0.0019047619047619048,0.07511737089201878,3.3035911805914018
Foam Roller Pro,Fitness Tracker,0.002142857142857143,0.0861244019138756,3.303401717244544
Fitness Tracker,Foam Roller Pro,0.002142857142857143,0.08219178082191782,3.303401717244544
Ceramic Mug Set Pro,Wall Clock,0.0017857142857142857,0.08021390374331551,3.302925448254168
Wall Clock,Ceramic Mug Set Pro,0.0017857142857142857,0.07352941176470588,3.302925448254168
Denim Jacket,Cotton T-Shirt Pro,0.002142857142857143,0.08294930875576037,3.3022473627885645
Cotton T-Shirt Pro,Denim Jacket,0.002142857142857143,0.08530805687203791,3.302247362788564
Power Bank,Smart Watch Pro,0.0025,0.08677685950413223,3.2983059721027637
Smart Watch Pro,Power Bank,0.0025,0.09502262443438914,3.298305972102763
Formal Shirt,Sunglasses,0.002142857142857143,0.07964601769911506,3.295697284101313
Sunglasses,Formal Shirt,0.002142857142857143,0.08866995073891626,3.2956972841013124
Wall Clock,Storage Boxes,0.0019047619047619048,0.0784313725490196,3.294117647058824
Storage Boxes,Wall Clock,0.0019047619047619048,0.08,3.294117647058824
Wireless Mouse Pro,Mechanical Keyboard,0.0020238095238095236,0.08585858585858584,3.29320603293206
Mechanical Keyboard,Wireless Mouse Pro,0.0020238095238095236,0.0776255707762557,3.29320603293206
Face Wash Pro,Hair Dryer Pro,0.0020238095238095236,0.08585858585858584,3.29320603293206
Hair Dryer Pro,Face Wash Pro,0.0020238095238095236,0.0776255707762557,3.29320603293206
Skipping Rope Pro,Water Bottle Pro,0.0019047619047619048,0.08376963350785341,3.288153838626022
Water Bottle Pro,Skipping Rope Pro,0.0019047619047619048,0.07476635514018692,3.288153838626022
Yoga Mat,Resistance Bands,0.0020238095238095236,0.08252427184466019,3.285326462062301
Resistance Bands,Yoga Mat,0.0020238095238095236,0.0805687203791469,3.285326462062301
Leather Wallet,Denim Jacket,0.0017857142857142857,0.0847457627118644,3.2804811372334606
Denim Jacket,Leather Wallet,0.0017857142857142857,0.06912442396313363,3.2804811372334606
Storage Boxes,Electric Kettle Pro,0.0019047619047619048,0.08,3.278048780487805
Electric Kettle Pro,Storage Boxes,0.0019047619047619048,0.07804878048780488,3.278048780487805
Planner Diary Pro,Art Supplies Kit,0.002380952380952381,0.08298755186721993,3.272748524341068
Art Supplies Kit,Planner Diary Pro,0.002380952380952381,0.09389671361502348,3.2727485243410674
Fitness Tracker,Resistance Bands,0.002142857142857143,0.08219178082191782,3.2720898526261117
Resistance Bands,Fitness Tracker,0.002142857142857143,0.08530805687203791,3.2720898526261113
Resistance Bands Pro,Dumbbell Set Pro,0.002261904761904762,0.08444444444444445,3.2688172043010755
Dumbbell Set Pro,Resistance Bands Pro,0.002261904761904762,0.08755760368663594,3.2688172043010755
Skipping Rope,Foam Roller,0.002261904761904762,0.08444444444444445,3.2688172043010755
Foam Roller,Skipping Rope,0.002261904761904762,0.08755760368663594,3.2688172043010755
Fiction Novel Pro,Bookmark Set,0.0017857142857142857,0.078125,3.2649253731343286
Bookmark Set,Fiction Novel Pro,0.0017857142857142857,0.0746268656716418,3.2649253731343286
Bedsheet Set Pro,Non-stick Pan Pro,0.0019047619047619048,0.07804878048780488,3.2617400800873684
Non-stick Pan Pro,Bedsheet Set Pro,0.0019047619047619048,0.07960199004975124,3.261740080087368
Perfume,Face Mask Pack,0.0019047619047619048,0.07373271889400922,3.2597623089983023
Face Mask Pack,Perfume,0.0019047619047619048,0.08421052631578947,3.2597623089983023
Bookmark Set,Sticky Notes Pro,0.0020238095238095236,0.0845771144278607,3.2589346843762836
Sticky Notes Pro,Bookmark Set,0.0020238095238095236,0.07798165137614678,3.2589346843762836
Puzzle Book Pro,Sticky Notes,0.0020238095238095236,0.07834101382488479,3.257745129351645
Sticky Notes,Puzzle Book Pro,0.0020238095238095236,0.08415841584158415,3.2577451293516444
Laptop Stand Pro,Webcam,0.002142857142857143,0.08181818181818182,3.2572167169323567
Webcam,Laptop Stand Pro,0.002142857142857143,0.08530805687203791,3.2572167169323563
Denim Jacket,Formal Shirt,0.002261904761904762,0.08755760368663594,3.25435341136169
Formal Shirt,Denim Jacket,0.002261904761904762,0.084070796460177,3.25435341136169
Gym Bag,Resistance Bands Pro,0.002142857142857143,0.08695652173913043,3.246376811594203
Resistance Bands Pro,Gym Bag,0.002142857142857143,0.08,3.246376811594203
Cycling Gloves,Cycling Gloves Pro,0.0019047619047619048,0.07729468599033816,3.246376811594203
Cycling Gloves Pro,Cycling Gloves,0.0019047619047619048,0.08,3.246376811594203
Face Wash,Lipstick,0.002261904761904762,0.08225108225108226,3.2437046521553565
Lipstick,Face Wash,0.002261904761904762,0.0892018779342723,3.243704652155356
Fiction Novel,Puzzle Book Pro,0.0020238095238095236,0.08374384236453201,3.241697123788336
Puzzle Book Pro,Fiction Novel,0.0020238095238095236,0.07834101382488479,3.241697123788336
Sunscreen Pro,Lipstick,0.002142857142857143,0.08219178082191782,3.2413660042446466
Lipstick,Sunscreen Pro,0.002142857142857143,0.08450704225352114,3.2413660042446466
LED Desk Lamp,Storage Boxes Pro,0.0020238095238095236,0.08717948717948718,3.240299523485364
Storage Boxes Pro,LED Desk Lamp,0.0020238095238095236,0.07522123893805309,3.2402995234853638
Phone Case Pro,Wireless Earbuds,0.0019047619047619048,0.07511737089201878,3.2358252076561937
Wireless Earbuds,Phone Case Pro,0.0019047619047619048,0.08205128205128205,3.2358252076561937
Backpack Pro,Winter Hoodie,0.0020238095238095236,0.07391304347826086,3.2336956521739126
Winter Hoodie,Backpack Pro,0.0020238095238095236,0.08854166666666666,3.2336956521739126
Sunscreen,Face Mask Pack Pro,0.0019047619047619048,0.08121827411167512,3.2333341352515212
Face Mask Pack Pro,Sunscreen,0.0019047619047619048,0.07582938388625592,3.2333341352515212
Fiction Novel Pro,Fiction Novel,0.0017857142857142857,0.078125,3.2327586206896552
Fiction Novel,Fiction Novel Pro,0.0017857142857142857,0.07389162561576354,3.232758620689655
Sunglasses Pro,Formal Shirt Pro,0.0019047619047619048,0.08040201005025126,3.2314683465172753
Formal Shirt Pro,Sunglasses Pro,0.0019047619047619048,0.07655502392344497,3.2314683465172753
Water Bottle,Foam Roller Pro,0.0019047619047619048,0.08040201005025126,3.2314683465172753
Foam Roller Pro,Water Bottle,0.0019047619047619048,0.07655502392344497,3.2314683465172753
Storage Boxes,LED Desk Lamp,0.0017857142857142857,0.075,3.2307692307692304
LED Desk Lamp,Storage Boxes,0.0017857142857142857,0.07692307692307691,3.2307692307692304
Wireless Mouse,USB-C Cable,0.0020238095238095236,0.08095238095238094,3.2227488151658763
USB-C Cable,Wireless Mouse,0.0020238095238095236,0.0805687203791469,3.222748815165876
Phone Case,Mechanical Keyboard Pro,0.002142857142857143,0.0878048780487805,3.2207902865054856
Mechanical Keyboard Pro,Phone Case,0.002142857142857143,0.07860262008733625,3.220790286505485
Webcam,Webcam Pro,0.0019047619047619048,0.07582938388625592,3.217004164871463
Webcam Pro,Webcam,0.0019047619047619048,0.0808080808080808,3.217004164871463
Storage Boxes,Knife Set Pro,0.0019047619047619048,0.08,3.215311004784689
Knife Set Pro,Storage Boxes,0.0019047619047619048,0.07655502392344497,3.215311004784689
Bedsheet Set,Non-stick Pan,0.0017857142857142857,0.07575757575757575,3.2139577594123043
Non-stick Pan,Bedsheet Set,0.0017857142857142857,0.07575757575757575,3.2139577594123043
Fountain Pen,Puzzle Book Pro,0.002142857142857143,0.08294930875576037,3.21094098409395
Puzzle Book Pro,Fountain Pen,0.002142857142857143,0.08294930875576037,3.21094098409395
Planner Diary,Art Supplies Kit Pro,0.0016666666666666668,0.07253886010362695,3.2069811835287707
Art Supplies Kit Pro,Planner Diary,0.0016666666666666668,0.0736842105263158,3.2069811835287703
LED Desk Lamp Pro,Cushion Cover Set Pro,0.0019047619047619048,0.07476635514018692,3.204272363150868
Cushion Cover Set Pro,LED Desk Lamp Pro,0.0019047619047619048,0.08163265306122448,3.2042723631508676
Body Lotion,Face Mask Pack,0.0019047619047619048,0.07239819004524886,3.2007620862110024
Face Mask Pack,Body Lotion,0.0019047619047619048,0.08421052631578947,3.2007620862110024
Analog Watch,Running Shoes Pro,0.0019047619047619048,0.07619047619047618,3.1999999999999997
Running Shoes Pro,Analog Watch,0.0019047619047619048,0.08,3.1999999999999997
Sketch Pens,Notebook Set Pro,0.0017857142857142857,0.07425742574257425,3.1987814166031985
Notebook Set Pro,Sketch Pens,0.0017857142857142857,0.07692307692307691,3.1987814166031985
Storage Boxes Pro,Bedsheet Set,0.0020238095238095236,0.07522123893805309,3.1912040761598277
Bedsheet Set,Storage Boxes Pro,0.0020238095238095236,0.08585858585858584,3.1912040761598277
Gym Bag Pro,Football,0.002261904761904762,0.07851239669421488,3.1860103006348064
Gym Bag Pro,Cycling Gloves,0.002261904761904762,0.07851239669421488,3.1860103006348064
Gym Bag Pro,Gym Bag,0.002261904761904762,0.07851239669421488,3.1860103006348064
Gym Bag,Gym Bag Pro,0.002261904761904762,0.09178743961352656,3.1860103006348064
Football,Gym Bag Pro,0.002261904761904762,0.09178743961352656,3.1860103006348064
Cycling Gloves,Gym Bag Pro,0.002261904761904762,0.09178743961352656,3.1860103006348064
Cotton T-Shirt Pro,Running Shoes Pro,0.0019047619047619048,0.07582938388625592,3.184834123222749
Running Shoes Pro,Cotton T-Shirt Pro,0.0019047619047619048,0.08,3.184834123222749
USB-C Cable Pro,Smart Watch Pro,0.0019047619047619048,0.08376963350785341,3.1840041695292696
Smart Watch Pro,USB-C Cable Pro,0.0019047619047619048,0.07239819004524886,3.184004169529269
Bookmark Set Pro,Sketch Pens,0.0019047619047619048,0.07655502392344497,3.183476242361078
Sketch Pens,Bookmark Set Pro,0.0019047619047619048,0.07920792079207921,3.183476242361078
Bedsheet Set Pro,Air Fryer,0.0019047619047619048,0.07804878048780488,3.182571631541558
Air Fryer,Bedsheet Set Pro,0.0019047619047619048,0.07766990291262135,3.182571631541558
Cushion Cover Set Pro,Cushion Cover Set,0.0017857142857142857,0.07653061224489795,3.182461103253182
Cushion Cover Set,Cushion Cover Set Pro,0.0017857142857142857,0.07425742574257425,3.182461103253182
Bedsheet Set,Storage Boxes,0.0017857142857142857,0.07575757575757575,3.1818181818181817
Storage Boxes,Bedsheet Set,0.0017857142857142857,0.075,3.1818181818181817
Mechanical Keyboard,Phone Case,0.0020238095238095236,0.0776255707762557,3.180755095222185
Phone Case,Mechanical Keyboard,0.0020238095238095236,0.08292682926829267,3.180755095222185
Electric Kettle Pro,Knife Set,0.0020238095238095236,0.08292682926829267,3.180755095222185
Knife Set,Electric Kettle Pro,0.0020238095238095236,0.0776255707762557,3.180755095222185
Body Lotion Pro,Perfume,0.0019047619047619048,0.08205128205128205,3.176178660049628
Perfume,Body Lotion Pro,0.0019047619047619048,0.07373271889400922,3.1761786600496276
Mechanical Keyboard Pro,Power Bank Pro,0.002142857142857143,0.07860262008733625,3.1743365804501176
Power Bank Pro,Mechanical Keyboard Pro,0.002142857142857143,0.08653846153846154,3.1743365804501176
Storage Boxes,Air Fryer Pro,0.0020238095238095236,0.08499999999999999,3.1733333333333333
Air Fryer Pro,Storage Boxes,0.0020238095238095236,0.07555555555555556,3.1733333333333333
Sticky Notes,Puzzle Book,0.002142857142857143,0.08910891089108912,3.1716730995133413
Puzzle Book,Sticky Notes,0.002142857142857143,0.07627118644067797,3.1716730995133413
Storage Boxes Pro,Wall Clock Pro,0.002142857142857143,0.07964601769911506,3.1707419368368077
Wall Clock Pro,Storage Boxes Pro,0.002142857142857143,0.08530805687203791,3.1707419368368073
Sunglasses,Running Shoes,0.0016666666666666668,0.06896551724137931,3.165630299604296
Running Shoes,Sunglasses,0.0016666666666666668,0.07650273224043716,3.165630299604296
Denim Jacket Pro,Leather Wallet,0.0017857142857142857,0.06666666666666667,3.1638418079096047
Leather Wallet,Denim Jacket Pro,0.0017857142857142857,0.0847457627118644,3.1638418079096047
Desk Organizer Pro,Art Supplies Kit,0.0017857142857142857,0.08021390374331551,3.1633652180462457
Art Supplies Kit,Desk Organizer Pro,0.0017857142857142857,0.07042253521126761,3.1633652180462457
Foam Roller Pro,Skipping Rope Pro,0.0017857142857142857,0.07177033492822966,3.156391693178687
Skipping Rope Pro,Foam Roller Pro,0.0017857142857142857,0.07853403141361257,3.1563916931786866
Water Bottle Pro,Water Bottle,0.0019047619047619048,0.07476635514018692,3.1559667496360313
Water Bottle,Water Bottle Pro,0.0019047619047619048,0.08040201005025126,3.155966749636031
Trimmer Pro,Moisturizer Pro,0.002142857142857143,0.08294930875576037,3.1528244051963217
Moisturizer Pro,Trimmer Pro,0.002142857142857143,0.08144796380090498,3.1528244051963217
Bookmark Set Pro,Puzzle Book Pro,0.0020238095238095236,0.08133971291866028,3.148634048464269
Puzzle Book Pro,Bookmark Set Pro,0.0020238095238095236,0.07834101382488479,3.148634048464269
Formal Shirt Pro,Cotton T-Shirt,0.0016666666666666668,0.06698564593301436,3.143460479538104
Cotton T-Shirt,Formal Shirt Pro,0.0016666666666666668,0.0782122905027933,3.1434604795381036
Air Fryer Pro,LED Desk Lamp Pro,0.002142857142857143,0.08,3.140186915887851
LED Desk Lamp Pro,Air Fryer Pro,0.002142857142857143,0.08411214953271029,3.140186915887851
Cycling Gloves Pro,Water Bottle Pro,0.0019047619047619048,0.08,3.140186915887851
Water Bottle Pro,Cycling Gloves Pro,0.0019047619047619048,0.07476635514018692,3.140186915887851
Perfume Pro,Body Lotion,0.002142857142857143,0.08256880733944955,3.138361907924779
Body Lotion,Perfume Pro,0.002142857142857143,0.08144796380090498,3.138361907924779
Face Wash Pro,Perfume,0.0019047619047619048,0.0808080808080808,3.1280547409579667
Perfume,Face Wash Pro,0.0019047619047619048,0.07373271889400922,3.1280547409579667
Art Supplies Kit,Sketch Pens,0.0019047619047619048,0.07511737089201878,3.1236926509552365
Sketch Pens,Art Supplies Kit,0.0019047619047619048,0.07920792079207921,3.1236926509552365
Lipstick Pro,Face Mask Pack Pro,0.0019047619047619048,0.0784313725490196,3.12238639531642
Face Mask Pack Pro,Lipstick Pro,0.0019047619047619048,0.07582938388625592,3.12238639531642
Laptop Stand Pro,Power Bank Pro,0.0020238095238095236,0.07727272727272727,3.1206293706293704
Power Bank Pro,Laptop Stand Pro,0.0020238095238095236,0.08173076923076922,3.12062937062937
Cushion Cover Set,Storage Boxes,0.0017857142857142857,0.07425742574257425,3.118811881188119
Storage Boxes,Cushion Cover Set,0.0017857142857142857,0.075,3.118811881188119
Football Pro,Foam Roller,0.0020238095238095236,0.0805687203791469,3.118789175966977
Foam Roller,Football Pro,0.0020238095238095236,0.07834101382488479,3.118789175966977
Puzzle Book,Fountain Pen,0.002261904761904762,0.08050847457627118,3.1164570803717875
Fountain Pen,Puzzle Book,0.002261904761904762,0.08755760368663594,3.1164570803717875
Ceramic Mug Set Pro,Cushion Cover Set,0.0016666666666666668,0.07486631016042782,3.1132525017207606
Cushion Cover Set,Ceramic Mug Set Pro,0.0016666666666666668,0.06930693069306931,3.1132525017207606
Smart Watch Pro,Laptop Stand Pro,0.002142857142857143,0.08144796380090498,3.1098313451254627
Laptop Stand Pro,Smart Watch Pro,0.002142857142857143,0.08181818181818182,3.1098313451254627
Winter Hoodie,Running Shoes,0.0015476190476190477,0.06770833333333334,3.10792349726776
Running Shoes,Winter Hoodie,0.0015476190476190477,0.07103825136612021,3.1079234972677594
Phone Case,Webcam,0.0019047619047619048,0.07804878048780488,3.107155242168535
Webcam,Phone Case,0.0019047619047619048,0.07582938388625592,3.107155242168535
Foam Roller Pro,Gym Bag,0.0019047619047619048,0.07655502392344497,3.10658068095139
Gym Bag,Foam Roller Pro,0.0019047619047619048,0.07729468599033816,3.10658068095139
Planner Diary Pro,Puzzle Book,0.0025,0.08713692946058092,3.10148392995288
Puzzle Book,Planner Diary Pro,0.0025,0.08898305084745763,3.10148392995288
Smart Watch,Mechanical Keyboard Pro,0.002142857142857143,0.08450704225352114,3.0998216372470635
Mechanical Keyboard Pro,Smart Watch,0.002142857142857143,0.07860262008733625,3.0998216372470635
Desk Organizer Pro,Fiction Novel,0.0016666666666666668,0.07486631016042782,3.0979162825004614
Fiction Novel,Desk Organizer Pro,0.0016666666666666668,0.06896551724137931,3.0979162825004614
Air Fryer Pro,Bedsheet Set Pro,0.0020238095238095236,0.07555555555555556,3.0959349593495937
Bedsheet Set Pro,Air Fryer Pro,0.0020238095238095236,0.08292682926829267,3.0959349593495933
Puzzle Book Pro,Bookmark Set,0.0019047619047619048,0.07373271889400922,3.0813673567645643
Bookmark Set,Puzzle Book Pro,0.0019047619047619048,0.07960199004975124,3.0813673567645643
Moisturizer,Body Lotion,0.0020238095238095236,0.08095238095238094,3.0769230769230766
Body Lotion,Moisturizer,0.0020238095238095236,0.07692307692307691,3.076923076923076
Sports Cap Pro,Sunglasses Pro,0.0020238095238095236,0.07264957264957264,3.066615126916634
Sunglasses Pro,Sports Cap Pro,0.0020238095238095236,0.08542713567839195,3.066615126916634
Planner Diary,Art Supplies Kit,0.0017857142857142857,0.07772020725388601,3.06502225789973
Art Supplies Kit,Planner Diary,0.0017857142857142857,0.07042253521126761,3.06502225789973
Sports Cap,Denim Jacket Pro,0.0019047619047619048,0.08205128205128205,3.0632478632478635
Denim Jacket Pro,Sports Cap,0.0019047619047619048,0.07111111111111111,3.063247863247863
USB-C Cable,Smart Watch Pro,0.0020238095238095236,0.0805687203791469,3.0623405030987962
Smart Watch Pro,USB-C Cable,0.0020238095238095236,0.07692307692307691,3.0623405030987962
Shampoo Pro,Hair Dryer Pro,0.0020238095238095236,0.07981220657276995,3.0612901151199434
Hair Dryer Pro,Shampoo Pro,0.0020238095238095236,0.0776255707762557,3.0612901151199434
Sunglasses,Denim Jacket,0.0019047619047619048,0.07881773399014778,3.05100905768314
Denim Jacket,Sunglasses,0.0019047619047619048,0.07373271889400922,3.05100905768314
LED Desk Lamp Pro,Air Fryer,0.0019047619047619048,0.07476635514018692,3.048725161056166
Air Fryer,LED Desk Lamp Pro,0.0019047619047619048,0.07766990291262135,3.0487251610561654
LED Desk Lamp Pro,Knife Set,0.0020238095238095236,0.0794392523364486,3.0469850211240557
Knife Set,LED Desk Lamp Pro,0.0020238095238095236,0.0776255707762557,3.0469850211240557
Sports Cap,Backpack,0.0016666666666666668,0.0717948717948718,3.045843045843046
Backpack,Sports Cap,0.0016666666666666668,0.0707070707070707,3.0458430458430454
Sticky Notes Pro,Art Supplies Kit Pro,0.0017857142857142857,0.06880733944954129,3.0420086914534044
Art Supplies Kit Pro,Sticky Notes Pro,0.0017857142857142857,0.07894736842105263,3.042008691453404
Desk Organizer,Desk Organizer Pro,0.0016666666666666668,0.0676328502415459,3.038053165930404
Desk Organizer Pro,Desk Organizer,0.0016666666666666668,0.07486631016042782,3.038053165930404
Football,Water Bottle Pro,0.0019047619047619048,0.07729468599033816,3.033997020181498
Water Bottle Pro,Football,0.0019047619047619048,0.07476635514018692,3.033997020181498
Phone Case Pro,Power Bank Pro,0.0019047619047619048,0.07511737089201878,3.0335861321776814
Power Bank Pro,Phone Case Pro,0.0019047619047619048,0.07692307692307691,3.0335861321776814
Moisturizer,Face Wash Pro,0.0017857142857142857,0.07142857142857142,3.03030303030303
Face Wash Pro,Moisturizer,0.0017857142857142857,0.07575757575757575,3.03030303030303
Cushion Cover Set,Air Fryer,0.0017857142857142857,0.07425742574257425,3.0279727001826395
Air Fryer,Cushion Cover Set,0.0017857142857142857,0.07281553398058252,3.0279727001826395
Denim Jacket,Cotton T-Shirt,0.0016666666666666668,0.06451612903225806,3.0275725355919985
Cotton T-Shirt,Denim Jacket,0.0016666666666666668,0.0782122905027933,3.0275725355919985
Formal Shirt,Sports Cap Pro,0.002261904761904762,0.084070796460177,3.0179260267755845
Sports Cap Pro,Formal Shirt,0.002261904761904762,0.08119658119658119,3.017926026775584
Planner Diary,Sticky Notes,0.0016666666666666668,0.07253886010362695,3.0164674498537942
Sticky Notes,Planner Diary,0.0016666666666666668,0.06930693069306931,3.016467449853794
Wireless Earbuds Pro,Wireless Mouse Pro,0.0017857142857142857,0.07109004739336493,3.0159414045669966
Wireless Mouse Pro,Wireless Earbuds Pro,0.0017857142857142857,0.07575757575757575,3.015941404566996
Sunglasses Pro,Analog Watch,0.0017857142857142857,0.07537688442211056,3.0150753768844223
Analog Watch,Sunglasses Pro,0.0017857142857142857,0.07142857142857142,3.0150753768844223
Wall Clock,Bedsheet Set Pro,0.0017857142857142857,0.07352941176470588,3.0129124820659974
Bedsheet Set Pro,Wall Clock,0.0017857142857142857,0.07317073170731707,3.012912482065997
Dumbbell Set Pro,Yoga Mat,0.0019047619047619048,0.07373271889400922,3.0065768869401817
Yoga Mat,Dumbbell Set Pro,0.0019047619047619048,0.07766990291262135,3.006576886940181
Leather Wallet Pro,Sports Cap,0.0017857142857142857,0.06976744186046512,3.0053667262969586
Sports Cap,Leather Wallet Pro,0.0017857142857142857,0.07692307692307691,3.0053667262969586
Planner Diary,Fiction Novel,0.0016666666666666668,0.07253886010362695,3.0016080042880118
Fiction Novel,Planner Diary,0.0016666666666666668,0.06896551724137931,3.0016080042880113
Resistance Bands,Water Bottle,0.0017857142857142857,0.07109004739336493,3.000785920121937
Water Bottle,Resistance Bands,0.0017857142857142857,0.07537688442211056,3.000785920121937
Desk Organizer,Puzzle Book Pro,0.0019047619047619048,0.07729468599033816,2.992052360916316
Puzzle Book Pro,Desk Organizer,0.0019047619047619048,0.07373271889400922,2.992052360916316
Face Wash Pro,Shampoo Pro,0.0017857142857142857,0.07575757575757575,2.987622705932565
Shampoo Pro,Face Wash Pro,0.0017857142857142857,0.07042253521126761,2.987622705932565
Face Wash Pro,Lipstick,0.0017857142857142857,0.07575757575757575,2.987622705932565
Lipstick,Face Wash Pro,0.0017857142857142857,0.07042253521126761,2.987622705932565
Smart Watch,Webcam Pro,0.0017857142857142857,0.07042253521126761,2.987622705932565
Webcam Pro,Smart Watch,0.0017857142857142857,0.07575757575757575,2.987622705932565
Notebook Set Pro,Sticky Notes,0.0016666666666666668,0.0717948717948718,2.985529322162986
Sticky Notes,Notebook Set Pro,0.0016666666666666668,0.06930693069306931,2.9855293221629857
Knife Set Pro,Cushion Cover Set,0.0017857142857142857,0.07177033492822966,2.984508977213511
Cushion Cover Set,Knife Set Pro,0.0017857142857142857,0.07425742574257425,2.9845089772135105
Laptop Stand,Phone Case,0.0017857142857142857,0.07281553398058252,2.9836609045702107
Phone Case,Laptop Stand,0.0017857142857142857,0.07317073170731707,2.9836609045702107
Body Lotion,Trimmer Pro,0.0020238095238095236,0.07692307692307691,2.9776674937965257
Trimmer Pro,Body Lotion,0.0020238095238095236,0.07834101382488479,2.9776674937965257
Resistance Bands Pro,Yoga Mat Pro,0.0020238095238095236,0.07555555555555556,2.9657320872274147
Yoga Mat Pro,Resistance Bands Pro,0.0020238095238095236,0.0794392523364486,2.965732087227414
Fitness Tracker,Football,0.0019047619047619048,0.0730593607305936,2.9647276818211896
Football,Fitness Tracker,0.0019047619047619048,0.07729468599033816,2.9647276818211896
Moisturizer,Trimmer Pro,0.0019047619047619048,0.07619047619047618,2.9493087557603683
Trimmer Pro,Moisturizer,0.0019047619047619048,0.07373271889400922,2.9493087557603683
Planner Diary Pro,Bookmark Set,0.0020238095238095236,0.07053941908713693,2.947916021551991
Bookmark Set,Planner Diary Pro,0.0020238095238095236,0.0845771144278607,2.947916021551991
Art Supplies Kit Pro,Notebook Set,0.0017857142857142857,0.07894736842105263,2.9473684210526314
Notebook Set,Art Supplies Kit Pro,0.0017857142857142857,0.06666666666666667,2.9473684210526314
Notebook Set,Planner Diary Pro,0.002261904761904762,0.08444444444444445,2.9432918395574
Planner Diary Pro,Notebook Set,0.002261904761904762,0.07883817427385892,2.9432918395574
Sunglasses,Denim Jacket Pro,0.0019047619047619048,0.07881773399014778,2.9425287356321843
Denim Jacket Pro,Sunglasses,0.0019047619047619048,0.07111111111111111,2.942528735632184
Wireless Earbuds,Phone Case,0.0016666666666666668,0.0717948717948718,2.9418386491557227
Phone Case,Wireless Earbuds,0.0016666666666666668,0.06829268292682927,2.9418386491557222
Knife Set Pro,Bedsheet Set Pro,0.0017857142857142857,0.07177033492822966,2.940833236083557
Bedsheet Set Pro,Knife Set Pro,0.0017857142857142857,0.07317073170731707,2.9408332360835567
Analog Watch,Leather Wallet,0.0015476190476190477,0.06190476190476191,2.937853107344633
Leather Wallet,Analog Watch,0.0015476190476190477,0.07344632768361582,2.937853107344633
Trimmer Pro,Face Mask Pack Pro,0.0019047619047619048,0.07373271889400922,2.9353309891453905
Face Mask Pack Pro,Trimmer Pro,0.0019047619047619048,0.07582938388625592,2.9353309891453905
Resistance Bands,Dumbbell Set Pro,0.0019047619047619048,0.07582938388625592,2.9353309891453905
Dumbbell Set Pro,Resistance Bands,0.0019047619047619048,0.07373271889400922,2.9353309891453905
Wireless Earbuds,USB-C Cable Pro,0.0015476190476190477,0.06666666666666667,2.931937172774869
USB-C Cable Pro,Wireless Earbuds,0.0015476190476190477,0.06806282722513089,2.931937172774869
Art Supplies Kit,Sticky Notes,0.0017857142857142857,0.07042253521126761,2.9284618602705343
Sticky Notes,Art Supplies Kit,0.0017857142857142857,0.07425742574257425,2.928461860270534
Wireless Mouse,Phone Case,0.0017857142857142857,0.07142857142857142,2.926829268292683
Phone Case,Wireless Mouse,0.0017857142857142857,0.07317073170731707,2.9268292682926824
Ceramic Mug Set Pro,Storage Boxes,0.0015476190476190477,0.06951871657754011,2.9197860962566846
Storage Boxes,Ceramic Mug Set Pro,0.0015476190476190477,0.065,2.9197860962566846
Notebook Set Pro,Desk Organizer,0.0016666666666666668,0.0717948717948718,2.913415087328131
Desk Organizer,Notebook Set Pro,0.0016666666666666668,0.0676328502415459,2.913415087328131
Sports Cap Pro,Backpack,0.0019047619047619048,0.06837606837606837,2.9008029008029004
Backpack,Sports Cap Pro,0.0019047619047619048,0.0808080808080808,2.9008029008029004
Electric Kettle Pro,Non-stick Pan,0.0016666666666666668,0.06829268292682927,2.8972653362897267
Non-stick Pan,Electric Kettle Pro,0.0016666666666666668,0.0707070707070707,2.8972653362897263
Non-stick Pan Pro,Cushion Cover Set,0.0016666666666666668,0.06965174129353234,2.896409043889464
Cushion Cover Set,Non-stick Pan Pro,0.0016666666666666668,0.06930693069306931,2.896409043889464
USB-C Cable Pro,Smart Watch,0.0016666666666666668,0.07329842931937174,2.890642283017477
Smart Watch,USB-C Cable Pro,0.0016666666666666668,0.06572769953051644,2.8906422830174767
Planner Diary,Planner Diary Pro,0.0019047619047619048,0.08290155440414508,2.8895147593146002
Planner Diary Pro,Planner Diary,0.0019047619047619048,0.06639004149377593,2.8895147593146002
Denim Jacket Pro,Analog Watch Pro,0.0019047619047619048,0.07111111111111111,2.8856682769726247
Analog Watch Pro,Denim Jacket Pro,0.0019047619047619048,0.07729468599033816,2.8856682769726247
Football Pro,Gym Bag,0.0017857142857142857,0.07109004739336493,2.88481351741191
Gym Bag,Football Pro,0.0017857142857142857,0.07246376811594203,2.88481351741191
Bedsheet Set,Air Fryer,0.0016666666666666668,0.0707070707070707,2.8832009414533686
Air Fryer,Bedsheet Set,0.0016666666666666668,0.06796116504854369,2.883200941453368
Cushion Cover Set,Ceramic Mug Set,0.0016666666666666668,0.06930693069306931,2.882070385256348
Ceramic Mug Set,Cushion Cover Set,0.0016666666666666668,0.06930693069306931,2.882070385256348
Mechanical Keyboard Pro,Power Bank,0.002261904761904762,0.08296943231441048,2.879930708434083
Power Bank,Mechanical Keyboard Pro,0.002261904761904762,0.07851239669421488,2.879930708434083
Laptop Stand,Phone Case Pro,0.0017857142857142857,0.07281553398058252,2.8715985231779024
Phone Case Pro,Laptop Stand,0.0017857142857142857,0.07042253521126761,2.8715985231779024
Phone Case Pro,Laptop Stand Pro,0.0019047619047619048,0.07511737089201878,2.8681177976952625
Laptop Stand Pro,Phone Case Pro,0.0019047619047619048,0.07272727272727272,2.8681177976952625
Cycling Gloves Pro,Skipping Rope Pro,0.0015476190476190477,0.065,2.8586387434554976
Skipping Rope Pro,Cycling Gloves Pro,0.0015476190476190477,0.06806282722513089,2.8586387434554976
Foam Roller Pro,Resistance Bands,0.0017857142857142857,0.07177033492822966,2.857207646431892
Resistance Bands,Foam Roller Pro,0.0017857142857142857,0.07109004739336493,2.857207646431892
Air Fryer Pro,Cushion Cover Set Pro,0.0017857142857142857,0.06666666666666667,2.8571428571428568
Cushion Cover Set Pro,Air Fryer Pro,0.0017857142857142857,0.07653061224489795,2.8571428571428568
Face Mask Pack,Trimmer Pro,0.0016666666666666668,0.0736842105263158,2.8522920203735147
Trimmer Pro,Face Mask Pack,0.0016666666666666668,0.06451612903225806,2.8522920203735143
Gym Bag,Water Bottle Pro,0.0017857142857142857,0.07246376811594203,2.8443722064201546
Water Bottle Pro,Gym Bag,0.0017857142857142857,0.07009345794392523,2.844372206420154
Wireless Mouse,Webcam,0.0017857142857142857,0.07142857142857142,2.8436018957345968
Webcam,Wireless Mouse,0.0017857142857142857,0.07109004739336493,2.8436018957345968
Cotton T-Shirt Pro,Denim Jacket Pro,0.0019047619047619048,0.07582938388625592,2.830963665086888
Denim Jacket Pro,Cotton T-Shirt Pro,0.0019047619047619048,0.07111111111111111,2.8309636650868875
Fitness Tracker,Dumbbell Set Pro,0.0019047619047619048,0.0730593607305936,2.828104286345559
Dumbbell Set Pro,Fitness Tracker,0.0019047619047619048,0.07373271889400922,2.828104286345559
Smart Watch,Wireless Mouse,0.0017857142857142857,0.07042253521126761,2.816901408450704
Wireless Mouse,Smart Watch,0.0017857142857142857,0.07142857142857142,2.816901408450704
Webcam,Wireless Mouse Pro,0.0016666666666666668,0.06635071090047394,2.8148786442625306
Wireless Mouse Pro,Webcam,0.0016666666666666668,0.0707070707070707,2.81487864426253
Backpack Pro,Sports Cap,0.0017857142857142857,0.06521739130434782,2.809364548494983
Sports Cap,Backpack Pro,0.0017857142857142857,0.07692307692307691,2.8093645484949827
Phone Case Pro,USB-C Cable,0.0017857142857142857,0.07042253521126761,2.803551164808758
USB-C Cable,Phone Case Pro,0.0017857142857142857,0.07109004739336493,2.803551164808758
Sunscreen,Shampoo Pro,0.0016666666666666668,0.07106598984771574,2.802602416529635
Shampoo Pro,Sunscreen,0.0016666666666666668,0.06572769953051644,2.8026024165296346
LED Desk Lamp Pro,Storage Boxes Pro,0.0019047619047619048,0.07476635514018692,2.778926474237036
Storage Boxes Pro,LED Desk Lamp Pro,0.0019047619047619048,0.07079646017699115,2.778926474237036
Formal Shirt Pro,Sunglasses,0.0016666666666666668,0.06698564593301436,2.771819831710939
Bookmark Set Pro,Fiction Novel,0.0016666666666666668,0.06698564593301436,2.771819831710939
Fiction Novel,Bookmark Set Pro,0.0016666666666666668,0.06896551724137931,2.7718198317109386
Sunglasses,Formal Shirt Pro,0.0016666666666666668,0.06896551724137931,2.7718198317109386
Laptop Stand,Smart Watch Pro,0.0017857142857142857,0.07281553398058252,2.767649255370557
Smart Watch Pro,Laptop Stand,0.0017857142857142857,0.06787330316742081,2.767649255370557
Fitness Tracker,Fitness Tracker Pro,0.0020238095238095236,0.0776255707762557,2.762944044578593
Fitness Tracker Pro,Fitness Tracker,0.0020238095238095236,0.07203389830508473,2.7629440445785924
Storage Boxes Pro,Ceramic Mug Set,0.0017857142857142857,0.06637168141592921,2.7600105143257694
Ceramic Mug Set,Storage Boxes Pro,0.0017857142857142857,0.07425742574257425,2.760010514325769
Perfume Pro,Moisturizer,0.0017857142857142857,0.06880733944954129,2.7522935779816513
Moisturizer,Perfume Pro,0.0017857142857142857,0.07142857142857142,2.7522935779816513
Sunscreen,Trimmer Pro,0.0016666666666666668,0.07106598984771574,2.7509415424922223
Trimmer Pro,Sunscreen,0.0016666666666666668,0.06451612903225806,2.750941542492222
Sticky Notes,Fountain Pen Pro,0.0019047619047619048,0.07920792079207921,2.749365845675477
Fountain Pen Pro,Sticky Notes,0.0019047619047619048,0.06611570247933884,2.749365845675477
Fiction Novel Pro,Desk Organizer,0.0015476190476190477,0.06770833333333334,2.7475845410628024
Desk Organizer,Fiction Novel Pro,0.0015476190476190477,0.06280193236714976,2.747584541062802
Gym Bag,Cycling Gloves,0.0016666666666666668,0.0676328502415459,2.744521459077225
Cycling Gloves,Gym Bag,0.0016666666666666668,0.0676328502415459,2.744521459077225
Analog Watch,Sports Cap Pro,0.0019047619047619048,0.07619047619047618,2.7350427350427347
Sports Cap Pro,Analog Watch,0.0019047619047619048,0.06837606837606837,2.7350427350427347
Cushion Cover Set,Bedsheet Set,0.0015476190476190477,0.06435643564356436,2.7302730273027302
Bedsheet Set,Cushion Cover Set,0.0015476190476190477,0.06565656565656565,2.7302730273027302
Knife Set,Wall Clock Pro,0.0017857142857142857,0.0684931506849315,2.726741543855093
Wall Clock Pro,Knife Set,0.0017857142857142857,0.07109004739336493,2.726741543855093
Hair Dryer Pro,Face Mask Pack Pro,0.0017857142857142857,0.0684931506849315,2.726741543855093
Face Mask Pack Pro,Hair Dryer Pro,0.0017857142857142857,0.07109004739336493,2.726741543855093
Shampoo Pro,Trimmer Pro,0.0017857142857142857,0.07042253521126761,2.726033621081327
Trimmer Pro,Shampoo Pro,0.0017857142857142857,0.06912442396313363,2.7260336210813265
Wireless Mouse,USB-C Cable Pro,0.0015476190476190477,0.06190476190476191,2.722513089005236
USB-C Cable Pro,Wireless Mouse,0.0015476190476190477,0.06806282722513089,2.7225130890052354
Shampoo Pro,Lipstick Pro,0.0016666666666666668,0.06572769953051644,2.706434686550677
Lipstick Pro,Shampoo Pro,0.0016666666666666668,0.06862745098039216,2.706434686550677
USB-C Cable,Laptop Stand,0.0016666666666666668,0.06635071090047394,2.7055629687571896
Laptop Stand,USB-C Cable,0.0016666666666666668,0.06796116504854369,2.705562968757189
Sketch Pens Pro,Notebook Set,0.0017857142857142857,0.07246376811594203,2.705314009661836
Notebook Set,Sketch Pens Pro,0.0017857142857142857,0.06666666666666667,2.7053140096618358
Sunscreen,Moisturizer Pro,0.0016666666666666668,0.07106598984771574,2.7011507453430417
Moisturizer Pro,Sunscreen,0.0016666666666666668,0.06334841628959276,2.7011507453430412
Webcam Pro,Phone Case,0.0015476190476190477,0.06565656565656565,2.6903178122690314
Phone Case,Webcam Pro,0.0015476190476190477,0.06341463414634146,2.6903178122690314
Yoga Mat Pro,Fitness Tracker,0.0017857142857142857,0.07009345794392523,2.688516195109461
Fitness Tracker,Yoga Mat Pro,0.0017857142857142857,0.0684931506849315,2.688516195109461
Smart Watch Pro,Wireless Mouse Pro,0.0016666666666666668,0.06334841628959276,2.6875085698615107
Wireless Mouse Pro,Smart Watch Pro,0.0016666666666666668,0.0707070707070707,2.6875085698615107
Electric Kettle,Air Fryer Pro,0.0017857142857142857,0.07177033492822966,2.6794258373205744
Air Fryer Pro,Electric Kettle,0.0017857142857142857,0.06666666666666667,2.679425837320574
Mechanical Keyboard Pro,Laptop Stand,0.0017857142857142857,0.06550218340611354,2.670962818501717
Laptop Stand,Mechanical Keyboard Pro,0.0017857142857142857,0.07281553398058252,2.670962818501717
Lipstick Pro,Trimmer Pro,0.0016666666666666668,0.06862745098039216,2.6565464895635675
Trimmer Pro,Lipstick Pro,0.0016666666666666668,0.06451612903225806,2.656546489563567
Non-stick Pan Pro,Electric Kettle Pro,0.0015476190476190477,0.0646766169154229,2.650163815070987
Electric Kettle Pro,Non-stick Pan Pro,0.0015476190476190477,0.06341463414634146,2.6501638150709868
Webcam,USB-C Cable,0.0016666666666666668,0.06635071090047394,2.6414501021989625
USB-C Cable,Webcam,0.0016666666666666668,0.06635071090047394,2.6414501021989625
Smart Watch Pro,Bluetooth Speaker,0.0017857142857142857,0.06787330316742081,2.6395173453996983
Bluetooth Speaker,Smart Watch Pro,0.0017857142857142857,0.06944444444444445,2.6395173453996983
Yoga Mat,Foam Roller,0.0016666666666666668,0.06796116504854369,2.630754776072659
Foam Roller,Yoga Mat,0.0016666666666666668,0.06451612903225806,2.6307547760726586
Football,Dumbbell Set Pro,0.0016666666666666668,0.0676328502415459,2.6180458158017768
Dumbbell Set Pro,Football,0.0016666666666666668,0.06451612903225806,2.6180458158017763
USB-C Cable,Webcam Pro,0.0015476190476190477,0.061611374407582936,2.613815883958064
Webcam Pro,USB-C Cable,0.0015476190476190477,0.06565656565656565,2.6138158839580634
Body Lotion,Lipstick Pro,0.0016666666666666668,0.06334841628959276,2.608464200159702
Lipstick Pro,Body Lotion,0.0016666666666666668,0.06862745098039216,2.608464200159702
Moisturizer,Lipstick Pro,0.0015476190476190477,0.06190476190476191,2.5490196078431375
Lipstick Pro,Moisturizer,0.0015476190476190477,0.06372549019607844,2.5490196078431375
Webcam,Laptop Stand,0.0015476190476190477,0.061611374407582936,2.5123084709888186
Laptop Stand,Webcam,0.0015476190476190477,0.06310679611650485,2.5123084709888186
Notebook Set Pro,Planner Diary Pro,0.0016666666666666668,0.0717948717948718,2.502393871688478
Planner Diary Pro,Notebook Set Pro,0.0016666666666666668,0.058091286307053944,2.5023938716884775
LED Desk Lamp Pro,Bedsheet Set Pro,0.0015476190476190477,0.060747663551401876,2.489172555276955
Bedsheet Set Pro,LED Desk Lamp Pro,0.0015476190476190477,0.06341463414634146,2.4891725552769546
Football Pro,Foam Roller Pro,0.0015476190476190477,0.061611374407582936,2.4762466269076393
Foam Roller Pro,Football Pro,0.0015476190476190477,0.06220095693779904,2.4762466269076393
Backpack,Denim Jacket Pro,0.0015476190476190477,0.06565656565656565,2.451178451178451
Denim Jacket Pro,Backpack,0.0015476190476190477,0.05777777777777778,2.451178451178451
Air Fryer Pro,Bedsheet Set,0.0015476190476190477,0.05777777777777778,2.451178451178451
Bedsheet Set,Air Fryer Pro,0.0015476190476190477,0.06565656565656565,2.451178451178451
Resistance Bands Pro,Fitness Tracker Pro,0.0017857142857142857,0.06666666666666667,2.3728813559322033
Fitness Tracker Pro,Resistance Bands Pro,0.0017857142857142857,0.0635593220338983,2.3728813559322033
Perfume,Moisturizer Pro,0.0015476190476190477,0.05990783410138249,2.2770398481973437
Moisturizer Pro,Perfume,0.0015476190476190477,0.058823529411764705,2.2770398481973433
