ProductName,Air Fryer,Air Fryer Pro,Analog Watch,Analog Watch Pro,Art Supplies Kit,Art Supplies Kit Pro,Backpack,Backpack Pro,Bedsheet Set,Bedsheet Set Pro,Bluetooth Speaker,Bluetooth Speaker Pro,Body Lotion,Body Lotion Pro,Bookmark Set,Bookmark Set Pro,Ceramic Mug Set,Ceramic Mug Set Pro,Cotton T-Shirt,Cotton T-Shirt Pro,Cushion Cover Set,Cushion Cover Set Pro,Cycling Gloves,Cycling Gloves Pro,Denim Jacket,Denim Jacket Pro,Desk Organizer,Desk Organizer Pro,Dumbbell Set,Dumbbell Set Pro,Electric Kettle,Electric Kettle Pro,Face Mask Pack,Face Mask Pack Pro,Face Wash,Face Wash Pro,Fiction Novel,Fiction Novel Pro,Fitness Tracker,Fitness Tracker Pro,Foam Roller,Foam Roller Pro,Football,Football Pro,Formal Shirt,Formal Shirt Pro,Fountain Pen,Fountain Pen Pro,Gym Bag,Gym Bag Pro,Hair Dryer,Hair Dryer Pro,Knife Set,Knife Set Pro,LED Desk Lamp,LED Desk Lamp Pro,Laptop Stand,Laptop Stand Pro,Leather Wallet,Leather Wallet Pro,Lipstick,Lipstick Pro,Mechanical Keyboard,Mechanical Keyboard Pro,Moisturizer,Moisturizer Pro,Non-stick Pan,Non-stick Pan Pro,Notebook Set,Notebook Set Pro,Perfume,Perfume Pro,Phone Case,Phone Case Pro,Planner Diary,Planner Diary Pro,Power Bank,Power Bank Pro,Puzzle Book,Puzzle Book Pro,Resistance Bands,Resistance Bands Pro,Running Shoes,Running Shoes Pro,Shampoo,Shampoo Pro,Sketch Pens,Sketch Pens Pro,Skipping Rope,Skipping Rope Pro,Smart Watch,Smart Watch Pro,Sports Cap,Sports Cap Pro,Sticky Notes,Sticky Notes Pro,Storage Boxes,Storage Boxes Pro,Sunglasses,Sunglasses Pro,Sunscreen,Sunscreen Pro,Trimmer,Trimmer Pro,USB-C Cable,USB-C Cable Pro,Wall Clock,Wall Clock Pro,Water Bottle,Water Bottle Pro,Webcam,Webcam Pro,Winter Hoodie,Winter Hoodie Pro,Wireless Earbuds,Wireless Earbuds Pro,Wireless Mouse,Wireless Mouse Pro,Yoga Mat,Yoga Mat Pro
Air Fryer,1.0,0.362611002542096,0.29204999438089074,0.28692804639332803,0.3058688141449187,0.2948400903257044,0.29724918843283105,0.35098866736330514,0.2897020398682998,0.30257228975347994,0.3189461703391927,0.3160195510689117,0.2770716224888407,0.2613042120982533,0.26009055810479254,0.2290829205767141,0.31923126919402633,0.34324803187604064,0.2428928465661049,0.31945750162265485,0.397979473822459,0.3603317883215533,0.3351627045058222,0.3153209326281641,0.3325586799907042,0.2571064991484193,0.24832777771303438,0.29586875828410064,0.21408806909210892,0.2542632314137841,0.39986059931602524,0.3630732727794874,0.29396169160350427,0.3146756887041774,0.2761290576679756,0.24549384372519784,0.24293487189344712,0.26744788169530664,0.2776942373395871,0.2421329229737118,0.2602017883422027,0.28639951731086627,0.24853951881365724,0.25194658931970704,0.31974270459196935,0.28935567176163757,0.2285141601218196,0.3184179098059453,0.2156187801811421,0.3472148026148275,0.3280252406255358,0.25641729919685996,0.36281576932259496,0.27374765047025157,0.33995802474442227,0.3126401028474515,0.2950278714225708,0.2884093120088741,0.1777088681568011,0.31569065483152126,0.32114642504783447,0.31351873391320373,0.2911803442403254,0.31234828336271325,0.2897272689986904,0.2935426443692921,0.3491979441293285,0.29717843171647246,0.29627603971666905,0.28621867822023406,0.3345437367185059,0.3275703759522942,0.24969508599111184,0.3248425709275552,0.3445838941002734,0.3349446474769435,0.27963851000518447,0.3124939531128776,0.2840072923212011,0.30566170162653283,0.27383328836964915,0.3014287449204627,0.23340313316278688,0.3176257032637645,0.3126995664469826,0.3038987572042438,0.2921526063497234,0.2528925647376774,0.27202802639791995,0.25415670185306755,0.31271602455393965,0.3065707313079477,0.2924740642377679,0.2917191366163885,0.28833889287625836,0.3327510200810603,0.3104411467334698,0.32352347434097783,0.2678447162404044,0.2593070634763193,0.2955398343226383,0.33618678508322863,0.24271018154780605,0.34917637658673284,0.2763106742697674,0.31629062251495565,0.34663349145312294,0.372466266893532,0.26753124418119034,0.3132409689415121,0.28022214810828283,0.2778256305261423,0.23210638369661313,0.2464574927399525,0.3056232236927584,0.3227768428378617,0.32854607907980626,0.24651957964643084,0.27616094716036393,0.31502538208160075
Air Fryer Pro,0.362611002542096,1.0000000000000002,0.314966585162951,0.3047631436498645,0.3278594898858374,0.27767386967565066,0.27933284094401856,0.343444022440882,0.305989973930367,0.30006611739858025,0.3006676612221291,0.2909493551941218,0.32740667002170354,0.2504044610081755,0.2759620508817667,0.26406643172102384,0.4448205790223378,0.37719025934442285,0.2923054545024187,0.37916862327260037,0.3887144933714468,0.30619225672945705,0.2963599613239929,0.2375273423364719,0.3059189636599884,0.4023657807911176,0.3205641973676676,0.3084716884479046,0.30716802104823016,0.34217291065532973,0.27468211241297585,0.36713150802134825,0.2697200576956963,0.29546714134689117,0.32925470877619356,0.2725775615775766,0.2783754770052432,0.3015199751665503,0.2660820250049179,0.30807101749863686,0.3294832400931922,0.3041619198930261,0.331098471737474,0.2930823004437577,0.2912220072139792,0.28234845345736015,0.2811124019702887,0.3541589749815519,0.2456260532239285,0.32821720423633444,0.28255470825738427,0.33316418139784854,0.3451098334058178,0.26537058347520315,0.3905441038007661,0.3798127251380159,0.2708424447485457,0.2682809329332469,0.31875308664556434,0.34976546460652774,0.27340566448168196,0.26496026618740026,0.3072983956416369,0.3225091549595532,0.2642865068162025,0.3511827025924211,0.29752772080073564,0.33386059340113255,0.30556955836835514,0.3029339196895872,0.3558842751872241,0.29119158400684775,0.3072524660794195,0.30772828060270463,0.2971920419366133,0.3367934931233002,0.33634873310402047,0.2954748506804069,0.27018607980309184,0.317283141043582,0.3163644445812801,0.3217982370784607,0.27924756513564697,0.23593643725325225,0.35682093640022833,0.3369024254063556,0.26404016949278547,0.2445073244136788,0.3387471904931322,0.33445403649124833,0.3117184410584002,0.3242716718710087,0.2593229915419602,0.3099955927303234,0.31979833417605186,0.3930757498195868,0.28135018832818354,0.2833671309755293,0.31805937617334906,0.22710681643363873,0.2965291149209157,0.3540768683751646,0.2823772826836147,0.342794981455682,0.2103925410421946,0.28718777657703615,0.3003352857616032,0.34881528534092654,0.3009146253535508,0.306603938179857,0.21276581832470234,0.245065717411152,0.2989285553781713,0.30599951036401585,0.2995779481159389,0.31487870171452004,0.287537896850686,0.2934746218530198,0.31632878745614085,0.32179551577400317
Analog Watch,0.29204999438089074,0.314966585162951,0.9999999999999997,0.3446860718921713,0.2635445230052227,0.23677768413807448,0.39785093432934965,0.28890754517914446,0.2155465017453047,0.2336977861028041,0.34854512140762395,0.30436193683677093,0.2682418964039197,0.217864914562282,0.2884998614186698,0.25073489979824104,0.27855997633008495,0.2917646167115555,0.2338000641545003,0.3440873762221104,0.2706567796659756,0.28558559413336015,0.2726849049607617,0.22693537642626513,0.3383002908887939,0.32730740418130155,0.31877981379276876,0.28185366046185384,0.26500544133641446,0.24602267340732292,0.29731417126369397,0.27466817124053283,0.2932894307550039,0.3010784009680937,0.3571359131855885,0.3076476842008189,0.30579850757034427,0.2520974576317373,0.28786673599936285,0.2708734923141076,0.29193887151868986,0.25914051060373045,0.2831856799653952,0.31326121698683657,0.310209782217305,0.35381112004594917,0.24874193685414764,0.34439780089651406,0.21654009125417134,0.2693011108923313,0.29550199850546693,0.30560972245167556,0.2283686976815795,0.23115191577391225,0.2619505757802155,0.27651373638007315,0.25106323138767,0.2388082636000445,0.280323028219998,0.45353222975941454,0.3956177723676202,0.3198580652037583,0.27080466429304695,0.3259855075655223,0.28635344016507086,0.2679480168625581,0.32697885785700537,0.24912351682310332,0.28667998837477326,0.27981765496770294,0.3304175251286192,0.3007013485970229,0.2634327362680353,0.22797398913561168,0.28628174123603434,0.28277965567454155,0.26913623306984985,0.317819128590498,0.3247630414779034,0.3373969950579502,0.26850748139708325,0.2578708887472938,0.33047632021274315,0.24881270850112902,0.21031407896065368,0.31033085568734153,0.2906849801706114,0.25396089477612716,0.2835093997741014,0.26825656546438015,0.25298856795797803,0.2928208395563403,0.28152633255124937,0.2984951578289262,0.306716284191828,0.2752990398445222,0.27534694470720666,0.3153969407393956,0.33107152962874686,0.26669411384769764,0.36223520411244303,0.2994804679469304,0.3335167612562546,0.29077018774763946,0.3190950088072938,0.20994328419670605,0.2485918911361666,0.28174397004132506,0.25124559260126816,0.19188311002445213,0.22486023297957886,0.26067875916028566,0.3031156899847035,0.28773295914509806,0.28692535557611043,0.3405769424419692,0.2942106581909159,0.3100387584079164,0.3126451442743232,0.24378763478332355
Analog Watch Pro,0.28692804639332803,0.3047631436498645,0.3446860718921713,0.9999999999999994,0.3401390133320359,0.2721342214615836,0.34405509703525616,0.3592716923224179,0.2666971906259756,0.23606810150646584,0.2766800629670179,0.35638447618693736,0.3424245959186213,0.2946567744759914,0.30530889393774113,0.42092915516933854,0.28623044895317507,0.3260160812615218,0.3157117296686145,0.3261669638410415,0.30966014677288844,0.38036546915384895,0.25727668452437125,0.2842792420120949,0.37510360882317134,0.3639632172141142,0.3609382651928866,0.18787106528416248,0.2547926424389081,0.26858688994576857,0.339695755883201,0.3686706847681571,0.3092905432625254,0.3493349899496253,0.3208389189288937,0.29102113288747133,0.2544248207472164,0.2895334496842825,0.30826142978180965,0.29149860749589007,0.2984980236932204,0.32802417054461513,0.3161515994927687,0.26037383522580354,0.3747839982265144,0.39391255331456715,0.2951274541079978,0.28911856205453346,0.28086691183680934,0.30868407630091743,0.31693665625603407,0.28784866972660256,0.3077745335047963,0.28887030446173756,0.343723284325476,0.2697067844400842,0.2647494612083078,0.2747746972933943,0.33832494092909954,0.37676370144105364,0.29770366803606785,0.29880614374615305,0.3363199236924633,0.34080099907459144,0.3214156278857364,0.2849017927651024,0.36404730460493373,0.30750071844950977,0.32936700745960534,0.3619980158060432,0.33261861901457984,0.27534783671719615,0.29374225133760357,0.34301172842981253,0.3743500957218351,0.30886975143138246,0.305084145399665,0.28910109961107,0.29980998353636357,0.3345191571950721,0.2963393941802124,0.25715067817178017,0.30987081318879084,0.35251240641915943,0.2905415630132874,0.3276738189759419,0.2623463968296016,0.3122504379615353,0.2578398667456352,0.3085937252253883,0.24062287290172138,0.3067183758737036,0.33174713873231204,0.42642268720451515,0.3746328291064486,0.3814617442256569,0.35666134032059754,0.38028161270808736,0.30518166251783996,0.3462876753087696,0.2921881848023367,0.29854468909912957,0.3588633356078727,0.36866480798359036,0.31124652336789105,0.2546708729956702,0.3017898948033921,0.33892878554179806,0.22986679783147806,0.29506461981589743,0.26683060141880605,0.2897028635292145,0.33838923934573634,0.29738926096989843,0.36296762203910204,0.3260904666950602,0.288580039684712,0.2935689273306456,0.23575687501435066,0.3092889214181535
Art Supplies Kit,0.3058688141449187,0.3278594898858374,0.2635445230052227,0.3401390133320359,1.0000000000000002,0.2530203163996515,0.23177884910486674,0.34286288485612093,0.2576575586580392,0.2881634626885903,0.30987607435043474,0.2904603591831654,0.27890111639015375,0.2819377716048234,0.3465120925922928,0.31195342055672776,0.26143984549675525,0.279658831134599,0.2585176327150348,0.26913819598275845,0.2742124956699105,0.3370163278248831,0.3048167433095249,0.26571020025605063,0.29059783076617096,0.29173699393942576,0.3345651658006305,0.2851463706545158,0.2803724110289504,0.33179066369699783,0.26900511560952733,0.2645345326996622,0.31094987622064807,0.2853634963013788,0.26410286067762334,0.2688320756705316,0.281708884299274,0.33225414058670827,0.31811364646391427,0.33450046996261884,0.26554844007739353,0.27457288896541954,0.3100711821146506,0.31239504789615496,0.32424797831493757,0.23276681899903268,0.35252515710911975,0.29932549236756095,0.3066932402629709,0.33238354912832035,0.23605650023982178,0.27780784967100186,0.3104319052457999,0.24631204401955606,0.26953866391044273,0.32532198846490246,0.2626282899068954,0.2652331016308029,0.24136523464338427,0.2816975276568946,0.2415125366074931,0.2862576843552019,0.2985044025292817,0.28895490897509213,0.27198744793724294,0.2874578755231651,0.3254791868963616,0.3348801305015492,0.34247917408797995,0.2553802129742494,0.2279583134794523,0.28350325696491935,0.2628297246387768,0.27286207579290866,0.259185767364161,0.34027361595176536,0.29399727659575536,0.24383078232843625,0.32057823129251695,0.31546459088014633,0.23622444846644453,0.33839547704257755,0.2695442941586165,0.25710562084035754,0.3036417885073947,0.35202516439959003,0.28408428192662083,0.3709700557482356,0.26267027700917195,0.2689815090622384,0.3173641578089094,0.3354215121469099,0.2521988110255191,0.3353231905564669,0.32404152306121226,0.4318022944264772,0.27773611500045126,0.246562442121955,0.24444937859357901,0.23342862977730372,0.2801257538642449,0.30330907568778354,0.273375782834132,0.3037672795825017,0.279022909481073,0.3287240639341662,0.23593420230920645,0.2633951834292375,0.3112456921309591,0.3299570851879406,0.2350635311558248,0.3067300692515348,0.3057695195533278,0.25897167263801046,0.26608510302398003,0.34845904298808306,0.2972451275494018,0.2521933782462069,0.30689480840758715,0.2596979128969861
Art Supplies Kit Pro,0.2948400903257044,0.27767386967565066,0.23677768413807448,0.2721342214615836,0.2530203163996515,1.0000000000000002,0.25820419594071337,0.3244516290849183,0.2909552603043447,0.244893130789178,0.26786322543804786,0.23206973381959545,0.31289456181265995,0.2014298403761619,0.24383411359365037,0.2972366044268284,0.23445888451019392,0.20530832971690666,0.19880526621195863,0.2978890829615567,0.35433081683361856,0.2488536083888473,0.32417514765720506,0.23796403584745607,0.2325936099489028,0.2862359010495424,0.3508246802455226,0.358545976055343,0.25123548865432177,0.27398333045776124,0.2657668636815751,0.2533105242010324,0.24992742542981083,0.23396685661579864,0.35294161124707923,0.2382725827579843,0.39665931617308803,0.27025613828467465,0.33324827844693405,0.3678292243708594,0.2829063287058888,0.26889631812713854,0.285733440585058,0.27279735838662933,0.2766365458067513,0.2425056563543928,0.3440478588729624,0.43106531456551317,0.24291358505958266,0.26543106519713017,0.23856288753526497,0.24232915284893647,0.25040191811205825,0.23451554544147374,0.31518247311332026,0.2609457013279839,0.29125386965382527,0.276194716039136,0.31635127182223155,0.27423669553494473,0.2961790786727138,0.27357333573563997,0.3077003447172317,0.2776467732372027,0.25045626996346276,0.29644464418751965,0.2362721148799087,0.20499638845287885,0.3254105582284355,0.2546635796551025,0.24224669152264347,0.3190743651830049,0.2429796570532931,0.31032706570510044,0.31047471763090945,0.3922750902432952,0.3022222998645023,0.2659520985113544,0.3822695840021254,0.3273460285783067,0.3207447781037576,0.2701446072023387,0.22658920887456174,0.2226358962854686,0.2468969820748904,0.2809770725713082,0.2985083621532094,0.3574645437441923,0.31063810580643536,0.3356056271323099,0.31176310117979417,0.2562266467703872,0.2936837063531578,0.31159829565278396,0.30617437512565565,0.3083107256214076,0.25066077269071824,0.27493043754835156,0.3100474366169303,0.30285263089425024,0.3048443588971059,0.2989777301701302,0.2085370060383238,0.2542285875783632,0.21418926841280952,0.30391663361475607,0.22321091641661966,0.27152059612928553,0.21344978965677308,0.2151141202609052,0.3045896700047255,0.28134421584765423,0.33255531584983616,0.20367423152764202,0.2920152789898984,0.2368110548131559,0.4051856925553836,0.3518960373120853,0.26915683103471616,0.2670333173642146
Backpack,0.29724918843283105,0.27933284094401856,0.39785093432934965,0.34405509703525616,0.23177884910486674,0.25820419594071337,1.0000000000000002,0.2576339322299278,0.25111400224511493,0.26525440237153886,0.28905782479863046,0.26418388976085627,0.2243752206359599,0.23293418854544412,0.32402938115851976,0.25369676255757256,0.29536273582114936,0.2779608452252701,0.2522761492319991,0.31538554016415954,0.3513669174226431,0.33357446355582515,0.28654798528161246,0.2589465514954592,0.3348136463117053,0.3363734636543608,0.27581192193491205,0.24894665560320736,0.2863237427863189,0.24223056540861077,0.24926764611535462,0.2734987171612976,0.22483877289458654,0.3104711202701257,0.29054207975394186,0.28447438863409424,0.3401055129932232,0.23741007933962371,0.25807025749065055,0.2786329203703283,0.24976701470112714,0.25097094714497753,0.3242902367321146,0.23411368460216414,0.3343716252291227,0.3148423583226769,0.2620340687074757,0.34861676884421816,0.20927485849010208,0.25061370630032515,0.263318580825746,0.29653507750148095,0.24495074420369256,0.20846451750125367,0.27907884552105483,0.2668117147796728,0.22528848313709368,0.24035592124822935,0.2962921714443228,0.4023631874852079,0.2783866537745641,0.2673185939565602,0.26756321082443485,0.2712884988716483,0.23410060112826464,0.2614038364921859,0.30416232122875736,0.22303354659070385,0.2866370375128326,0.2699259980518296,0.2628203355871168,0.31686960234879413,0.2492590305847776,0.2970577894528617,0.3422582776545378,0.30115182949589625,0.29024893325080914,0.254788625027261,0.27011723889962863,0.32895048606760896,0.26386019580619746,0.2581478220688026,0.2889437652432718,0.3467818821983521,0.255221131623644,0.2691218532960973,0.3247319867461724,0.2914079049218605,0.3040114055610563,0.29703913602738274,0.2995446720509245,0.2987932106536696,0.2922717508255529,0.30604159526160346,0.401779262608547,0.3258753503414398,0.2998780012911596,0.25866545177441796,0.36578188740574974,0.30018017311046974,0.264534846241692,0.3017674357795716,0.2726890844791239,0.25897528710758266,0.31532292378974164,0.2814626953065459,0.2250830327292733,0.25969157459068326,0.2736363696848486,0.2496854772627197,0.2740069182016277,0.27210941848670755,0.3205970943951981,0.32094739502712155,0.2504698841411003,0.35635650922982265,0.2946493385647361,0.2595960634118557,0.3033670016725961,0.291585753149363
Backpack Pro,0.35098866736330514,0.343444022440882,0.28890754517914446,0.3592716923224179,0.34286288485612093,0.3244516290849183,0.2576339322299278,0.9999999999999997,0.3078079252104161,0.2869771512940886,0.28555432020972504,0.289934388563813,0.2874350146827043,0.31271162398900176,0.36178541894342975,0.3347002382152722,0.2638179735320338,0.2842926911553568,0.3230403571406321,0.3639344066162501,0.28118193514423695,0.34478634123434815,0.3430402392167383,0.35751772786701336,0.3910713610984499,0.36880559751582515,0.32667824791718486,0.3266917358261991,0.2840239710662445,0.3560946441361498,0.3467266291591173,0.3049695692404907,0.3152275706196715,0.3089381910111987,0.3434566265923138,0.2704309152899619,0.2658289739199692,0.266292024534143,0.3374733606243116,0.36483727908924185,0.35521347384452395,0.3189580018967493,0.3570956476963667,0.3003877247355847,0.46936472402353235,0.3603138778035975,0.27113733451566197,0.32497009098394375,0.2732652533726452,0.34852400680021633,0.3492736943371132,0.3513976234037553,0.367044705736205,0.2993622187492141,0.30001051752235675,0.31473421222563597,0.32207962207674723,0.306888530740554,0.3874230218133622,0.39249707123669264,0.2871241652706312,0.3090386701876512,0.35149900509052834,0.2791546403730381,0.31005063111634673,0.24278344287356862,0.32950522542062916,0.3459090715469653,0.3482073734811321,0.30366363154634185,0.34865938939791286,0.29500351173355227,0.3265406901928197,0.2909357825857408,0.277511547145388,0.31831776160894304,0.3536202411154196,0.2679029942284305,0.3352634135192389,0.3275720638507045,0.268115677996735,0.29809462814592536,0.31883918549540313,0.2905004596146624,0.29206118146938825,0.39408874507891867,0.2974607276601165,0.2582716079425135,0.33440922781496685,0.36167704257796784,0.24811694476978471,0.3835364023443601,0.35208069115374735,0.36691707194729806,0.3690256435055347,0.31835528166571536,0.2622825278462393,0.3291211464290527,0.3496666832169615,0.3034429132004274,0.29120819713790747,0.3369449519298741,0.31132244851446095,0.3444844030720051,0.3212917001754432,0.33603838285022525,0.3087747471939868,0.3547076657264612,0.2833037011191516,0.33795907743139003,0.29418829342566855,0.31980529894762566,0.3668042883182053,0.33125071499303044,0.28959550594032846,0.3489058067860333,0.3442856394924054,0.3157887593158996,0.30998010230349043,0.3029894102504255
Bedsheet Set,0.2897020398682998,0.305989973930367,0.2155465017453047,0.2666971906259756,0.2576575586580392,0.2909552603043447,0.25111400224511493,0.3078079252104161,1.0000000000000002,0.2626236995686374,0.2236080223205905,0.24600332338810052,0.22146251747074058,0.2259152266740047,0.24633885467965366,0.26721843318123306,0.2952960553311296,0.2625765808623214,0.2978834269160953,0.24944888392619977,0.3063943117391676,0.2882429734656296,0.2870306625790353,0.25824476818465775,0.2790173041145654,0.28082880652448383,0.264747169769549,0.2970564652179246,0.20438218616699633,0.32265137412427347,0.3195515722276082,0.31181765136778805,0.22843657110521354,0.29770678310705717,0.26831239945105123,0.225626206258015,0.3410483653530401,0.31973728983103455,0.28376710900111907,0.30724165606483866,0.2298904659754265,0.20163692362475488,0.21336332840330946,0.30839459048043705,0.2910928664412187,0.2674398922184916,0.2110082096448892,0.3805230844442947,0.2569215869675187,0.23658644270212448,0.2582607622433925,0.2891962724959938,0.2706325140951872,0.30550924433106097,0.29643889701543125,0.3314630231066868,0.280317153364986,0.27176807409758824,0.25049116041375746,0.24518074004481677,0.297000390299583,0.23389787371349846,0.28339756809428124,0.31829206733117,0.2672852082370751,0.3409357681353542,0.3057416817670259,0.36109009590866425,0.2525926787087308,0.2527147794897834,0.25491858910138504,0.22161039479734848,0.2319209218821998,0.28345012050199153,0.2800216060873105,0.2740650117172398,0.3372377428405839,0.2563063501055407,0.23217052235496338,0.32438598973032823,0.2722225608791587,0.22792024298180286,0.24939602017772444,0.24602891172558267,0.2365267671613341,0.23628948441224593,0.2816460621648005,0.19788410641101956,0.3307524080165417,0.257145993399796,0.2808190955971455,0.26282712378160417,0.21021153293778633,0.22604833059434726,0.27547234110581587,0.25099651840991244,0.27797474714006665,0.3020973543680586,0.21428000367072916,0.2652884165476751,0.3339339957766413,0.2571328213758558,0.2621054463866497,0.3305818075187925,0.24117368890082969,0.2561116821439775,0.22561429214324902,0.3017668762926501,0.2716771278690414,0.23416436047035194,0.22834206716227054,0.29936190393653783,0.24582342290412107,0.2310251325697529,0.3162905119688784,0.31638033947476335,0.3080932486287388,0.3245720793268425,0.25129263690137893,0.27076993795128346
Bedsheet Set Pro,0.30257228975347994,0.30006611739858025,0.2336977861028041,0.23606810150646584,0.2881634626885903,0.244893130789178,0.26525440237153886,0.2869771512940886,0.2626236995686374,1.0,0.351062343200202,0.2658957754140925,0.2663012800007878,0.2322311362369339,0.3026246924123852,0.2591579137159856,0.2996564564762981,0.26411812634683596,0.2379234356526533,0.2692694347808009,0.3469174303885413,0.2784633011516171,0.279188294749007,0.2354584651095409,0.2867880210263722,0.34841242065070493,0.2507075471302547,0.28330385108746514,0.2887476691387259,0.2569575180854469,0.2968916199278213,0.32365882800200785,0.28221485189562434,0.26067857625294566,0.28103508731663873,0.2420098519406509,0.27735153074885416,0.2937926102079599,0.30699950389009956,0.2770620842357224,0.29134195591885775,0.16901570972063273,0.2683768695247203,0.23682334036154773,0.24786340343987345,0.30486322184633513,0.2729577515091368,0.28618199876026373,0.25621897551728845,0.32224705126668673,0.26703661338758544,0.2741077713222898,0.4443831365899124,0.2630180596105793,0.26679500731388817,0.26431009629127294,0.28994374407743856,0.2781101121275234,0.19414345561720667,0.28003945213134135,0.22144566916149197,0.204028320324751,0.22315507429756476,0.33558810768720376,0.23182900714440186,0.3334100956614634,0.3255436041612633,0.3559827395308896,0.3271743610015594,0.28169005330964886,0.24693852892081997,0.31505153082238607,0.25843324949052815,0.2713454890214795,0.26968604466091195,0.3374438976155438,0.32185882297163226,0.2590950443203388,0.25607719000339524,0.32613402816613457,0.2681452185576207,0.3149684990477392,0.2411328990272577,0.23815598655036402,0.28203303556373843,0.24082914789759163,0.28403289320009545,0.28401615272802316,0.3079344035213138,0.2749632251522163,0.2848040076381735,0.2601520385522748,0.3420671904224113,0.246369847183132,0.24273838927566865,0.32447047564038733,0.311616567244474,0.28672043343311426,0.28011887101173544,0.3052104598145582,0.21892870372082163,0.2880694642266562,0.2519609511619638,0.27916318830954856,0.26862435267815993,0.22025120063280562,0.3095519656576483,0.30370438432663177,0.24663226533502092,0.2707156956897925,0.253440009889158,0.17452578700470278,0.26379815310617316,0.27978043652116175,0.2476758767111136,0.26414237961891585,0.31927501132028385,0.2830248387613429,0.2558615939359494,0.3100187296474142
Bluetooth Speaker,0.3189461703391927,0.3006676612221291,0.34854512140762395,0.2766800629670179,0.30987607435043474,0.26786322543804786,0.28905782479863046,0.28555432020972504,0.2236080223205905,0.351062343200202,1.0,0.35974080998932834,0.392266467656042,0.2597730949558433,0.279014687880394,0.2891675049286738,0.29409294357622745,0.3009702653703123,0.2733471407228545,0.3395684636155807,0.30874948002066227,0.25169052579011064,0.2875358654745053,0.2652069055857334,0.2607600446692048,0.2572312844670894,0.3103746068139094,0.3209856174289806,0.2804012142143074,0.24094507475624846,0.2620404760903602,0.2833165524991867,0.31107638110731084,0.24075963790815263,0.3018263923361073,0.29390942558726546,0.2845165259079402,0.28243560388253763,0.3214665774117011,0.2795087873536287,0.2995513114193734,0.28760938493087146,0.2744579267800415,0.427620488026644,0.27838031664000745,0.3608700530925143,0.32312273649904033,0.2537857264919398,0.2830842080989625,0.3843214370191771,0.297284474372092,0.26983505746381514,0.33987534756626214,0.2728099113320266,0.26970725248910393,0.3450569234539597,0.34599681238711677,0.3708391635141501,0.27662325990101627,0.38928790259197943,0.31491887341509184,0.2599472250950044,0.33907985565100246,0.4545015604982986,0.3164718705478109,0.300540077515298,0.2891384292391826,0.1960319416644197,0.33739033465199025,0.2920232649759057,0.28858805192123815,0.3481053732165558,0.3230207659770649,0.3647896485264046,0.2888210537235258,0.338433900726433,0.43712733907418794,0.3467012569774086,0.2915160699452082,0.2956332883820411,0.3141659967517733,0.35283896892352296,0.2559924909970612,0.28056522454878324,0.3305902179801329,0.3009461761790603,0.28765108274235907,0.2851808779989238,0.31705509924949893,0.260255768600967,0.3575940318184498,0.3313719592964053,0.2796186894472446,0.28064702947726633,0.3003175533232231,0.31150954805796727,0.27436531917675794,0.27355522055187614,0.27079913098540614,0.2630879478581815,0.2666277465854996,0.34159299752535616,0.30797766794829295,0.3400486198019169,0.34910368370476585,0.40103086993825343,0.25484815672101135,0.26930794312353545,0.3289462460694369,0.2618022802136172,0.3618303793389725,0.2845679189029626,0.2561258719701204,0.36034445934440434,0.3250599662142428,0.349100785406921,0.34815900755152146,0.3863650203902431,0.3367557647400883,0.3483139418115757
Bluetooth Speaker Pro,0.3160195510689117,0.2909493551941218,0.30436193683677093,0.35638447618693736,0.2904603591831654,0.23206973381959545,0.26418388976085627,0.289934388563813,0.24600332338810052,0.2658957754140925,0.35974080998932834,1.0000000000000004,0.3527082231336099,0.29687420952490945,0.3009425468143038,0.27616970018346765,0.2831774721104431,0.2817624195179252,0.2869031510930702,0.2812940660965174,0.2759302300928533,0.2925522637732424,0.2771531078739302,0.23772484924492465,0.3088276737353488,0.3563277329492175,0.3537811319758941,0.27193390531289763,0.258630713915966,0.29414320809689376,0.31500823630323155,0.348265196045455,0.2743149878864203,0.3025434565343128,0.271715008270313,0.18083744893117992,0.22582723498425816,0.2948708387107714,0.2725800590207444,0.22671335072890345,0.29690959991261817,0.2940366619932001,0.2573031638030536,0.3093347091174569,0.34590369441745095,0.2780792197190402,0.31364286854788404,0.3164201995061335,0.2523573235761382,0.27694866207751795,0.2786917566081423,0.2620657704195109,0.3056688489010427,0.3058202421639072,0.267115152680789,0.3095436072077609,0.32124139714634337,0.3623563561560828,0.21328665682972842,0.32218786846645314,0.2885509271309647,0.23248720109806092,0.4073474135315992,0.3296917765581919,0.3393365701383626,0.2552623399121765,0.34819634712911296,0.24846864125667087,0.2992918734222674,0.37025167831491196,0.29388035987305444,0.3005470233086198,0.31317258504449763,0.37167464750195794,0.3071482006619516,0.375522984479719,0.32035794010944396,0.3506799641187048,0.3093616199719016,0.3040971527190636,0.2728498223808349,0.19351770381852723,0.32084486863493217,0.3289627853374623,0.2913010807156296,0.3224778361276975,0.3112402255348668,0.26440075138967195,0.2869721875890852,0.24832043275370982,0.3644687384230098,0.39360659885534505,0.27878699446340727,0.28163174597264873,0.288347891004314,0.3028684925127371,0.3086579680865502,0.24212862516819467,0.2433678162327648,0.28246135472205514,0.3318512845870476,0.3307956180880782,0.3146222423133494,0.35135949918068793,0.28522890241579046,0.3102587088476209,0.27473685210059706,0.2784708247062109,0.3004345609629803,0.31551136581882055,0.3654387361638612,0.26758763787188755,0.30542603192562634,0.3269039693598299,0.29906237899016197,0.29121814157943754,0.3800703486487882,0.31079951717137505,0.26769889080994264,0.32662114053976626
Body Lotion,0.2770716224888407,0.32740667002170354,0.2682418964039197,0.3424245959186213,0.27890111639015375,0.31289456181265995,0.2243752206359599,0.2874350146827043,0.22146251747074058,0.2663012800007878,0.392266467656042,0.3527082231336099,1.0000000000000007,0.3338221478500288,0.24673905847060873,0.31506619225085764,0.23228730331570818,0.2505119596006924,0.24706387790986592,0.2744918161002742,0.3045366547945492,0.27494529682175084,0.2673158017255707,0.2556097051174824,0.2785963877069396,0.37239655537583455,0.352845171311066,0.28052369141960076,0.20530187988570864,0.2635432579545518,0.2432902780703309,0.2372150474606807,0.38765252489730917,0.3832942613322221,0.38822156189022394,0.2953931579112351,0.33396239286929436,0.29012989892726704,0.3327944493841597,0.25870261019705304,0.2603431614757938,0.30745592083449175,0.2642970451919028,0.2978943962816489,0.33067581582363587,0.3043710709786434,0.31765832519702497,0.28541786107668454,0.23087956091478418,0.34272102888318334,0.34614148350084495,0.36235356794314,0.331701456820183,0.20590462899182177,0.23439996501280208,0.3457696102301301,0.26193074140545336,0.3118319569565018,0.2729378822809787,0.30974567674021064,0.3174942021169308,0.29666848115363853,0.296471368437771,0.3324556637283663,0.36350699606180803,0.3706665483419787,0.31167057847420665,0.2560954118158273,0.3342895337516254,0.2849959064509048,0.3927033379618585,0.35611005123816547,0.3391661023500965,0.37075166949468463,0.2350097831855847,0.3917483052470402,0.3295018779966783,0.29221678969887643,0.302282845716478,0.2885111671687103,0.2773160451783591,0.3316024175986,0.2760424607976443,0.2692401372613956,0.3051951113360788,0.3715783149857086,0.3196504432410231,0.3044465219117223,0.2750484507558124,0.33022490332656873,0.2647215977752863,0.3409373551069096,0.28921080087005135,0.3277026241772032,0.3351868225067036,0.30954724229020064,0.25220763559033677,0.28583634338304703,0.2687014212980083,0.32668131817678087,0.3534392315903833,0.35291087796267256,0.381973311463215,0.3487630400506055,0.21897170161941154,0.31754000279244643,0.30025669798358284,0.2613442680785522,0.2950444478040404,0.26631222637645585,0.34034247511243065,0.23339801964966195,0.22550029129555324,0.328338765267116,0.2988143728482534,0.3186316753393123,0.2829761048428662,0.273072752749301,0.2157035537116972,0.2709626065510394
Body Lotion Pro,0.2613042120982533,0.2504044610081755,0.217864914562282,0.2946567744759914,0.2819377716048234,0.2014298403761619,0.23293418854544412,0.31271162398900176,0.2259152266740047,0.2322311362369339,0.2597730949558433,0.29687420952490945,0.3338221478500288,1.0000000000000002,0.3206046517711864,0.29721014624248365,0.2762070064934513,0.22530433939462235,0.28832288893318847,0.24181717762079974,0.2651756336927368,0.21706290183143664,0.37088831140234624,0.3272156887173873,0.31988843046903603,0.28653261017291987,0.23521362396766166,0.2175025186519619,0.2550672998275503,0.23648229813960872,0.22667408008915976,0.25295072884841535,0.3276914359154043,0.3863920380267505,0.30515290318353966,0.32086660179853077,0.2733970520703356,0.23134859032247687,0.32159311706234217,0.2808852588099491,0.2924587732390455,0.3206711368826821,0.2925153711367081,0.25727154207775293,0.367686779446963,0.21343327589964614,0.3176682076838602,0.31711776217226734,0.30717334365977833,0.3275935124535237,0.3029350664825807,0.33682923188765446,0.2910941029799346,0.16794196762735147,0.2892797395611098,0.2663057820069439,0.23237433874948196,0.2604009874829077,0.1915021143772866,0.33215072871736295,0.30779121030384204,0.2977160688684878,0.3069904781679387,0.3167580795456112,0.38034527151818925,0.3036879032944474,0.33971470720268093,0.3014381622541483,0.303564328319746,0.2359052210925502,0.2446819667586486,0.26669223110391177,0.3598476330153013,0.3266458319998292,0.22711810669364346,0.30130682096388917,0.2801566970155438,0.23469491186733715,0.2706822674290392,0.30003067088277613,0.25050822740605366,0.3265556745917433,0.313550078616869,0.22564236567630488,0.3424431303355839,0.3257348964418838,0.26986127223837025,0.28988839585096104,0.3097790543488299,0.2950444628357286,0.2663725859541982,0.2610068011235346,0.27308610929789506,0.31193138404850107,0.26548788736359175,0.33241326926860737,0.3298265238824761,0.22783633978974505,0.2297941636657378,0.2312878882416933,0.28715555532324166,0.33287017526292645,0.3575295077596065,0.2557923470323285,0.23604880066029613,0.29784369749607914,0.27272817114705117,0.2847219054636451,0.26282923227725535,0.28219580330949484,0.3295525346926659,0.3069801970530327,0.251091942642678,0.3398948551817087,0.25713538195114805,0.26526942230990136,0.22184025697929488,0.25214996638124737,0.22814245848957965,0.2223168516416909
Bookmark Set,0.26009055810479254,0.2759620508817667,0.2884998614186698,0.30530889393774113,0.3465120925922928,0.24383411359365037,0.32402938115851976,0.36178541894342975,0.24633885467965366,0.3026246924123852,0.279014687880394,0.3009425468143038,0.24673905847060873,0.3206046517711864,1.0000000000000002,0.3874349739753855,0.3568112467160312,0.2797117905902303,0.3194187398318836,0.29388730868165674,0.32381829224658576,0.28615753946428607,0.32234321276975775,0.26496516630334654,0.3216197802560996,0.2485672362094781,0.33600231477595555,0.2940867112833943,0.27355158035118265,0.2670630784033535,0.2304861667874033,0.3256093115022958,0.21831362354207073,0.27470608115235395,0.27728365275243394,0.2648035975758764,0.3479500598100058,0.31212230577025724,0.2708529851307688,0.2651519536275864,0.32025667662358426,0.2512084168413354,0.2716277848844464,0.22191778621297523,0.3562632144337103,0.29650654260297776,0.30951491666885517,0.37232783419007787,0.3219264756559406,0.3186468698806131,0.30928143588020796,0.25037550656881236,0.3161931755353394,0.24433462930724764,0.23605958408831734,0.3287111969766323,0.27484851769394225,0.2424250719947283,0.21370806390521646,0.33460727249790695,0.2377491558698381,0.32931950880419747,0.3300373317306211,0.25997410183344394,0.3008117507145221,0.23092119290341365,0.32493559080732,0.37543003389849017,0.39551927300141376,0.29067555162252373,0.25408456970733617,0.2759441155273507,0.22629077332251904,0.39063786675742757,0.29135096576273506,0.2967283780174482,0.29362832952335655,0.26306173633985047,0.3174653305110625,0.29064184539733484,0.2731369683090887,0.27917399580046387,0.3081636239291161,0.2868028437592981,0.27060264660517785,0.31073727557857667,0.30615220202924287,0.31319866932444274,0.2874159694857399,0.24000509363613887,0.24410144113497484,0.30062816076888726,0.32868723289900775,0.29605348911480855,0.41078917582442287,0.32688742565661333,0.26642875562882873,0.27577400880197933,0.2933580599077873,0.24454814043988737,0.26559184808144154,0.2894202374146415,0.2920959156241899,0.23229569857978144,0.28503196513002726,0.2595182346821673,0.2171893289508392,0.3021067730253904,0.24683792607424385,0.35675233212071866,0.3252037985087699,0.2989741451164843,0.3024058907685544,0.34669335892444597,0.22750740402784203,0.29638168324704567,0.3181881944088857,0.27016167653995005,0.30375907844145633,0.28014778391392753
Bookmark Set Pro,0.2290829205767141,0.26406643172102384,0.25073489979824104,0.42092915516933854,0.31195342055672776,0.2972366044268284,0.25369676255757256,0.3347002382152722,0.26721843318123306,0.2591579137159856,0.2891675049286738,0.27616970018346765,0.31506619225085764,0.29721014624248365,0.3874349739753855,0.9999999999999998,0.3287975544492625,0.2624073546120291,0.2933378715734761,0.3483206276806249,0.3325230157627923,0.31066603109935487,0.2832040214301731,0.36103820471174,0.32609252469848593,0.2929605006687079,0.3233908533200905,0.27244958723003104,0.27795469437271175,0.27488831558486565,0.2693232285658838,0.3374870841731529,0.23155742664405507,0.26946973965894366,0.34948065943746887,0.2654075810051058,0.3244540781300868,0.40911272325608217,0.2936986689021409,0.3414097637732739,0.3689710061276661,0.3517920714497041,0.3091556256980053,0.29928079671540775,0.32391697513366813,0.30269365713310026,0.3662575956363654,0.3971118235734327,0.3374980708780152,0.32896237104485265,0.31618992351110037,0.30567501152905174,0.3178741069595931,0.281521808007386,0.28032269806412274,0.31700299806820675,0.24534856968889995,0.3208507060468838,0.2554281931927798,0.2567352171984428,0.28764622215529917,0.29147267561849033,0.3285388399410009,0.3470455879980051,0.30695930338748395,0.2564069202753027,0.287451263370462,0.25811366192752905,0.33594138823480385,0.3250049928881872,0.32412831066498676,0.303996866890289,0.2936146080037824,0.3852501243354316,0.36534508818689465,0.3271212005764451,0.3506451581382777,0.28162392402396697,0.35294084259887204,0.3677899811065767,0.3613250917556765,0.35415443356895565,0.2697216408096407,0.2742522700678282,0.257738214563392,0.3402027374046154,0.3703754906062753,0.34832667724614846,0.367758533647472,0.2725657968311272,0.32289771974970627,0.3066508213056221,0.2597789462885316,0.28815378410274484,0.3614820237392252,0.35637587194193077,0.28531310042788943,0.2962707980383787,0.2663742930778033,0.30719058095637014,0.3269043780526294,0.29046558471384026,0.26434463027558885,0.2698585285644596,0.30034385968439237,0.2523696864505584,0.30826501829877384,0.2853582736115948,0.30101460724121615,0.29600882953171814,0.30318202396809146,0.31338430504087067,0.33996465354959327,0.3229946276647625,0.29219108864525145,0.24945920949298722,0.2949740439745708,0.2445709850392744,0.2629646256603614,0.2948324132607679
Ceramic Mug Set,0.31923126919402633,0.4448205790223378,0.27855997633008495,0.28623044895317507,0.26143984549675525,0.23445888451019392,0.29536273582114936,0.2638179735320338,0.2952960553311296,0.2996564564762981,0.29409294357622745,0.2831774721104431,0.23228730331570818,0.2762070064934513,0.3568112467160312,0.3287975544492625,1.0000000000000002,0.33824371378360524,0.24308646013362595,0.3851399585763735,0.34605848467838785,0.3137559559222062,0.33370609345593294,0.28029839068677403,0.2545504238017726,0.28774007704438126,0.24892076209725683,0.3017141350046969,0.23253402733213702,0.30455920323438745,0.2973451685068904,0.34224125059948535,0.25300647548566146,0.3165029845059445,0.2515991731264502,0.28623452202349986,0.2876715807759074,0.3342637169661047,0.2337914376429792,0.31736529432016514,0.24585209952427253,0.21822669755388924,0.2758516279818033,0.18583486667087767,0.31108451830223643,0.2764525331537192,0.31746518254052786,0.4087150305685936,0.29670527396127117,0.29120229293583944,0.2604416714866422,0.2894050228087211,0.3308859696452077,0.27942757417121084,0.3025071983300998,0.3764462237485265,0.23566728322030428,0.25093170592088854,0.251610812068966,0.3079992861161154,0.2566824043166024,0.29596882312378847,0.2689890869286776,0.3023677388414253,0.3083344538007833,0.2697509946201405,0.3518778127999041,0.3118150597004901,0.3376500136311765,0.32424999303596125,0.3011403429427264,0.2454382564659138,0.3202898079611468,0.31370043811022685,0.2540233344510713,0.3366084077759306,0.33433087574134784,0.3596560703283133,0.25544597253720003,0.34020233143833023,0.2582841335074167,0.2973125350337681,0.320806434896756,0.22266648719487486,0.309918652164082,0.27217214709303955,0.29394884718955766,0.27091318954835486,0.34792192670697003,0.23354070774357488,0.3309774206052531,0.2832662332929012,0.2818190857983014,0.2535164816286922,0.2995219086995014,0.3118037468374338,0.2996057510833916,0.3317708269335585,0.26603382131073366,0.26974168443952096,0.3253849109410437,0.27587185132842673,0.27500337590422125,0.34025807562947175,0.2538779254143035,0.30279899028958107,0.34506224267914953,0.3831213975240443,0.2616433835114455,0.2638514800507176,0.259103834015401,0.2720090980230865,0.3202434713517314,0.3179448952170294,0.2800416927886729,0.2708202810505927,0.3095769689404841,0.3214030712582045,0.3030384801029733,0.3289799305481196
Ceramic Mug Set Pro,0.34324803187604064,0.37719025934442285,0.2917646167115555,0.3260160812615218,0.279658831134599,0.20530832971690666,0.2779608452252701,0.2842926911553568,0.2625765808623214,0.26411812634683596,0.3009702653703123,0.2817624195179252,0.2505119596006924,0.22530433939462235,0.2797117905902303,0.2624073546120291,0.33824371378360524,1.0,0.3104895562533667,0.302504518844205,0.3059827884621227,0.3588278763017504,0.2724794155660626,0.25352689474496903,0.28841686346031203,0.3304665162339939,0.3231523655826942,0.288248549903153,0.2515853850468394,0.28546094964613195,0.3015506761381263,0.3011517152479183,0.24528188091631997,0.2681962320451721,0.2712165445359144,0.24054153462701483,0.2651217017002194,0.299978220250274,0.22035459662474322,0.29133469949762275,0.24866416760878207,0.22714269379063928,0.2925679202583493,0.22456047751704625,0.25273088662539533,0.283963151664014,0.2845514624263167,0.2948876359796834,0.2670200585518957,0.34372624756178877,0.2650533089602674,0.2604151317311777,0.31133018532404355,0.3225595116041896,0.32310887335931027,0.33271536096233345,0.2645693902816967,0.27208376599632106,0.23314428250182015,0.27336468296158783,0.2736154791365848,0.23609888122289624,0.3536450752590522,0.30772677774030444,0.31643304439963943,0.2544629138451237,0.3055651697349366,0.2800310260762554,0.308004143706183,0.31481570970006534,0.3384671583495952,0.26891269184526717,0.28274798844582166,0.3163684516617561,0.2550576931520415,0.24026755881827497,0.25470930373187484,0.23770084477313203,0.27325324592264866,0.27586030761769814,0.24989361310686076,0.2484956626596393,0.27255250162544276,0.34676631935305646,0.3201269304039331,0.3104992404311804,0.27309367869713125,0.29103611087286707,0.26624732956311026,0.2530564380300245,0.260368219838376,0.24309924417182802,0.25743013401222525,0.33985602389479064,0.2245415388036483,0.27982197377750406,0.33019350016897553,0.34612693742582,0.3178243018013022,0.2936506599902268,0.24885307632052428,0.3772564247259597,0.25774779526526026,0.30168203236247076,0.3315528869927188,0.3263003729676895,0.23204878927765477,0.2964772364511366,0.3021330193720102,0.2600225157764692,0.2867641149528572,0.2813050085386705,0.2804354302750429,0.2999971543426845,0.2409670443550747,0.3334555125995123,0.23800215294243873,0.26898138656318804,0.23691242674028662,0.20272595703838198
Cotton T-Shirt,0.2428928465661049,0.2923054545024187,0.2338000641545003,0.3157117296686145,0.2585176327150348,0.19880526621195863,0.2522761492319991,0.3230403571406321,0.2978834269160953,0.2379234356526533,0.2733471407228545,0.2869031510930702,0.24706387790986592,0.28832288893318847,0.3194187398318836,0.2933378715734761,0.24308646013362595,0.3104895562533667,0.9999999999999997,0.32184065876381485,0.22795494029459784,0.253255814915737,0.22726413187640734,0.21223569843275317,0.3089219699044635,0.3279276098698485,0.20450931039737097,0.25968519305692117,0.2363866056608097,0.22206853869465876,0.2355205413235783,0.31290391911554205,0.29013545241755356,0.2900635666699919,0.2274902052805245,0.13258539644209122,0.2340852999535482,0.2588821602643912,0.2877691994413265,0.2414138759842417,0.30195707366531227,0.26500890040580255,0.28663900817664767,0.2784064308349025,0.2601798290714428,0.29866426226764015,0.21026385845441078,0.2756179750275669,0.22996367563391268,0.30442659348389756,0.2483634968579154,0.3043975874642379,0.23631058683278167,0.17647732487760207,0.25965054268174276,0.276682842552794,0.2851519891141487,0.2749911371257406,0.25038345532638595,0.400361338775292,0.2602402808337527,0.23158404154376047,0.25469661304353874,0.2826040595450868,0.32052881061005,0.20374435796867665,0.2524083358827799,0.2488157103173041,0.3003859774299127,0.23869762906282704,0.2941932189225492,0.2747037401866902,0.24409491843990794,0.282443489975798,0.24197535825065475,0.19862340437331003,0.2749854177782267,0.23908015246895428,0.24208027458941708,0.2546294471293581,0.2518053625994605,0.2581161394348152,0.2445133864128366,0.33209882283800884,0.25293002090895217,0.251284040616439,0.1725521439887047,0.21220176048352374,0.33249756874917236,0.23407615832227474,0.27417192506374977,0.2633870253276658,0.2730518728002123,0.29293539156066106,0.24201752527771295,0.251390658771178,0.23316613298025554,0.2136512133591102,0.331609883804061,0.32710064958675883,0.25801446564153696,0.24189003543606236,0.2532846951526555,0.31945909912516846,0.31311971362436314,0.25464622308148,0.2050158653435616,0.3070543628600149,0.28619235040269014,0.24477693991585206,0.271870314574605,0.2857730150881754,0.3430974987825401,0.338574981687816,0.2419230421496015,0.28991253727549143,0.32242293977819275,0.2676198678044118,0.21821437160211432,0.2546022657402036
Cotton T-Shirt Pro,0.31945750162265485,0.37916862327260037,0.3440873762221104,0.3261669638410415,0.26913819598275845,0.2978890829615567,0.31538554016415954,0.3639344066162501,0.24944888392619977,0.2692694347808009,0.3395684636155807,0.2812940660965174,0.2744918161002742,0.24181717762079974,0.29388730868165674,0.3483206276806249,0.3851399585763735,0.302504518844205,0.32184065876381485,1.0000000000000004,0.26174120840097487,0.26771434807196365,0.3120576539533923,0.23402688824930956,0.32061411821071656,0.34449198424795485,0.30163314419414133,0.3476918245709192,0.27246713304487447,0.2648665923965624,0.28193642468168945,0.34414588327070145,0.27068254727985985,0.3200426443468137,0.3309075175951049,0.25372488948748817,0.3253287742666375,0.29022204132949814,0.2757349846538789,0.25463319899910325,0.24552429599715114,0.24319413097191372,0.2549462829101626,0.28856405926480133,0.3217847516639162,0.3367117697369727,0.3174482974485545,0.3432267816918541,0.33398277698657064,0.2847360486401991,0.26106561133455736,0.3811083962551274,0.35637498798023587,0.332407984129631,0.2793013230029785,0.3004974977024223,0.30545640381450234,0.2745477843714397,0.2591113096151352,0.34142249914647316,0.35035529953268907,0.2659492577770555,0.3646399982608848,0.2681114358571375,0.3158865961785732,0.31673583404494626,0.3244472547388948,0.23596424698433716,0.2823972296762338,0.3677026641257194,0.35411557700218377,0.30344850006080576,0.3021220009254145,0.3113319121385963,0.325133907879395,0.3461740944595609,0.3467836435031033,0.3057385622822101,0.29276921936045674,0.3594394199450801,0.2993007823708635,0.28125870747417536,0.3487272264796085,0.2449123800458822,0.3026872218263423,0.30314470128395005,0.304218830462119,0.26776317049483367,0.3682753179375235,0.27179105683217863,0.34030089243698003,0.3877621844256695,0.37568761071535695,0.3475771254514714,0.36276755700755936,0.28605968424194256,0.24210712444481325,0.25397340611965713,0.3450634865996454,0.3103701106755916,0.28314996839481693,0.26672568450613343,0.24788246239454337,0.3037276764923604,0.32079667871435835,0.2781312265056809,0.2868817972869434,0.3513676152737429,0.3021964073422916,0.253838968569574,0.3014305205126955,0.27234613775853883,0.3549932901995599,0.33225365508819704,0.1997305966413291,0.21678757910255653,0.3349616983969674,0.2794425067680341,0.2918375722699815,0.3104556155678687
Cushion Cover Set,0.397979473822459,0.3887144933714468,0.2706567796659756,0.30966014677288844,0.2742124956699105,0.35433081683361856,0.3513669174226431,0.28118193514423695,0.3063943117391676,0.3469174303885413,0.30874948002066227,0.2759302300928533,0.3045366547945492,0.2651756336927368,0.32381829224658576,0.3325230157627923,0.34605848467838785,0.3059827884621227,0.22795494029459784,0.26174120840097487,1.0000000000000004,0.2897103352258484,0.3251104132914734,0.3233994808821375,0.36109011083000286,0.3721867728228565,0.28808116400837397,0.26677187415240466,0.24460777221028673,0.2712320086735054,0.342473977472742,0.3599425547491856,0.26892070384005606,0.3064905262992775,0.3181377311419029,0.31110758998734944,0.33439842539765174,0.3522617901828681,0.3213457707482267,0.32968235524201783,0.34010275990850974,0.29326207802038395,0.28185446358483124,0.2738984424593644,0.38542562467469854,0.2966506406402538,0.32358700719720235,0.3479927100078585,0.24060900434594926,0.33255850252952823,0.27957101194975675,0.26046746014019445,0.42587068167963504,0.2868686162736657,0.35198251306605366,0.4028293836143239,0.2705149584933667,0.28385876391618586,0.22197752484541872,0.31188462443180504,0.3243462469793079,0.3028298867597327,0.3236767443095759,0.3475724217912597,0.287281555713118,0.28936182657504184,0.3746028614838327,0.37723953073378186,0.31380310461982985,0.28240376346248364,0.3006908620687108,0.3226082576773425,0.32380387652598014,0.35853259006094707,0.30825976273317146,0.36419788686012516,0.31705999299418036,0.32883488441148934,0.33397962737918896,0.30153662582247615,0.3557079772882901,0.3735776278933024,0.27797163380814294,0.2867779421151758,0.3207580588267114,0.33088792090178704,0.30355004468980457,0.3117377115208284,0.35234494738996663,0.35779024115487235,0.37047063188606605,0.290671466898346,0.32134518378183563,0.29194180143773935,0.35063605556912086,0.3755127939010262,0.31684017409984117,0.3623682972678915,0.3314489467444052,0.26786610548383705,0.34964225828188483,0.30715220870748833,0.2648846194934261,0.3219173603346269,0.32196764089746477,0.3204200023195959,0.3319045715269808,0.32616785166911505,0.273615119233253,0.3297550354593171,0.2940004281472997,0.29056227608099217,0.3451417647410294,0.32138576445833655,0.32787164395657487,0.30587642060206194,0.3405612222882929,0.28320810145885406,0.3327537810586996,0.3255532919459706
Cushion Cover Set Pro,0.3603317883215533,0.30619225672945705,0.28558559413336015,0.38036546915384895,0.3370163278248831,0.2488536083888473,0.33357446355582515,0.34478634123434815,0.2882429734656296,0.2784633011516171,0.25169052579011064,0.2925522637732424,0.27494529682175084,0.21706290183143664,0.28615753946428607,0.31066603109935487,0.3137559559222062,0.3588278763017504,0.253255814915737,0.26771434807196365,0.2897103352258484,1.0,0.24885159254649664,0.30363231356055576,0.3487558525381541,0.3278335549597289,0.29471211236039185,0.2622347541271368,0.2117120652149106,0.30881063215837234,0.3731214673904431,0.3047236075471147,0.3397999115430001,0.30820992267809116,0.2615374279566242,0.22409472975526623,0.27081582133253856,0.2786832982449337,0.28107974951688974,0.28331308121860377,0.3165697836550407,0.2761980780312808,0.3041229103640449,0.28643586971018015,0.3802898175795293,0.3251786641016813,0.2551823298894106,0.3428033315753315,0.26390958802178377,0.2847788969026006,0.31280483454602803,0.25853787463090155,0.2952501464613929,0.27230496214562927,0.39844378963487626,0.29110440335520166,0.22084825084413023,0.2944629712466079,0.21015959019395353,0.29542113461832986,0.26717556389108077,0.29635686106661896,0.2993247923032533,0.29867976289059534,0.2623354652345712,0.2979163771061328,0.36446124751590503,0.30511151549324944,0.2469161804371593,0.2823833771852089,0.28800493993625403,0.28254557910448963,0.27015915274185354,0.24324167933070448,0.2957151393767395,0.2799463414472525,0.29302231040171406,0.26510261842607213,0.28770539504386416,0.3523118160608526,0.27075130555255067,0.2707083880375668,0.2653955351323261,0.3171603128520525,0.25465730047877067,0.3328964006934887,0.275251238867504,0.3204844555101519,0.261849617820907,0.22418075729564552,0.2765009797050704,0.260468973118087,0.3183715405994997,0.3566432195768545,0.29740231676942097,0.2906331704780496,0.3862939053649105,0.41701621124206795,0.3156525711270579,0.2557472049747419,0.327704134800071,0.30127085289056393,0.31178379836573433,0.3402950762846719,0.29134634954915134,0.2752450804414661,0.25927234225587203,0.31196393333054456,0.24724492756636834,0.3288678262977164,0.3122068325888916,0.255465696133845,0.25189536742162727,0.2553664675002187,0.28742575408139254,0.27274526209133143,0.30186785187003357,0.29191177402240825,0.17170513119189842,0.2751036614826395
Cycling Gloves,0.3351627045058222,0.2963599613239929,0.2726849049607617,0.25727668452437125,0.3048167433095249,0.32417514765720506,0.28654798528161246,0.3430402392167383,0.2870306625790353,0.279188294749007,0.2875358654745053,0.2771531078739302,0.2673158017255707,0.37088831140234624,0.32234321276975775,0.2832040214301731,0.33370609345593294,0.2724794155660626,0.22726413187640734,0.3120576539533923,0.3251104132914734,0.24885159254649664,1.0,0.31037928717589947,0.2358790626720438,0.287648991960232,0.31968348407517955,0.2907334503924548,0.28045265640644335,0.3502066282216527,0.2754421907724526,0.21671315227650817,0.29049543263663913,0.2855606201517752,0.314172524535276,0.2866649309388062,0.3175598508658371,0.2664159829724087,0.3730449829573134,0.3370334632614068,0.374583113069366,0.36091225041476427,0.3599715077171166,0.3202320040420732,0.37675050786349973,0.21298997512405657,0.28463149915392955,0.3577779095210455,0.28726440297205047,0.2845604576605434,0.24842749450670948,0.36236998415806715,0.3124842998196346,0.2356121698867955,0.23471359498532063,0.25070365480606316,0.3005628287805924,0.33456849581845094,0.2555745424661556,0.3408745768063771,0.3349957098415824,0.29609554819614936,0.3363634375663076,0.255678659545724,0.29623717644622516,0.30388286476106036,0.359514211910826,0.28390791214240774,0.25970971185872727,0.2972499328744494,0.31769310130324985,0.29144386913623865,0.32601377226685435,0.3035231279645274,0.2188315219163149,0.33809274020593877,0.31661650246913087,0.31610291874273844,0.30671553099728377,0.3625269935991148,0.33527005615163435,0.36380282516732493,0.29341796578218887,0.21964579826886468,0.26283360885304463,0.3128831439194974,0.2636723467582551,0.23701091323149293,0.38283960630282743,0.31233158396428734,0.3057284906371916,0.26457039437422225,0.2604637052976015,0.2548583000930397,0.28152558743977707,0.26224571875135816,0.2723542489648825,0.2538153604328557,0.31000343476548115,0.23267102076977692,0.33010972199488314,0.309215122496127,0.32936652292384233,0.27305345034837814,0.24694831708851855,0.2963396566356348,0.29783251621213175,0.29363624444974157,0.3605941793980909,0.28778303596168836,0.2733406305330376,0.3248737746570796,0.2830240465455568,0.2519175940893131,0.28740925707575,0.26072778926472284,0.37500428671462965,0.32307953813563484,0.3705480251774413,0.3659790484286281
Cycling Gloves Pro,0.3153209326281641,0.2375273423364719,0.22693537642626513,0.2842792420120949,0.26571020025605063,0.23796403584745607,0.2589465514954592,0.35751772786701336,0.25824476818465775,0.2354584651095409,0.2652069055857334,0.23772484924492465,0.2556097051174824,0.3272156887173873,0.26496516630334654,0.36103820471174,0.28029839068677403,0.25352689474496903,0.21223569843275317,0.23402688824930956,0.3233994808821375,0.30363231356055576,0.31037928717589947,0.9999999999999996,0.28699719225695386,0.2571563847562424,0.19253132301897044,0.2697117770645052,0.36714679602460876,0.2950056409631273,0.34797776259256236,0.3084354459160045,0.2722970093290784,0.24257130368935004,0.2842199227457436,0.28603900678596206,0.2401844053737118,0.2920287110489333,0.3335222506887229,0.3841194804810107,0.3810352408637249,0.30645853616514257,0.3839355882476658,0.3300864353783745,0.2847682307872596,0.22376040217428741,0.2922799922051983,0.2956125147619556,0.31305798713829447,0.35343932713710846,0.303326160077229,0.2753810637877046,0.23638696948129737,0.2905972832911184,0.2846406352245956,0.2289115225267327,0.29880483427483395,0.27760776920321134,0.1956348949007478,0.3416980973486853,0.27728739493157684,0.26877804433151137,0.36462305237801074,0.25364969154889083,0.22873534102473855,0.27611527782956563,0.28860450277583344,0.23512135359984196,0.2626611523194076,0.2839967686248891,0.2821160497571814,0.25479124678295695,0.29335165965213433,0.26316161447224423,0.17912816054802294,0.2779760526807746,0.30183312579157895,0.29805264925020275,0.2424921322300303,0.2959074350361244,0.30202934174179497,0.36283193339439695,0.22201606244532746,0.2224596776196504,0.259434324038192,0.29544034616235454,0.21803489181198082,0.2500923227726818,0.3537375042520862,0.33849064359245096,0.2702614130764685,0.29636935305611567,0.2182006721883763,0.2507660789085825,0.2638777015107645,0.27620194401653364,0.27399690850510794,0.26884650524133996,0.2796076047627304,0.24671189596010945,0.2803738523171915,0.26124566394096216,0.27078700915052567,0.24161979148872526,0.28056108068870605,0.28036323704754607,0.2696338937022285,0.29698260846522273,0.32744777665826147,0.31813260929795056,0.1963263072205939,0.31961095185447125,0.25687308485233273,0.21859071921837442,0.21905282435435333,0.27780353861594326,0.25440943901081975,0.2700441911666407,0.255659390725148,0.38028548964489134
Denim Jacket,0.3325586799907042,0.3059189636599884,0.3383002908887939,0.37510360882317134,0.29059783076617096,0.2325936099489028,0.3348136463117053,0.3910713610984499,0.2790173041145654,0.2867880210263722,0.2607600446692048,0.3088276737353488,0.2785963877069396,0.31988843046903603,0.3216197802560996,0.32609252469848593,0.2545504238017726,0.28841686346031203,0.3089219699044635,0.32061411821071656,0.36109011083000286,0.3487558525381541,0.2358790626720438,0.28699719225695386,1.0000000000000004,0.36738108354879606,0.26032428871366403,0.23769527467130144,0.28284628106329723,0.2939338633223215,0.32130469850961185,0.41017947463337434,0.29372986061643525,0.3408986627628588,0.3422260919444044,0.2329503626589468,0.31221629832231906,0.3242007478375468,0.32806034901392395,0.30272044361018324,0.2627403423748096,0.34838487887735703,0.3049826538114153,0.24976523356802133,0.3783691302713812,0.32429673401209946,0.2510021341298317,0.31237200012608557,0.23915305452523766,0.3114306411960602,0.25915673729010874,0.23563262050769465,0.28968673603381756,0.26693235626767275,0.29227807737493805,0.27147315441106434,0.24106738341517125,0.2564887178504484,0.26962724823790507,0.36203672968976586,0.287272968450497,0.2667214523070417,0.3140620045735405,0.2863371737364997,0.2688460243861722,0.22894143787612448,0.2759219645363435,0.2617418588555444,0.2745042398283987,0.2944170228364834,0.3090870161058105,0.2453191282679225,0.26368559888140203,0.2814015138941526,0.3017984439649925,0.30037372279916263,0.27774621933597643,0.3110382359399915,0.2747677057391016,0.2619274628480688,0.316756025104875,0.30757602593501504,0.35801260877330965,0.3397582578277332,0.27547945610875874,0.3021609515876363,0.31590856495830144,0.2965591479379966,0.34669015290927563,0.2958632866539789,0.2440710435542943,0.3543590707741831,0.31354307118905556,0.3839329760561758,0.2940747851599482,0.3397825685626642,0.34545684004405797,0.2750741926692008,0.3487561409380266,0.26793419961859233,0.3134513394331012,0.29370753591508614,0.24722571980916058,0.33232423485957385,0.25168196391465225,0.21634835103112438,0.2682514800430769,0.31150881313310946,0.27848815520567594,0.27826088955683315,0.2922316687414949,0.2644731339494221,0.3481595755449197,0.3622685864158136,0.29561479544083896,0.31408251710485524,0.27435760588438424,0.24868837360226453,0.21816714825668748,0.30585856826659313
Denim Jacket Pro,0.2571064991484193,0.4023657807911176,0.32730740418130155,0.3639632172141142,0.29173699393942576,0.2862359010495424,0.3363734636543608,0.36880559751582515,0.28082880652448383,0.34841242065070493,0.2572312844670894,0.3563277329492175,0.37239655537583455,0.28653261017291987,0.2485672362094781,0.2929605006687079,0.28774007704438126,0.3304665162339939,0.3279276098698485,0.34449198424795485,0.3721867728228565,0.3278335549597289,0.287648991960232,0.2571563847562424,0.36738108354879606,1.0,0.2984146757529843,0.3212491046098263,0.2221837188744178,0.31039762931055365,0.30582526103407015,0.35606262473647193,0.2596874232935363,0.33201212103031286,0.26948337171747966,0.2822682345174827,0.26402211487211424,0.2765341590496017,0.29531455534771983,0.30237713591719706,0.3196104902554206,0.30737288189877165,0.274261416867535,0.2613148923673754,0.37752419697326955,0.38675194903197696,0.322965007172608,0.327645062072442,0.2452560050197969,0.3091021223298686,0.32686573224420135,0.3114495733922595,0.24925327000855182,0.24367420975538967,0.30949250466750944,0.3060000926771649,0.3492245921108501,0.275313117231326,0.30422854857285686,0.4030939821832398,0.2623714168838644,0.2426868853239812,0.3391185944027947,0.30508516711279254,0.3718654812770337,0.3391665678376439,0.34309489135211124,0.3052291378524249,0.32223051353626175,0.27593682905331574,0.3261907111412842,0.29263194687963123,0.26971925096167765,0.26220295880102124,0.30657869149721695,0.32743118948349953,0.29930458442710683,0.25541563262664824,0.26049431370533266,0.3282228487721066,0.3213921344765269,0.33693120053513126,0.3813080241878622,0.31055080183362593,0.30703820883698457,0.2803144259273267,0.26811025263634963,0.26076214765274064,0.27718180063791387,0.3883605400528475,0.31604534526961436,0.31771200880688366,0.29508613324430905,0.3477057508107424,0.2618017875691527,0.34818228770032383,0.2912728760251884,0.3128934444264756,0.349465749479383,0.38795645685862823,0.3000514067252814,0.33841448348890923,0.29017829908678605,0.33831123575690003,0.2927480404607394,0.3062455108584823,0.287820061075264,0.36740480522518076,0.30028661984974825,0.2699601209355947,0.2916594941795713,0.27293041977117277,0.3139045713083827,0.3459992628985847,0.271962717535593,0.3084775051255521,0.33060823768591463,0.3061734661989799,0.2834459873322095,0.2655190697954436
Desk Organizer,0.24832777771303438,0.3205641973676676,0.31877981379276876,0.3609382651928866,0.3345651658006305,0.3508246802455226,0.27581192193491205,0.32667824791718486,0.264747169769549,0.2507075471302547,0.3103746068139094,0.3537811319758941,0.352845171311066,0.23521362396766166,0.33600231477595555,0.3233908533200905,0.24892076209725683,0.3231523655826942,0.20450931039737097,0.30163314419414133,0.28808116400837397,0.29471211236039185,0.31968348407517955,0.19253132301897044,0.26032428871366403,0.2984146757529843,0.9999999999999996,0.3562802823748568,0.2543712841091671,0.292924544546282,0.2736929284186709,0.28354173787394354,0.23073039871322648,0.24317023987032754,0.3508517654591463,0.28166548888278736,0.3181580892371589,0.32274855832124605,0.29466081727343946,0.2815949843806854,0.2594644753118928,0.3440310343608138,0.31976700245909145,0.3157408772631247,0.33611845978120947,0.2428220509087467,0.35341476266982985,0.39240848270169787,0.25130297870276613,0.28055258158581126,0.29902143175025964,0.2769277507889194,0.2981794959206964,0.29153505326988316,0.26704952400038995,0.3156922176570597,0.23778604253108582,0.25969824039015355,0.24597652258447322,0.3090511179355426,0.25130251143579024,0.27275046787867274,0.3302654828694007,0.32402809181678865,0.30159036223392766,0.3201837554436291,0.32660607787481943,0.2808246163403209,0.3285905950326901,0.33283957472052506,0.26632447736466597,0.2937563827315932,0.28178199934793363,0.342350455609589,0.32654433790491505,0.39602831903827973,0.3038992809207378,0.27403079792588936,0.41040977867655937,0.3639307904123476,0.31991592917094297,0.29303665228046477,0.28154400561187054,0.26861005534147137,0.2744769751133011,0.35299799277591487,0.29950166418959434,0.39103420888069673,0.3237900855627468,0.31853923226465863,0.23600317464510473,0.267612563359076,0.32628087914216825,0.24973969273522156,0.3924363382893371,0.3264437467195584,0.2448070530496612,0.29941875288744885,0.33269795624113757,0.23819396527509595,0.24234503453602385,0.29304059275329775,0.2606019330006968,0.2929904659293979,0.24264781898817947,0.28321287235021586,0.2960479929095594,0.27303166163938886,0.2717268180823037,0.287282034334122,0.3184806790307428,0.20581331984530848,0.31942490307297516,0.29619674576623256,0.23841273956799858,0.2843209286113334,0.3356714953761689,0.2965571084848929,0.2397333653910556,0.2606062302827913
Desk Organizer Pro,0.29586875828410064,0.3084716884479046,0.28185366046185384,0.18787106528416248,0.2851463706545158,0.358545976055343,0.24894665560320736,0.3266917358261991,0.2970564652179246,0.28330385108746514,0.3209856174289806,0.27193390531289763,0.28052369141960076,0.2175025186519619,0.2940867112833943,0.27244958723003104,0.3017141350046969,0.288248549903153,0.25968519305692117,0.3476918245709192,0.26677187415240466,0.2622347541271368,0.2907334503924548,0.2697117770645052,0.23769527467130144,0.3212491046098263,0.3562802823748568,1.0000000000000002,0.2460315723805021,0.3027119954762775,0.2729496135025003,0.29949759072388854,0.24079361340235605,0.25206585115941416,0.3024202726227293,0.26537858862818314,0.31644034111234337,0.31230522616636935,0.3376641538717752,0.3492781882814991,0.2535099311217716,0.27007434456653856,0.25142830244326475,0.37777927485223195,0.3602797754939875,0.23993411333133474,0.37306738430296893,0.38463114640652996,0.2858604329677528,0.34071205895451956,0.28973442333114247,0.2688769616692832,0.2728992359835944,0.2982297286368776,0.23249470533977773,0.3333948302070023,0.3356605134082785,0.29051757508172027,0.26014460818855656,0.37101467110421665,0.31554820800397776,0.2877466834687148,0.31812356118387597,0.31921283461735017,0.2692833204074319,0.2704396615829788,0.27475082937625095,0.28207333900526516,0.3099063315383666,0.2804928791492854,0.29819278802516486,0.32796865518349044,0.23501404701562528,0.23973509555517208,0.2769622442464177,0.2970812780082519,0.2550580019264069,0.25309847538539365,0.41313493349904395,0.36489214810043913,0.29066433442838835,0.2955610941972706,0.28092618305018136,0.24882240165983224,0.2701564670449344,0.30337405046960375,0.32418613409277586,0.32664702398269135,0.294455766368545,0.31684647824608975,0.27569014687260823,0.3380615513721553,0.2891939331115766,0.29478104848141784,0.31509888723729146,0.29673953364274513,0.2291837159572156,0.18565911638503468,0.3083838622977117,0.3526193184419546,0.22636979898240855,0.3261131424527063,0.3204311627817602,0.34612812660309683,0.29304345668519577,0.3382921752570892,0.304943796694637,0.26699071982397266,0.33612003014092906,0.2085851544087763,0.3283353878883851,0.3030106321396172,0.2826590823517839,0.30571591287328137,0.22700181230775113,0.25210416240665634,0.28445240752947565,0.328083505300927,0.2854297785629025,0.24741912204489122
Dumbbell Set,0.21408806909210892,0.30716802104823016,0.26500544133641446,0.2547926424389081,0.2803724110289504,0.25123548865432177,0.2863237427863189,0.2840239710662445,0.20438218616699633,0.2887476691387259,0.2804012142143074,0.258630713915966,0.20530187988570864,0.2550672998275503,0.27355158035118265,0.27795469437271175,0.23253402733213702,0.2515853850468394,0.2363866056608097,0.27246713304487447,0.24460777221028673,0.2117120652149106,0.28045265640644335,0.36714679602460876,0.28284628106329723,0.2221837188744178,0.2543712841091671,0.2460315723805021,1.0000000000000004,0.31277398904212894,0.258658504446669,0.2784043553499245,0.24786308611716062,0.25628684665738277,0.2909408547260599,0.21036140556177058,0.21251308339334934,0.19664026758400083,0.32875772633859024,0.30494536878605666,0.3662904899370023,0.2880108846289294,0.3593377597085175,0.3336961103442373,0.20572970626983708,0.25183929200908683,0.2639890335921533,0.197398490170403,0.35819789719022177,0.3252033473436717,0.2619326874038162,0.20081474834033866,0.27830960387043546,0.2800580318147327,0.23511505423683707,0.26912711951283125,0.25467863336210955,0.2637675087941705,0.18432557958312903,0.2915685889616688,0.31343159636483175,0.2105591849106691,0.2974158442688176,0.2890991061642896,0.2864276951072883,0.2822582993080016,0.2503271148217426,0.254717423912269,0.26336695046314224,0.24293995029057905,0.2729323986248758,0.3001193992086091,0.21578917134609743,0.3278102225754099,0.20082261255764886,0.2579831289018293,0.2844098296876535,0.27027391531864287,0.23101215620192117,0.29032989561959677,0.27318843393841036,0.32759806566157407,0.32280792348197784,0.1986967025575022,0.2389265470409908,0.2733902105922089,0.2291153833092202,0.25122961397481874,0.31441977318380787,0.23034718102682933,0.19534413440141277,0.2866718826391911,0.1982915216491067,0.26815738802176353,0.2650418279134481,0.2994515503207045,0.2552067942166133,0.19816027517803736,0.25066729250088354,0.1848062772692741,0.254617070268687,0.2577498496916685,0.2608736351193913,0.21983663964753486,0.19662827254423088,0.2045213599014194,0.23052033124610571,0.25378013662443266,0.3269412698856393,0.22408604323442455,0.21692984593176515,0.24441580976402374,0.21803645638552854,0.24858592158647205,0.22104738316592337,0.22508154140241957,0.2546551670137901,0.20605934570609774,0.22386836961962792,0.31220840452491055
Dumbbell Set Pro,0.2542632314137841,0.34217291065532973,0.24602267340732292,0.26858688994576857,0.33179066369699783,0.27398333045776124,0.24223056540861077,0.3560946441361498,0.32265137412427347,0.2569575180854469,0.24094507475624846,0.29414320809689376,0.2635432579545518,0.23648229813960872,0.2670630784033535,0.27488831558486565,0.30455920323438745,0.28546094964613195,0.22206853869465876,0.2648665923965624,0.2712320086735054,0.30881063215837234,0.3502066282216527,0.2950056409631273,0.2939338633223215,0.31039762931055365,0.292924544546282,0.3027119954762775,0.31277398904212894,0.9999999999999996,0.29710988305157027,0.3382645026899448,0.3110391862819276,0.2653113582858775,0.2945320712780267,0.26832161033255464,0.2701320321015477,0.31962414250994453,0.31231588211536615,0.3873895345398987,0.34189784896171455,0.3053230707922338,0.34493564538659427,0.2748085295348227,0.3227149286394174,0.2672704503820016,0.33446564116898087,0.31343840424159003,0.3642589801612713,0.31911611606964746,0.24193821715351874,0.2607764630750863,0.3119962319470337,0.2975373855480105,0.2494085907053864,0.31780429311564434,0.22991876325038121,0.249759571457969,0.24371080641218612,0.32743461708845917,0.3121344931335198,0.244165515210921,0.3289678924486106,0.25601081187045294,0.2670758463795853,0.30065771904807587,0.30873751695246315,0.2864152661724127,0.2915038199540752,0.27849985014348944,0.2524304954016452,0.24011892299934628,0.2726958052499252,0.3064498015648429,0.29117009544841493,0.31101073435894666,0.3016105027937148,0.30008301552614897,0.28483121289465374,0.3065617480072649,0.2930628013039618,0.29244046509735144,0.26289950671451867,0.21365444237059583,0.31872766574453204,0.31139383024619194,0.2827517228402887,0.32308380470657405,0.3857411495348726,0.314670844068852,0.2797010875890501,0.33138120163286017,0.25125778730528925,0.2809595967512077,0.2847544488069896,0.3301346885083052,0.22826201972110347,0.2897383271266557,0.30915707043173934,0.27829510416127734,0.3067894596270773,0.2612858110678036,0.29592973892196905,0.3418402209815009,0.25452255272326135,0.3039352177571195,0.30059003982616816,0.25242953892778613,0.32198334919158605,0.3516708326241515,0.28208571686292855,0.2118654653755238,0.2679820410341538,0.2262034030981424,0.22662578740045258,0.31570631061838605,0.2652437550698236,0.24945883811902858,0.2664914996494836,0.3763019581054292
Electric Kettle,0.39986059931602524,0.27468211241297585,0.29731417126369397,0.339695755883201,0.26900511560952733,0.2657668636815751,0.24926764611535462,0.3467266291591173,0.3195515722276082,0.2968916199278213,0.2620404760903602,0.31500823630323155,0.2432902780703309,0.22667408008915976,0.2304861667874033,0.2693232285658838,0.2973451685068904,0.3015506761381263,0.2355205413235783,0.28193642468168945,0.342473977472742,0.3731214673904431,0.2754421907724526,0.34797776259256236,0.32130469850961185,0.30582526103407015,0.2736929284186709,0.2729496135025003,0.258658504446669,0.29710988305157027,1.0000000000000004,0.39162504037060775,0.2746083070694668,0.25014139060882334,0.275347943321781,0.22437145151790952,0.29685962918486997,0.3442752870189497,0.2551274294715495,0.2981714407831274,0.35089333766018527,0.24621052403894134,0.2983038058448979,0.27998721302014196,0.29396293069456125,0.30671142071350566,0.25176185072219337,0.29417405105213223,0.2164069846969831,0.25400005903197775,0.2696140756898169,0.270405928102803,0.3506490929602011,0.3512943658196681,0.3450413669831101,0.3262194039012208,0.32812457083598123,0.2992344558834181,0.2882437225917349,0.305286385765806,0.3272936947916742,0.2936990270502911,0.2994726615598511,0.28656513511216075,0.25723410587533,0.32314773585125056,0.35078657592646056,0.3364912772341845,0.30626022422726373,0.29457488398014287,0.3096600439668118,0.2627312105796866,0.34139347918829444,0.29942916617861026,0.2521043218926248,0.34199189209079045,0.2870888303354345,0.3308191024581443,0.32698509623942545,0.3267734234516708,0.34772649566455494,0.3346504406295938,0.3290294649557613,0.28024347468674343,0.23265341995413158,0.3026058654576653,0.2749211175600509,0.2617012959099895,0.32951943532618083,0.2044860906062822,0.3509512003871864,0.2949594699698686,0.3037285233883599,0.29337599300816325,0.2403120064627106,0.29308320725063003,0.33475714941198376,0.38264296451029983,0.33916511460557747,0.24127566871289602,0.2737789955500688,0.2945769139484579,0.2659322674658546,0.3624340996820546,0.3001742588560966,0.2294083912280643,0.3073447949178205,0.3577469092418484,0.2256140061518191,0.2677496680009484,0.21928865176703752,0.26141893281273876,0.2521526542923835,0.23080013194368307,0.3082104457793152,0.24318433078172003,0.3184736896642479,0.3109115716526639,0.23731832818076887,0.25951356611005705
Electric Kettle Pro,0.3630732727794874,0.36713150802134825,0.27466817124053283,0.3686706847681571,0.2645345326996622,0.2533105242010324,0.2734987171612976,0.3049695692404907,0.31181765136778805,0.32365882800200785,0.2833165524991867,0.348265196045455,0.2372150474606807,0.25295072884841535,0.3256093115022958,0.3374870841731529,0.34224125059948535,0.3011517152479183,0.31290391911554205,0.34414588327070145,0.3599425547491856,0.3047236075471147,0.21671315227650817,0.3084354459160045,0.41017947463337434,0.35606262473647193,0.28354173787394354,0.29949759072388854,0.2784043553499245,0.3382645026899448,0.39162504037060775,0.9999999999999996,0.2737486687113759,0.27941018961986464,0.3321993196835425,0.266418271214477,0.266041493844051,0.3013840612315732,0.33015180498023905,0.2915141627170747,0.31998175696586745,0.30973848362977424,0.2956823054836295,0.28239612790442525,0.35898444320324746,0.35078335449961656,0.29558802458477207,0.3688042418908159,0.29123565517152933,0.3197457993193269,0.28587117345988244,0.32298368092799834,0.3329539040426267,0.32407516476248754,0.4093791103797459,0.33522152625554646,0.3066208675474622,0.24544958377201048,0.25146896256141016,0.31361282306092,0.32428698675564044,0.28874166591005335,0.3485413442710737,0.31837466485089894,0.28866105057865665,0.2967304315397896,0.3198638749355837,0.28717667863578444,0.2935771640767147,0.36541813207046536,0.3113459091995783,0.31502632251189283,0.24009944618595436,0.29743657419672564,0.2986733719575477,0.3222274238283183,0.3284815372969501,0.3099172765722341,0.2475673031970599,0.33429384622038305,0.27937515125888174,0.2738129547267582,0.35146870261025537,0.2757740216635888,0.2897797582663711,0.2417562796433199,0.3479113285477488,0.32105546303110244,0.34002871244553357,0.27869562621680677,0.3440371176681859,0.345542046931884,0.32166302764200794,0.3075424272893613,0.2632423736893759,0.3315968077426827,0.35434126282165707,0.34850821442503577,0.23408444168569903,0.33772123713078084,0.3242596106205997,0.3534357635904265,0.24911444646890435,0.39250569346122505,0.3130771447153419,0.2990869536382543,0.35143988931218506,0.35590179979641134,0.3101376911513939,0.3432992432618994,0.3095791964161787,0.2813136676500095,0.25111024523076336,0.28711911124686856,0.25953765992631284,0.2876243032885266,0.2897487605619942,0.3356981210651471,0.2715249554382001,0.36212752277387805
Face Mask Pack,0.29396169160350427,0.2697200576956963,0.2932894307550039,0.3092905432625254,0.31094987622064807,0.24992742542981083,0.22483877289458654,0.3152275706196715,0.22843657110521354,0.28221485189562434,0.31107638110731084,0.2743149878864203,0.38765252489730917,0.3276914359154043,0.21831362354207073,0.23155742664405507,0.25300647548566146,0.24528188091631997,0.29013545241755356,0.27068254727985985,0.26892070384005606,0.3397999115430001,0.29049543263663913,0.2722970093290784,0.29372986061643525,0.2596874232935363,0.23073039871322648,0.24079361340235605,0.24786308611716062,0.3110391862819276,0.2746083070694668,0.2737486687113759,1.0000000000000002,0.3405411858608264,0.30235279942954446,0.24556732217316657,0.3065205767081821,0.30147426272595756,0.26343972257156617,0.3065337143092379,0.24479694029884647,0.26990602923935003,0.2879171794629971,0.3039945067203936,0.2990559169278833,0.2313574390931835,0.24155452147623316,0.27019822975120006,0.23588851848465797,0.31824559651457646,0.25924478880517793,0.3378574474418554,0.32806345153143623,0.23138325484899133,0.2863354298659121,0.3077733065677347,0.22231936838609945,0.25317416978077145,0.2095534168543284,0.3091160347967395,0.3647706066406401,0.34173245622529114,0.2915913313378261,0.3023677388414253,0.2935795327181279,0.3605388596375728,0.29667635076324295,0.2884106455243783,0.31727458177412277,0.24414966092841295,0.31172152154225996,0.3329755160606567,0.2727430934853783,0.2710872550361592,0.22304487903020892,0.2806446786303617,0.27853914867284174,0.2812384614545762,0.2824389747898423,0.3313813880163132,0.21203112378357075,0.2651706393544418,0.22542508800867428,0.2999420929829697,0.3058773331464575,0.34498253039181453,0.22490504819852203,0.2813956431422293,0.26825465189750286,0.29054670727153414,0.24146358136110077,0.31987163684389974,0.35752830291332227,0.2692113970863585,0.2603485804493094,0.30908847473144746,0.30593545004994216,0.22562223016107896,0.27879045615998416,0.24416909083723268,0.28894368175328233,0.32830676488580807,0.32703104161583063,0.32389520374478703,0.2283731384371983,0.21142725525185416,0.2994100951607258,0.23491330107690345,0.2559505335655915,0.25101911284688583,0.24148571293547802,0.20494156268577907,0.2361342426495408,0.2582705530216409,0.21843252037516486,0.3410731001541892,0.29753912642115493,0.31226820461062654,0.2293450315324775,0.2448948906724307
Face Mask Pack Pro,0.3146756887041774,0.29546714134689117,0.3010784009680937,0.3493349899496253,0.2853634963013788,0.23396685661579864,0.3104711202701257,0.3089381910111987,0.29770678310705717,0.26067857625294566,0.24075963790815263,0.3025434565343128,0.3832942613322221,0.3863920380267505,0.27470608115235395,0.26946973965894366,0.3165029845059445,0.2681962320451721,0.2900635666699919,0.3200426443468137,0.3064905262992775,0.30820992267809116,0.2855606201517752,0.24257130368935004,0.3408986627628588,0.33201212103031286,0.24317023987032754,0.25206585115941416,0.25628684665738277,0.2653113582858775,0.25014139060882334,0.27941018961986464,0.3405411858608264,0.9999999999999999,0.37551914319237595,0.3240151106709578,0.3400222880030882,0.23798087924414485,0.3214981927995543,0.2995636666253761,0.277411964982607,0.2888407925811943,0.2825479071757372,0.2718612329119457,0.3497619966221512,0.23687043265771382,0.25007708896889763,0.3023827903507321,0.3014405472485307,0.32694775805349635,0.287352084052437,0.3329444829360215,0.3305456644085836,0.24918110694756543,0.2680348169364279,0.2880565728279753,0.27248479939832787,0.2723887647381398,0.27234635602903096,0.36507096170317,0.31388085496820317,0.32808240251494714,0.3283826228943833,0.2836472087616338,0.33122817663660964,0.3381148127355145,0.34187866800276734,0.24346699745881845,0.2594259268221111,0.3117917910487122,0.3918379088823598,0.3188953595960571,0.28323688116339646,0.26545166425713157,0.26704200356122454,0.29713891560088684,0.2812752635922391,0.24860885861926169,0.28535417830966275,0.2993032981092297,0.2263329817630414,0.24306614944333307,0.2913461054335357,0.3695568856927327,0.2707736342268473,0.3435983857503242,0.36432793884650544,0.34918098812151976,0.27187995407115884,0.2796795376906388,0.24765522809951404,0.30166947281491335,0.3152788796781245,0.3689636644295121,0.29199064393189095,0.3288055350919685,0.2747290689629433,0.34314804198862014,0.27771464576546817,0.2846474196219844,0.33852516894364065,0.340225258395015,0.35735384231074907,0.3085883321277888,0.2420185903653046,0.2130937385467529,0.27863087284445986,0.3022929636529026,0.2882032049561961,0.2532727573986756,0.3083199821638162,0.3317180079505657,0.2935811342948629,0.275834235695934,0.21564138500361887,0.2814982221274507,0.32704117314240716,0.23369771826864913,0.28892045340152317,0.2845569487617904
Face Wash,0.2761290576679756,0.32925470877619356,0.3571359131855885,0.3208389189288937,0.26410286067762334,0.35294161124707923,0.29054207975394186,0.3434566265923138,0.26831239945105123,0.28103508731663873,0.3018263923361073,0.271715008270313,0.38822156189022394,0.30515290318353966,0.27728365275243394,0.34948065943746887,0.2515991731264502,0.2712165445359144,0.2274902052805245,0.3309075175951049,0.3181377311419029,0.2615374279566242,0.314172524535276,0.2842199227457436,0.3422260919444044,0.26948337171747966,0.3508517654591463,0.3024202726227293,0.2909408547260599,0.2945320712780267,0.275347943321781,0.3321993196835425,0.30235279942954446,0.37551914319237595,1.0,0.3772092140288809,0.36996846775445935,0.34844709773887145,0.37888150516887553,0.32954108190748765,0.3182518566817751,0.30646922761453205,0.29132558858281027,0.35775700928859866,0.3242348140383173,0.302178827125818,0.28094824732216467,0.40066284503231775,0.3044793648798577,0.36157162047813407,0.3089135213033683,0.3706959968334971,0.31439641625645187,0.2894810885047191,0.2687649025844739,0.31004468569429416,0.315628951760785,0.31105023379117264,0.3022499519181138,0.2890689438108281,0.39979719974359396,0.3069087174332073,0.33097774439692335,0.3046953861167058,0.31908834551670573,0.3318043070370713,0.27209383054432623,0.2970110441547321,0.35530612506929976,0.3368114107935808,0.3554647434266606,0.3657476504585649,0.2815288992931281,0.30075429622722244,0.3129156639980724,0.4109790086684666,0.29998180783604206,0.27216023670920836,0.40175639494829934,0.36690936684438413,0.2942023254370508,0.3313914159551465,0.28764320363209495,0.21631912307047976,0.34111636061948364,0.32659296251118053,0.3288952311077091,0.3228953376979349,0.3630757824957935,0.30353476829940423,0.28858237066947984,0.32055252235757875,0.2984307075623853,0.3219911594303246,0.3209502869414017,0.3437827111073117,0.3166056708486361,0.2785345398596223,0.3460832017822614,0.3366907607569526,0.3869682609690886,0.3833758437387534,0.326141874359376,0.35106703113981397,0.24490423923836607,0.2629385728882302,0.29196331994222735,0.3048850476922843,0.25478102308347406,0.26624650472402955,0.28287870567909024,0.2967467832707412,0.31031642272701904,0.3044552347264084,0.34805407785155207,0.2550076376897445,0.3293208161477187,0.27685596659857725,0.36559347783932944,0.3056078501251008
Face Wash Pro,0.24549384372519784,0.2725775615775766,0.3076476842008189,0.29102113288747133,0.2688320756705316,0.2382725827579843,0.28447438863409424,0.2704309152899619,0.225626206258015,0.2420098519406509,0.29390942558726546,0.18083744893117992,0.2953931579112351,0.32086660179853077,0.2648035975758764,0.2654075810051058,0.28623452202349986,0.24054153462701483,0.13258539644209122,0.25372488948748817,0.31110758998734944,0.22409472975526623,0.2866649309388062,0.28603900678596206,0.2329503626589468,0.2822682345174827,0.28166548888278736,0.26537858862818314,0.21036140556177058,0.26832161033255464,0.22437145151790952,0.266418271214477,0.24556732217316657,0.3240151106709578,0.3772092140288809,1.0000000000000004,0.284880594621488,0.2903670839881927,0.27049332158246686,0.3491213605313311,0.24915968276449693,0.2313424643748465,0.31292410325534137,0.2571309498010692,0.3574707869931781,0.29699185072407724,0.23010139401481636,0.33001613731604523,0.19593868880499687,0.3183524533307425,0.2955772469127256,0.3232684064478343,0.33794614217985547,0.18107990613917446,0.2550528308439308,0.198169703573625,0.2302343075766213,0.21081274347801546,0.19065404621465537,0.27168755227844976,0.27772005233638547,0.2941805604884551,0.22767593644709483,0.25173939536681833,0.24214111048528775,0.33782816679664923,0.26375062014319156,0.2056360973015312,0.2777723551381089,0.26726770895980484,0.2835953260352293,0.3415337709688962,0.2573483644689294,0.28611088995263306,0.229912887226695,0.26556692071107274,0.23811382020875838,0.20227548916566496,0.30978106087323015,0.3220171864371984,0.22499255558131998,0.2275996853761969,0.2616851223617298,0.20651256455777295,0.24550463732679417,0.2776234400527846,0.2791642952712359,0.23316789788515246,0.27120962671205107,0.2376354503612768,0.25686515906851726,0.2017178482262822,0.2821142536738247,0.26431924025878506,0.23665964080185153,0.340829199505882,0.22084240843431457,0.24832316150953448,0.2964775726349299,0.29506765195788826,0.28984816890807075,0.2992137660471365,0.3394732255374877,0.36123621530227557,0.2764905083015508,0.23869570033506687,0.31485779218508825,0.24305321071745317,0.2470745718996612,0.244487579820786,0.1863374085547201,0.19620442317221465,0.2339864429217432,0.275135508101396,0.23904360462866528,0.1986029296897662,0.23766203519042495,0.24526811915182375,0.2706090058934188,0.23596634779309028
Fiction Novel,0.24293487189344712,0.2783754770052432,0.30579850757034427,0.2544248207472164,0.281708884299274,0.39665931617308803,0.3401055129932232,0.2658289739199692,0.3410483653530401,0.27735153074885416,0.2845165259079402,0.22582723498425816,0.33396239286929436,0.2733970520703356,0.3479500598100058,0.3244540781300868,0.2876715807759074,0.2651217017002194,0.2340852999535482,0.3253287742666375,0.33439842539765174,0.27081582133253856,0.3175598508658371,0.2401844053737118,0.31221629832231906,0.26402211487211424,0.3181580892371589,0.31644034111234337,0.21251308339334934,0.2701320321015477,0.29685962918486997,0.266041493844051,0.3065205767081821,0.3400222880030882,0.36996846775445935,0.284880594621488,0.9999999999999999,0.39024593792128415,0.33202798602941874,0.31486779373260104,0.28891469361897937,0.20845531590440614,0.22816971779919248,0.2958026667271858,0.3247770176262976,0.2692917196133576,0.39707297737069397,0.41451169188240855,0.28398055892636137,0.26995123516705044,0.21182198661429788,0.3434851849822591,0.29471736109145785,0.23220134018584362,0.239980835668473,0.32585278011900065,0.2745217361323833,0.28807664970831437,0.29893659931392613,0.3033947764916135,0.2870933067636359,0.2773531912413647,0.3209218204189569,0.30357517313377796,0.24464070875658706,0.30060158647548585,0.29910766500084884,0.2516881623459451,0.39365724008240977,0.30830993577311794,0.31005276437132345,0.286511558479166,0.3123756694389985,0.31091622418258186,0.3368678304834572,0.41516594873782076,0.3626523436806507,0.2803932355254362,0.4252249750156085,0.3250006702340549,0.2215023849572569,0.3325872024135968,0.2866841257198953,0.2545624331721011,0.29678497797719455,0.3629020748650868,0.41963613564416713,0.3586922401396425,0.3909242238490988,0.25759978025428176,0.23689154673686194,0.37313803884359137,0.26203932587143486,0.3134507460239768,0.3785940854285827,0.3045111455607256,0.3025279835592662,0.27435655963343664,0.3047100083563063,0.2827186171313049,0.3467364730582142,0.31501749429827114,0.33741491583403593,0.3166596043633314,0.24542314463986212,0.3335248560835464,0.19131719809906944,0.2793044603198733,0.28104215003579974,0.31891826936095863,0.313625510162726,0.27253955195813745,0.27625129137390525,0.2496669250766999,0.2358033740789274,0.31999454881030004,0.3468743094482401,0.3731927668950725,0.3550641173682264,0.2640169653315976
Fiction Novel Pro,0.26744788169530664,0.3015199751665503,0.2520974576317373,0.2895334496842825,0.33225414058670827,0.27025613828467465,0.23741007933962371,0.266292024534143,0.31973728983103455,0.2937926102079599,0.28243560388253763,0.2948708387107714,0.29012989892726704,0.23134859032247687,0.31212230577025724,0.40911272325608217,0.3342637169661047,0.299978220250274,0.2588821602643912,0.29022204132949814,0.3522617901828681,0.2786832982449337,0.2664159829724087,0.2920287110489333,0.3242007478375468,0.2765341590496017,0.32274855832124605,0.31230522616636935,0.19664026758400083,0.31962414250994453,0.3442752870189497,0.3013840612315732,0.30147426272595756,0.23798087924414485,0.34844709773887145,0.2903670839881927,0.39024593792128415,1.0000000000000002,0.2887956603491606,0.28106967551464257,0.2985585620209512,0.279680867185845,0.26592775588226375,0.2836646754157761,0.30525201778572447,0.2884288625850558,0.37212505827678277,0.3730104534497906,0.24631063952002383,0.2815823817038342,0.25564266332872954,0.30209772941046487,0.3233339548893745,0.25473748197709883,0.2779958373354221,0.3546574122635642,0.3417148526842775,0.2818001588595818,0.2686177463578831,0.25857490776486397,0.31639225182177727,0.2812494455653908,0.3081548694061547,0.30295015996280344,0.27665789263589946,0.2811451054827344,0.32806674760011706,0.26210314132722884,0.28959413148321994,0.3378540245767507,0.2544971474364753,0.31093013070259706,0.26251759885265763,0.28805392338458286,0.35764686215359603,0.37957466288140285,0.3209109240831785,0.27723841981539227,0.3783013205568561,0.32634044504335724,0.2634527894820692,0.27608508296964607,0.30625646672195395,0.2556324680341626,0.32307679178208515,0.29331213830104963,0.3230739373038501,0.33906228227151086,0.3811250752248228,0.28323106901381767,0.3334920475573275,0.3297460479601102,0.2867671510936897,0.30039099294926574,0.2868840454656444,0.38612962765606457,0.22908142399067757,0.23336241902884552,0.3241149586294326,0.2909407138213959,0.31223197550275317,0.32832759196592926,0.2327216995202434,0.32328916726787105,0.28903099564627865,0.27960066476341755,0.2793942960316674,0.32522448839603013,0.3170497773797881,0.2723464290074862,0.26117397447478136,0.2667261582728714,0.33478751179879856,0.2690388407018651,0.27571024605439254,0.3138384966264106,0.2652670745034662,0.2493702503754585,0.2224603040153164,0.2745931679795853
Fitness Tracker,0.2776942373395871,0.2660820250049179,0.28786673599936285,0.30826142978180965,0.31811364646391427,0.33324827844693405,0.25807025749065055,0.3374733606243116,0.28376710900111907,0.30699950389009956,0.3214665774117011,0.2725800590207444,0.3327944493841597,0.32159311706234217,0.2708529851307688,0.2936986689021409,0.2337914376429792,0.22035459662474322,0.2877691994413265,0.2757349846538789,0.3213457707482267,0.28107974951688974,0.3730449829573134,0.3335222506887229,0.32806034901392395,0.29531455534771983,0.29466081727343946,0.3376641538717752,0.32875772633859024,0.31231588211536615,0.2551274294715495,0.33015180498023905,0.26343972257156617,0.3214981927995543,0.37888150516887553,0.27049332158246686,0.33202798602941874,0.2887956603491606,0.9999999999999998,0.32287593470157755,0.352529514184,0.32133524661257185,0.3352428531230457,0.3428539608624509,0.35273688596677905,0.25561839291157706,0.30890365585378243,0.34193768575857486,0.2916744971905607,0.3823679139455319,0.33709812571815273,0.32251762487020413,0.31467512201135506,0.2583723733482139,0.29627224683503683,0.3273157747764815,0.3306319764943412,0.25631986204728285,0.2890645432622734,0.34971913190579396,0.27345220135432846,0.28964092842097044,0.3328800333762183,0.32570319722746083,0.2771101639458814,0.2492823759633406,0.32166071445921485,0.26124899380694094,0.27740424400310254,0.2998979358188193,0.29304508771090393,0.322121664169487,0.3007097925983364,0.342569805703408,0.27396796738208357,0.34477069734768817,0.32718278982046234,0.3389394999862967,0.32321874879468293,0.3063317442856613,0.378694762241632,0.36462611371921394,0.3279839063627672,0.25261444346037604,0.2993375917787661,0.32636728983192603,0.28565718100967613,0.27697506816223344,0.36362881296902533,0.39275985293481774,0.2761590276890864,0.33760877979707277,0.27734187676120237,0.2899078040284892,0.3099168781382142,0.3678033748277794,0.2766817824896842,0.2596977765704158,0.32344635733347216,0.24159565295864543,0.3508691044876684,0.34830578407390245,0.3414190458738272,0.24282771663644828,0.2475340011613163,0.3101339485792427,0.22884615246355244,0.3034286906078292,0.33203966095486265,0.33862557523165804,0.2988516407727167,0.30781478439332194,0.259941765454454,0.28358305954614504,0.2771523299130005,0.2554813476182217,0.3551922884029634,0.3187659140948919,0.30689408114196176,0.352940396695367
Fitness Tracker Pro,0.2421329229737118,0.30807101749863686,0.2708734923141076,0.29149860749589007,0.33450046996261884,0.3678292243708594,0.2786329203703283,0.36483727908924185,0.30724165606483866,0.2770620842357224,0.2795087873536287,0.22671335072890345,0.25870261019705304,0.2808852588099491,0.2651519536275864,0.3414097637732739,0.31736529432016514,0.29133469949762275,0.2414138759842417,0.25463319899910325,0.32968235524201783,0.28331308121860377,0.3370334632614068,0.3841194804810107,0.30272044361018324,0.30237713591719706,0.2815949843806854,0.3492781882814991,0.30494536878605666,0.3873895345398987,0.2981714407831274,0.2915141627170747,0.3065337143092379,0.2995636666253761,0.32954108190748765,0.3491213605313311,0.31486779373260104,0.28106967551464257,0.32287593470157755,0.9999999999999998,0.38803936813041096,0.3991084192937712,0.3665388384181072,0.3450911175127156,0.32170289166840677,0.29283187332513855,0.3714526903423946,0.3127953989061719,0.3336396154855948,0.3852470664251828,0.29328970290828693,0.24696588619223375,0.2957095054887941,0.25516326146220353,0.3043033927877083,0.21670276305450167,0.24678432546214848,0.3173930479959895,0.27622865292762394,0.3309782199554366,0.27269960574543867,0.27357640147828577,0.294100225269143,0.33987889006259747,0.2644312438778752,0.31528893602196917,0.26751236968715253,0.22608368831629744,0.35529273659873467,0.21202506241113978,0.2301461707563017,0.28352802817587147,0.2701068843431328,0.23837087457090925,0.23235882874488978,0.3087292196700341,0.3055104397144185,0.27364237337306424,0.3379522838922768,0.35909292611621746,0.3616210408023616,0.32247035289168685,0.29244299645759075,0.2057148409685383,0.295274015602783,0.3962245185183363,0.30095991581737547,0.3166105193628161,0.3943104411838193,0.34450565864988486,0.18866015876138895,0.3101943176442398,0.25276431932142407,0.27177658221445683,0.2360388277615697,0.31517413796319327,0.32632142910038714,0.2748103236506161,0.3341467668590437,0.3337469581667547,0.35280223217221973,0.30171608585514,0.27236800927226923,0.32103445711158207,0.27463366122514365,0.2734523273839867,0.268861323584167,0.2800399024849972,0.38031947444363257,0.2851124011492332,0.26713113336540684,0.3073300671748026,0.3475203807216352,0.31481671258717614,0.26482840607709485,0.2591653362372841,0.30487826998173473,0.3080436109630974,0.35611615318320433,0.3547501299666976
Foam Roller,0.2602017883422027,0.3294832400931922,0.29193887151868986,0.2984980236932204,0.26554844007739353,0.2829063287058888,0.24976701470112714,0.35521347384452395,0.2298904659754265,0.29134195591885775,0.2995513114193734,0.29690959991261817,0.2603431614757938,0.2924587732390455,0.32025667662358426,0.3689710061276661,0.24585209952427253,0.24866416760878207,0.30195707366531227,0.24552429599715114,0.34010275990850974,0.3165697836550407,0.374583113069366,0.3810352408637249,0.2627403423748096,0.3196104902554206,0.2594644753118928,0.2535099311217716,0.3662904899370023,0.34189784896171455,0.35089333766018527,0.31998175696586745,0.24479694029884647,0.277411964982607,0.3182518566817751,0.24915968276449693,0.28891469361897937,0.2985585620209512,0.352529514184,0.38803936813041096,1.0,0.3331912632229503,0.3931159166424707,0.31690996690180284,0.2937058097940601,0.35722406659613914,0.3318689983332217,0.29498705381202484,0.3764301449856377,0.3806189802133223,0.3195652784492364,0.2664724623200917,0.3088681891959431,0.32301366450886204,0.32833804763037855,0.27209982950955225,0.30649659430791243,0.29834355329018997,0.2668571144503316,0.35747750167005604,0.24212939580933993,0.2174006586112185,0.304059496609042,0.28393402131519,0.26096187848458546,0.26661092734189573,0.31970906260153464,0.2936528055982389,0.2758245255999358,0.25483318621839823,0.22419707468809758,0.25943993039102614,0.2834150197053779,0.3317273948987729,0.2330530748638276,0.3290146800685265,0.29455097865031493,0.287770772359324,0.34663852554006175,0.3180492431195186,0.3685707705665656,0.3878445008031751,0.3021161974806529,0.26491019508437674,0.27980503163370335,0.2821705563126233,0.2861107437112032,0.3332960558602445,0.31823660439684476,0.2837921393907432,0.2815970757715708,0.28430959074466605,0.257572840864181,0.2637568148865953,0.33355986023741285,0.31384078496870815,0.2674009748030509,0.27656842509853863,0.3178901335604829,0.32175423381158474,0.27653360679163447,0.2714581928656962,0.27827533032547397,0.2620109736509972,0.20219893460426067,0.2611067848275189,0.25127547266347583,0.31183295859271104,0.35615104825295313,0.33998801072245044,0.2754451539152686,0.25076761709354534,0.3142772556882357,0.3580825241624747,0.26531564621313686,0.25088325807363215,0.30508038042738284,0.27880325969044895,0.3645077592386563,0.434112129956839
Foam Roller Pro,0.28639951731086627,0.3041619198930261,0.25914051060373045,0.32802417054461513,0.27457288896541954,0.26889631812713854,0.25097094714497753,0.3189580018967493,0.20163692362475488,0.16901570972063273,0.28760938493087146,0.2940366619932001,0.30745592083449175,0.3206711368826821,0.2512084168413354,0.3517920714497041,0.21822669755388924,0.22714269379063928,0.26500890040580255,0.24319413097191372,0.29326207802038395,0.2761980780312808,0.36091225041476427,0.30645853616514257,0.34838487887735703,0.30737288189877165,0.3440310343608138,0.27007434456653856,0.2880108846289294,0.3053230707922338,0.24621052403894134,0.30973848362977424,0.26990602923935003,0.2888407925811943,0.30646922761453205,0.2313424643748465,0.20845531590440614,0.279680867185845,0.32133524661257185,0.3991084192937712,0.3331912632229503,0.9999999999999999,0.3996144285038784,0.32127382908745017,0.3486900126339195,0.2863476604103365,0.2770614668120904,0.25797408167208946,0.2247287621081495,0.4006941760834247,0.3375332159984115,0.2623858071925076,0.23644202582873408,0.2848322356046266,0.3474061434284871,0.2782890417997259,0.2244157842538107,0.24989562229970255,0.2448095621332832,0.3467549864208932,0.3548914496767238,0.2569448970947957,0.3000433581135186,0.3120046557930972,0.26826973784489355,0.2855341836800423,0.2287475787190988,0.14821142412108962,0.20778444790207354,0.2903533723337717,0.28456425744308006,0.33586156334770984,0.2661465578584215,0.26594034514401066,0.34953927925474915,0.2601541086133822,0.31130383767874276,0.25459767767722913,0.292953889591598,0.2705578373686435,0.33336848646360695,0.36275537961082244,0.3303093749891089,0.2530362166431243,0.2427764038457489,0.38294780269966316,0.22524677833642726,0.274135218927085,0.3514516200712475,0.3277073572371581,0.24545031624424665,0.2689388925800709,0.2408206245271254,0.2965216101223185,0.33308061579376597,0.3457729072535721,0.2550710975244906,0.2142149397599351,0.28834335973804204,0.22554665099361523,0.2486896398092725,0.24685335848248094,0.25978072798598106,0.29397001213855034,0.19773346931595392,0.2223402544163293,0.3153904289919651,0.3018819210038443,0.31042252402287385,0.33985160740929765,0.23518671138181196,0.31012476635446123,0.2247627819369844,0.3277244330507353,0.32055598893928805,0.23507145568622367,0.23715028849025788,0.26272640884000265,0.2515768620781591,0.348446260350152
Football,0.24853951881365724,0.331098471737474,0.2831856799653952,0.3161515994927687,0.3100711821146506,0.285733440585058,0.3242902367321146,0.3570956476963667,0.21336332840330946,0.2683768695247203,0.2744579267800415,0.2573031638030536,0.2642970451919028,0.2925153711367081,0.2716277848844464,0.3091556256980053,0.2758516279818033,0.2925679202583493,0.28663900817664767,0.2549462829101626,0.28185446358483124,0.3041229103640449,0.3599715077171166,0.3839355882476658,0.3049826538114153,0.274261416867535,0.31976700245909145,0.25142830244326475,0.3593377597085175,0.34493564538659427,0.2983038058448979,0.2956823054836295,0.2879171794629971,0.2825479071757372,0.29132558858281027,0.31292410325534137,0.22816971779919248,0.26592775588226375,0.3352428531230457,0.3665388384181072,0.3931159166424707,0.3996144285038784,0.9999999999999999,0.34325461870774293,0.3027427826777578,0.25739708373487735,0.3027358335556659,0.29717602131412924,0.3195313214511469,0.3749089624326477,0.29972687286873834,0.2902475608570149,0.2789624258784823,0.29720553639677016,0.2783154480513106,0.2676979866351973,0.2542872643117284,0.25508970175841716,0.25889100455092395,0.3520876312229975,0.3086679594614987,0.2761838006735617,0.2875295725333944,0.28189161218624326,0.19466606848825047,0.29109183383591225,0.2813156558732875,0.22645143478476304,0.29616016348928914,0.23942285746350545,0.27623417103896886,0.3401357981498718,0.2398064143384568,0.2864264434880789,0.2629097550384176,0.28687969553546777,0.28429337111559605,0.27804239952109044,0.3324786972889614,0.35460136674269205,0.3129376182329202,0.305655874688057,0.2863585379910835,0.25997792154320926,0.2302202611161045,0.30790658139686516,0.27575886434640884,0.2742764025229015,0.3525178037648674,0.3675280990347207,0.29165021927352264,0.24122326906303987,0.2802007247794874,0.2537648304146306,0.28546469819657827,0.29952223976103376,0.2412570197761001,0.2647669077718666,0.35779763248370144,0.2993305786422683,0.31650450423565984,0.2951257137605251,0.3287827476756279,0.21370528792537608,0.30734270730607083,0.28798378841228917,0.22282221749603304,0.27034778545669075,0.2932770939932868,0.341305127505155,0.2660165360918901,0.27036828184931894,0.2840842270064071,0.29545795546531173,0.3076482844496528,0.2122723217500623,0.2781183374347056,0.2572248875035782,0.31751425335052885,0.4086350890894547
Football Pro,0.25194658931970704,0.2930823004437577,0.31326121698683657,0.26037383522580354,0.31239504789615496,0.27279735838662933,0.23411368460216414,0.3003877247355847,0.30839459048043705,0.23682334036154773,0.427620488026644,0.3093347091174569,0.2978943962816489,0.25727154207775293,0.22191778621297523,0.29928079671540775,0.18583486667087767,0.22456047751704625,0.2784064308349025,0.28856405926480133,0.2738984424593644,0.28643586971018015,0.3202320040420732,0.3300864353783745,0.24976523356802133,0.2613148923673754,0.3157408772631247,0.37777927485223195,0.3336961103442373,0.2748085295348227,0.27998721302014196,0.28239612790442525,0.3039945067203936,0.2718612329119457,0.35775700928859866,0.2571309498010692,0.2958026667271858,0.2836646754157761,0.3428539608624509,0.3450911175127156,0.31690996690180284,0.32127382908745017,0.34325461870774293,1.0000000000000004,0.2845114035473569,0.3324794569640453,0.32408323803004846,0.26464028776756643,0.30673750600447147,0.39267836410849094,0.27366097599728884,0.27970141458791314,0.26230914035284497,0.268038066554398,0.2597980199797528,0.31492281846019843,0.2736299228080572,0.35468937661952266,0.35546547308827936,0.3690328016064172,0.33160442422744524,0.22200859811967627,0.33311308093980896,0.3595663605311394,0.3176819837172393,0.28044662082026184,0.27891302908340054,0.2761900596768379,0.3080121283314028,0.31188487632663897,0.34209144621945586,0.35437577613508237,0.29803004387681464,0.2933563496842248,0.2472216458233869,0.2982639396328883,0.30530470525554654,0.31404209545566086,0.32832066506147983,0.32773176989600394,0.33566889338421,0.3217310187648099,0.31670011784482044,0.17901381757767512,0.26190257080249635,0.3333702279020202,0.2617898052072741,0.2812108713224716,0.30394315319051046,0.29436218927074354,0.28552549794840765,0.29476748577761164,0.2811191418538846,0.31894213172031427,0.2762366598098859,0.2869967767934719,0.2664656554392336,0.2658451393359942,0.24966316641679967,0.26791992441536144,0.32496615377257826,0.3747622693647936,0.2928771024868154,0.3127755784443326,0.29039893087707885,0.27163415478222414,0.2501914688775094,0.3139317535440514,0.28818211697544355,0.23047075967568864,0.2510913046885972,0.24714497018399517,0.2572065513703224,0.2935473974152664,0.2600613007194268,0.2409481847088599,0.30026459553632834,0.32639234257574323,0.3341713218846102,0.39076177701398557
Formal Shirt,0.31974270459196935,0.2912220072139792,0.310209782217305,0.3747839982265144,0.32424797831493757,0.2766365458067513,0.3343716252291227,0.46936472402353235,0.2910928664412187,0.24786340343987345,0.27838031664000745,0.34590369441745095,0.33067581582363587,0.367686779446963,0.3562632144337103,0.32391697513366813,0.31108451830223643,0.25273088662539533,0.2601798290714428,0.3217847516639162,0.38542562467469854,0.3802898175795293,0.37675050786349973,0.2847682307872596,0.3783691302713812,0.37752419697326955,0.33611845978120947,0.3602797754939875,0.20572970626983708,0.3227149286394174,0.29396293069456125,0.35898444320324746,0.2990559169278833,0.3497619966221512,0.3242348140383173,0.3574707869931781,0.3247770176262976,0.30525201778572447,0.35273688596677905,0.32170289166840677,0.2937058097940601,0.3486900126339195,0.3027427826777578,0.2845114035473569,0.9999999999999998,0.32077826113931446,0.33813031788515396,0.3922969630340929,0.2772996667478905,0.3208913867174762,0.3775897899498718,0.3303754798522071,0.3781076248877855,0.27293235400408955,0.30816923024878473,0.34780894456881467,0.31298037299035264,0.2994283897071409,0.35039953731626855,0.4240129552000801,0.33526742899628575,0.37141031062612573,0.341355835138539,0.31441765256768844,0.3698987975731399,0.2998857216876556,0.41206521882497305,0.3010463088194431,0.3228674761707018,0.40056667120316336,0.35089224989483536,0.28683258351886126,0.28722083700659357,0.326865744604464,0.31484024875355965,0.3481513061192768,0.35736712164047346,0.33728142511734227,0.375095453557861,0.41453761643930476,0.3020467211265616,0.28387197806035036,0.3805061994407899,0.2839286627331827,0.30668648687638755,0.37815487219846744,0.31897583168892885,0.33652613641145296,0.29860467183418016,0.3009501500809291,0.24502967354741687,0.3149006236488039,0.4039095031837717,0.36085356925900747,0.4033891244516895,0.3419045195687739,0.3100874120672754,0.2896178074102753,0.3180194957396092,0.3651527657756375,0.3312152532536826,0.36158315914920947,0.3536562452575454,0.3545749702351116,0.3388757982962928,0.35824483531975504,0.3018140251575594,0.3701049934755978,0.27894157692771115,0.3476465264919316,0.35769167900076637,0.33864497123870263,0.34331470692138305,0.3895756860020574,0.2871596604111057,0.35174678557560185,0.31244312431710347,0.39298693132253537,0.3116897692711689,0.31121448425915393
Formal Shirt Pro,0.28935567176163757,0.28234845345736015,0.35381112004594917,0.39391255331456715,0.23276681899903268,0.2425056563543928,0.3148423583226769,0.3603138778035975,0.2674398922184916,0.30486322184633513,0.3608700530925143,0.2780792197190402,0.3043710709786434,0.21343327589964614,0.29650654260297776,0.30269365713310026,0.2764525331537192,0.283963151664014,0.29866426226764015,0.3367117697369727,0.2966506406402538,0.3251786641016813,0.21298997512405657,0.22376040217428741,0.32429673401209946,0.38675194903197696,0.2428220509087467,0.23993411333133474,0.25183929200908683,0.2672704503820016,0.30671142071350566,0.35078335449961656,0.2313574390931835,0.23687043265771382,0.302178827125818,0.29699185072407724,0.2692917196133576,0.2884288625850558,0.25561839291157706,0.29283187332513855,0.35722406659613914,0.2863476604103365,0.25739708373487735,0.3324794569640453,0.32077826113931446,1.0000000000000002,0.2969133556949975,0.2808465017302721,0.2563241691484827,0.32974094985796754,0.3585282157766722,0.3295647089055085,0.24808403860236672,0.21795988139913972,0.3140807017950961,0.30087885892490307,0.29063461730878964,0.2608777541906469,0.29805254734549225,0.382493412183266,0.28525256391247805,0.25886894925688153,0.30397655613273666,0.3189650557656074,0.36934376145948444,0.24753901321794725,0.26664341247627676,0.2666265533549717,0.28494787070787175,0.3333092703659589,0.311578624350638,0.27658560431914936,0.2431049726165076,0.29187298075484797,0.3013237768675869,0.2563878274824975,0.31592301800014055,0.23346037509082604,0.29540847130796616,0.3054195674536908,0.3332435476029655,0.3163173650651481,0.29566500082142977,0.30953436479536656,0.3254871789539414,0.36946835908519027,0.29149187775127783,0.23851989841373525,0.28474291438735105,0.24662508337636482,0.26961582197903616,0.3271760791041641,0.34977289262484274,0.3291581733368156,0.29271825201169954,0.27410547964869686,0.3003328498395472,0.3431590080792975,0.27157463242433894,0.37338005215650677,0.2752815373631215,0.35885509051748515,0.22192114411417455,0.37837228019153485,0.2863182234128645,0.2547263802664793,0.2751779474833059,0.3639443542093672,0.245177490394813,0.2559669125293787,0.22504217512671193,0.2331154442204109,0.27525508089196243,0.40270577207909136,0.2702183148271977,0.2845211133509048,0.24476169345821622,0.27648967378516887,0.2586423660382197,0.29455746585963144
Fountain Pen,0.2285141601218196,0.2811124019702887,0.24874193685414764,0.2951274541079978,0.35252515710911975,0.3440478588729624,0.2620340687074757,0.27113733451566197,0.2110082096448892,0.2729577515091368,0.32312273649904033,0.31364286854788404,0.31765832519702497,0.3176682076838602,0.30951491666885517,0.3662575956363654,0.31746518254052786,0.2845514624263167,0.21026385845441078,0.3174482974485545,0.32358700719720235,0.2551823298894106,0.28463149915392955,0.2922799922051983,0.2510021341298317,0.322965007172608,0.35341476266982985,0.37306738430296893,0.2639890335921533,0.33446564116898087,0.25176185072219337,0.29558802458477207,0.24155452147623316,0.25007708896889763,0.28094824732216467,0.23010139401481636,0.39707297737069397,0.37212505827678277,0.30890365585378243,0.3714526903423946,0.3318689983332217,0.2770614668120904,0.3027358335556659,0.32408323803004846,0.33813031788515396,0.2969133556949975,1.0000000000000002,0.3945552546385232,0.37462271349698656,0.31542514642938146,0.2519007796432611,0.2944693734002165,0.28272357128646985,0.2737870562005741,0.29220644476599045,0.36303515065098746,0.2834384072427255,0.3618784349890944,0.28678189277055294,0.29456026055683293,0.26529643435809264,0.2406480368182612,0.3699039146068356,0.34354034563881364,0.30274823457834704,0.2719853954774828,0.3208183998304698,0.28258879550178023,0.422756989353571,0.2875368863754668,0.2604337903376323,0.33466750969923464,0.3103478088274978,0.3217575390311032,0.30622930656842784,0.38404066669105913,0.39149552353339273,0.2831499986376015,0.34189036000925116,0.30974227812418165,0.32351732321717036,0.35181085625617103,0.3689051898292567,0.2317499465456016,0.29623812758562706,0.38812702469646043,0.4304599315560798,0.37477208870554773,0.37037422985566937,0.3745456737012975,0.34249550362529774,0.34490215591196965,0.26527994451916864,0.3763362387019408,0.35320595616713324,0.35982744379970105,0.26875020565121494,0.22084653639411106,0.24452842908844766,0.2953762411480183,0.23750001228878675,0.3701202385903415,0.2789414710614467,0.25410527492460716,0.2664066015070788,0.35538941305069105,0.2636251105122871,0.2455765160016605,0.3618963722135109,0.3083775445831262,0.3526149683451771,0.26972387614010757,0.31946258966994046,0.3353825286048714,0.2932380943051633,0.2713021872409083,0.3251371956598499,0.32551447829492464,0.31401682481844717,0.3264913152819029
Fountain Pen Pro,0.3184179098059453,0.3541589749815519,0.34439780089651406,0.28911856205453346,0.29932549236756095,0.43106531456551317,0.34861676884421816,0.32497009098394375,0.3805230844442947,0.28618199876026373,0.2537857264919398,0.3164201995061335,0.28541786107668454,0.31711776217226734,0.37232783419007787,0.3971118235734327,0.4087150305685936,0.2948876359796834,0.2756179750275669,0.3432267816918541,0.3479927100078585,0.3428033315753315,0.3577779095210455,0.2956125147619556,0.31237200012608557,0.327645062072442,0.39240848270169787,0.38463114640652996,0.197398490170403,0.31343840424159003,0.29417405105213223,0.3688042418908159,0.27019822975120006,0.3023827903507321,0.40066284503231775,0.33001613731604523,0.41451169188240855,0.3730104534497906,0.34193768575857486,0.3127953989061719,0.29498705381202484,0.25797408167208946,0.29717602131412924,0.26464028776756643,0.3922969630340929,0.2808465017302721,0.3945552546385232,0.9999999999999999,0.3368385752827324,0.27871917636860183,0.30651606486043703,0.35384274238818736,0.3172707350532215,0.2892019089912582,0.37522705723349636,0.31276605334568996,0.3781541648794109,0.2908460644812022,0.26888920435963526,0.3323977841185235,0.3319701055115113,0.41481498399980543,0.36845044352302453,0.32380613577305356,0.3308464532202226,0.3626236867046032,0.3308661429665088,0.3352755912296288,0.37371073615483164,0.3899759594934986,0.34622033763064863,0.30666483051223664,0.35266104900336764,0.3677150344995515,0.3774122910839907,0.42599451695647256,0.42118128440367436,0.3210643125690271,0.413212497051911,0.3863030493674925,0.33260899826921597,0.30587933484519847,0.32334716959561904,0.281974032280374,0.2981754186936425,0.3360607605262067,0.4128085479275153,0.38616245216086076,0.3684563279683982,0.3125176490953854,0.3126187237283529,0.3738970008468172,0.279954677763789,0.27798765755013194,0.39314360122621866,0.3707766553672033,0.3207694028986571,0.3312076795168626,0.3308650786871035,0.31100927928157945,0.401190402405156,0.3685597150363516,0.3261867189102419,0.36437384238696896,0.290667414312597,0.3784454699934195,0.29911771108891094,0.33364982680953026,0.24189664772116826,0.26165693276949514,0.32754547704498194,0.4107527854272164,0.3355353167320603,0.2541865907904889,0.3103328429933621,0.34983691443212594,0.4203561108453684,0.3443854055055118,0.3254968011488245,0.27706299781427063
Gym Bag,0.2156187801811421,0.2456260532239285,0.21654009125417134,0.28086691183680934,0.3066932402629709,0.24291358505958266,0.20927485849010208,0.2732652533726452,0.2569215869675187,0.25621897551728845,0.2830842080989625,0.2523573235761382,0.23087956091478418,0.30717334365977833,0.3219264756559406,0.3374980708780152,0.29670527396127117,0.2670200585518957,0.22996367563391268,0.33398277698657064,0.24060900434594926,0.26390958802178377,0.28726440297205047,0.31305798713829447,0.23915305452523766,0.2452560050197969,0.25130297870276613,0.2858604329677528,0.35819789719022177,0.3642589801612713,0.2164069846969831,0.29123565517152933,0.23588851848465797,0.3014405472485307,0.3044793648798577,0.19593868880499687,0.28398055892636137,0.24631063952002383,0.2916744971905607,0.3336396154855948,0.3764301449856377,0.2247287621081495,0.3195313214511469,0.30673750600447147,0.2772996667478905,0.2563241691484827,0.37462271349698656,0.3368385752827324,0.9999999999999993,0.38005345601851376,0.23605966081202426,0.2654502934430426,0.23761827605181884,0.25875938478776583,0.2529189182635171,0.2640299415497404,0.293850115764822,0.3219525984911799,0.22127370198750915,0.2647377919630167,0.2864863102859829,0.22856017598499997,0.3589356601611383,0.2863189195597706,0.23390681430258997,0.23322308572941147,0.3038875777422066,0.2682309158367164,0.2920232352905273,0.2432550114369269,0.295645937762279,0.20754363566415748,0.30165413207860353,0.2897877943611588,0.26644589119388007,0.2707304300268796,0.3394561262718535,0.2875812033741829,0.294281234344338,0.23210409962402292,0.29310055581018435,0.3027770729565139,0.2110091855083559,0.22117982274228892,0.25885052228223915,0.3044105380130448,0.2870559116228211,0.2643982400715904,0.32654509605125065,0.3226825860669342,0.28926882316783725,0.29732034470562535,0.2774902304822998,0.2838795501707226,0.2540474409778669,0.28154685951157943,0.29442078837490815,0.2436804132443747,0.30294850400857226,0.2600751083163432,0.3177667990725644,0.33892874060183836,0.28677954056048616,0.20955748248515277,0.2836826449766707,0.2916301329945497,0.21387585962008304,0.23270443359078768,0.2978705401986266,0.29906024455621777,0.23619554105755874,0.28466955572587366,0.2726938169980262,0.2910065382499334,0.24767411628878955,0.2167600853079167,0.2619710254098012,0.22729898606035887,0.3875324872285803,0.33725171079215804
Gym Bag Pro,0.3472148026148275,0.32821720423633444,0.2693011108923313,0.30868407630091743,0.33238354912832035,0.26543106519713017,0.25061370630032515,0.34852400680021633,0.23658644270212448,0.32224705126668673,0.3843214370191771,0.27694866207751795,0.34272102888318334,0.3275935124535237,0.3186468698806131,0.32896237104485265,0.29120229293583944,0.34372624756178877,0.30442659348389756,0.2847360486401991,0.33255850252952823,0.2847788969026006,0.2845604576605434,0.35343932713710846,0.3114306411960602,0.3091021223298686,0.28055258158581126,0.34071205895451956,0.3252033473436717,0.31911611606964746,0.25400005903197775,0.3197457993193269,0.31824559651457646,0.32694775805349635,0.36157162047813407,0.3183524533307425,0.26995123516705044,0.2815823817038342,0.3823679139455319,0.3852470664251828,0.3806189802133223,0.4006941760834247,0.3749089624326477,0.39267836410849094,0.3208913867174762,0.32974094985796754,0.31542514642938146,0.27871917636860183,0.38005345601851376,0.9999999999999999,0.3150729300312696,0.3217763855915317,0.32598966966294785,0.29553190504963067,0.2927789891843395,0.2813000612271877,0.280030351194648,0.2672577428835068,0.26854522664921976,0.4116111072176746,0.293211969496767,0.2635353769466349,0.31820660989045907,0.3035223550435596,0.28742639466410896,0.32851978610219595,0.3117262222053129,0.249733081955823,0.31921685371057257,0.2686765887952155,0.31714799343774913,0.30814560413889863,0.31378783392633947,0.34503638143897625,0.25309013206403747,0.30117497712382957,0.33159676817765854,0.2961500055015033,0.31820953824467957,0.28390767410153284,0.3679994788689678,0.3588397931637459,0.2674589593652479,0.2649898527771095,0.25896980021714056,0.32840099945550083,0.32550413036751535,0.27740498045841555,0.3316852931983035,0.3831880876076231,0.3031336652114373,0.32770419333855233,0.3154337703776799,0.3093481197807664,0.2532275752848703,0.2957085855170219,0.33619934449394534,0.23874278660506526,0.31070759435665496,0.2804016461630705,0.2830579011114609,0.3017193337338424,0.29961073730893134,0.32166028708500455,0.27120764318247725,0.3421228346547822,0.3157574300244291,0.3015171984894895,0.3286934650965066,0.2819992255863741,0.29227076991104994,0.2564270746087481,0.3025212844138696,0.3307029781057588,0.26721342994079106,0.31318536376360695,0.2696310020505061,0.2934705612182155,0.35929833491030677,0.35595231909858727
Hair Dryer,0.3280252406255358,0.28255470825738427,0.29550199850546693,0.31693665625603407,0.23605650023982178,0.23856288753526497,0.263318580825746,0.3492736943371132,0.2582607622433925,0.26703661338758544,0.297284474372092,0.2786917566081423,0.34614148350084495,0.3029350664825807,0.30928143588020796,0.31618992351110037,0.2604416714866422,0.2650533089602674,0.2483634968579154,0.26106561133455736,0.27957101194975675,0.31280483454602803,0.24842749450670948,0.303326160077229,0.25915673729010874,0.32686573224420135,0.29902143175025964,0.28973442333114247,0.2619326874038162,0.24193821715351874,0.2696140756898169,0.28587117345988244,0.25924478880517793,0.287352084052437,0.3089135213033683,0.2955772469127256,0.21182198661429788,0.25564266332872954,0.33709812571815273,0.29328970290828693,0.3195652784492364,0.3375332159984115,0.29972687286873834,0.27366097599728884,0.3775897899498718,0.3585282157766722,0.2519007796432611,0.30651606486043703,0.23605966081202426,0.3150729300312696,1.0000000000000004,0.24985320863796193,0.29192399944191116,0.2329285355495879,0.2643748554745109,0.2522072212871576,0.27043019582232525,0.2919936167942889,0.1969068322516295,0.3201861049261168,0.36679914230268884,0.27207016057743505,0.3513848538913577,0.37689579259742656,0.37349732124966084,0.3024207095339709,0.3083835516800426,0.27858830384982264,0.33581576421347664,0.27935098305315464,0.371279531127028,0.31848124077440965,0.2749612381989166,0.31248955808690837,0.2976078116822622,0.28257652115044474,0.26898418053831497,0.25978531962644075,0.2930239063159008,0.31338939590656845,0.3045502918320539,0.36989790170315645,0.3219104799518839,0.2586755684791673,0.2951646595979754,0.4059755498330248,0.297180192707638,0.24979138380820531,0.28710939775673616,0.31072723811509967,0.26174349696587623,0.329765954405479,0.2598874279784269,0.2522525421403786,0.32688096721071025,0.28690324784389587,0.27735294778304076,0.30623509427117857,0.28472485974293427,0.2947251930655156,0.2343445567694625,0.30348854465074065,0.37836255102836375,0.26959390029094715,0.2729520638822017,0.2827690921827337,0.304630403958695,0.35778518729326025,0.24913341385954182,0.37353621101838513,0.26794594274651506,0.2692110477120879,0.2816891120855814,0.2828918151160667,0.252053143244415,0.2738078156560671,0.24520219874434346,0.31774357409123244,0.22051548304965973,0.2507116259129034
Hair Dryer Pro,0.25641729919685996,0.33316418139784854,0.30560972245167556,0.28784866972660256,0.27780784967100186,0.24232915284893647,0.29653507750148095,0.3513976234037553,0.2891962724959938,0.2741077713222898,0.26983505746381514,0.2620657704195109,0.36235356794314,0.33682923188765446,0.25037550656881236,0.30567501152905174,0.2894050228087211,0.2604151317311777,0.3043975874642379,0.3811083962551274,0.26046746014019445,0.25853787463090155,0.36236998415806715,0.2753810637877046,0.23563262050769465,0.3114495733922595,0.2769277507889194,0.2688769616692832,0.20081474834033866,0.2607764630750863,0.270405928102803,0.32298368092799834,0.3378574474418554,0.3329444829360215,0.3706959968334971,0.3232684064478343,0.3434851849822591,0.30209772941046487,0.32251762487020413,0.24696588619223375,0.2664724623200917,0.2623858071925076,0.2902475608570149,0.27970141458791314,0.3303754798522071,0.3295647089055085,0.2944693734002165,0.35384274238818736,0.2654502934430426,0.3217763855915317,0.24985320863796193,1.0000000000000004,0.2385034091846725,0.32316094819479996,0.24261772247210092,0.28744085231276284,0.34300578911486374,0.24485390634230547,0.21068466583680645,0.33872678962257063,0.3092893043942375,0.31143509106051687,0.28468744240208177,0.25843745899836945,0.355284027158235,0.3681950784682263,0.2842644800748896,0.25193522085780723,0.25335695960643645,0.3030536886563816,0.37726300874352847,0.36736287256856154,0.31923368983992645,0.2978664755418587,0.25597154731215305,0.3420288195146065,0.312351354251316,0.2745498928467277,0.2698601271988187,0.353682913659582,0.2160910869310493,0.2672124578764441,0.2824509953754001,0.2566866637225095,0.32728184492244394,0.29878065939410253,0.2965476881702548,0.27479490312235166,0.31757610104105427,0.24274326891849746,0.3039059566888692,0.3366192840311336,0.29368794069121024,0.26393766248635475,0.31465260220796276,0.31967018909192974,0.2643841544008201,0.25171814498758827,0.28280310535658104,0.2325184314953046,0.3692009985025663,0.3524504982260017,0.29778904848719545,0.36701547342683544,0.28066546584858143,0.24602934910619476,0.26491675232769635,0.35654485798299473,0.3251448514809083,0.23795682804412369,0.2604860193510435,0.29110697190088747,0.306329374889561,0.2930712075621138,0.3005943569669707,0.23409546263926298,0.2572185344880434,0.3482372467644463,0.3390676960801435,0.30646930591586763
Knife Set,0.36281576932259496,0.3451098334058178,0.2283686976815795,0.3077745335047963,0.3104319052457999,0.25040191811205825,0.24495074420369256,0.367044705736205,0.2706325140951872,0.4443831365899124,0.33987534756626214,0.3056688489010427,0.331701456820183,0.2910941029799346,0.3161931755353394,0.3178741069595931,0.3308859696452077,0.31133018532404355,0.23631058683278167,0.35637498798023587,0.42587068167963504,0.2952501464613929,0.3124842998196346,0.23638696948129737,0.28968673603381756,0.24925327000855182,0.2981794959206964,0.2728992359835944,0.27830960387043546,0.3119962319470337,0.3506490929602011,0.3329539040426267,0.32806345153143623,0.3305456644085836,0.31439641625645187,0.33794614217985547,0.29471736109145785,0.3233339548893745,0.31467512201135506,0.2957095054887941,0.3088681891959431,0.23644202582873408,0.2789624258784823,0.26230914035284497,0.3781076248877855,0.24808403860236672,0.28272357128646985,0.3172707350532215,0.23761827605181884,0.32598966966294785,0.29192399944191116,0.2385034091846725,1.0,0.2838187507665533,0.296947254158963,0.33092269704698984,0.2483641817638496,0.28841981266873384,0.21004584230020237,0.27699206757541184,0.3493654698280975,0.30074443912119764,0.23782400619949234,0.3239302113358029,0.279690416864464,0.3303027393046321,0.40181229556866627,0.3819987566439384,0.29975333679379523,0.28340850539425705,0.3556281595799453,0.322454502302636,0.26182874888830077,0.30196474306070425,0.23223294157442687,0.34024640613542545,0.35246846772826596,0.2644847502396397,0.32366917082538676,0.31289567096175885,0.2869782380729129,0.30155375713310745,0.31868232006835834,0.25160034685808,0.2757794729941901,0.29864769436100735,0.2763908333773207,0.3114149764629243,0.33539837559702707,0.24212565672450698,0.25946346966110695,0.27252741269118075,0.3742670549230721,0.278115383406658,0.30702118919765314,0.33903463718749816,0.31780853454280117,0.2815746449740766,0.2843777949808932,0.2811692332786434,0.2862729848365182,0.2682346067724523,0.3135758318194338,0.3524768121392734,0.2888683934745973,0.29534713010282454,0.3731909580679394,0.266340697799284,0.27299814494767294,0.2975867897900006,0.27258118071789544,0.21258533302206345,0.3380879916604659,0.2962498625743261,0.2263284343452454,0.31552190469721514,0.3447957297759415,0.26991614684230525,0.25044308604340065,0.315132325922873
Knife Set Pro,0.27374765047025157,0.26537058347520315,0.23115191577391225,0.28887030446173756,0.24631204401955606,0.23451554544147374,0.20846451750125367,0.2993622187492141,0.30550924433106097,0.2630180596105793,0.2728099113320266,0.3058202421639072,0.20590462899182177,0.16794196762735147,0.24433462930724764,0.281521808007386,0.27942757417121084,0.3225595116041896,0.17647732487760207,0.332407984129631,0.2868686162736657,0.27230496214562927,0.2356121698867955,0.2905972832911184,0.26693235626767275,0.24367420975538967,0.29153505326988316,0.2982297286368776,0.2800580318147327,0.2975373855480105,0.3512943658196681,0.32407516476248754,0.23138325484899133,0.24918110694756543,0.2894810885047191,0.18107990613917446,0.23220134018584362,0.25473748197709883,0.2583723733482139,0.25516326146220353,0.32301366450886204,0.2848322356046266,0.29720553639677016,0.268038066554398,0.27293235400408955,0.21795988139913972,0.2737870562005741,0.2892019089912582,0.25875938478776583,0.29553190504963067,0.2329285355495879,0.32316094819479996,0.2838187507665533,1.0,0.29503543310673713,0.3290930266762125,0.2637427757449053,0.28742534791056235,0.21181565683786707,0.221491888146012,0.2733917975360872,0.1951538753390242,0.27104445876070027,0.23913903410119275,0.20263420090686846,0.2423605608526482,0.3302400504490375,0.2871592952315272,0.2551743481005505,0.3092543288212256,0.24262847663510004,0.30829291709406903,0.2695851953375993,0.2453555679106797,0.24802380922347497,0.28553295378853755,0.31631417750016727,0.28246992589479347,0.2690266219085143,0.30603879073492357,0.26252239602182825,0.3131008399939025,0.23589128429255302,0.22809304553559248,0.23216559397589853,0.25120637337969554,0.2402626105234603,0.27072414628232183,0.290924462088682,0.2565573595745699,0.2274054237336943,0.27403370752205375,0.22478217009854667,0.2539804030270906,0.27345230726552694,0.23525527228271453,0.27084758404395387,0.2841667709723223,0.2197818263832846,0.2530012144345604,0.265402902248921,0.2705428442280951,0.27875173614425264,0.2620408398806786,0.23823338376250075,0.24186390733852733,0.252470485826381,0.3239976098726331,0.2700019915048558,0.2206092875725074,0.2578150220963639,0.19991094075073101,0.2534195137795984,0.2622075022142269,0.28611188991759634,0.18952891203941669,0.28956225737257574,0.2782020859423875,0.2969543204319112,0.3284945994434132
LED Desk Lamp,0.33995802474442227,0.3905441038007661,0.2619505757802155,0.343723284325476,0.26953866391044273,0.31518247311332026,0.27907884552105483,0.30001051752235675,0.29643889701543125,0.26679500731388817,0.26970725248910393,0.267115152680789,0.23439996501280208,0.2892797395611098,0.23605958408831734,0.28032269806412274,0.3025071983300998,0.32310887335931027,0.25965054268174276,0.2793013230029785,0.35198251306605366,0.39844378963487626,0.23471359498532063,0.2846406352245956,0.29227807737493805,0.30949250466750944,0.26704952400038995,0.23249470533977773,0.23511505423683707,0.2494085907053864,0.3450413669831101,0.4093791103797459,0.2863354298659121,0.2680348169364279,0.2687649025844739,0.2550528308439308,0.239980835668473,0.2779958373354221,0.29627224683503683,0.3043033927877083,0.32833804763037855,0.3474061434284871,0.2783154480513106,0.2597980199797528,0.30816923024878473,0.3140807017950961,0.29220644476599045,0.37522705723349636,0.2529189182635171,0.2927789891843395,0.2643748554745109,0.24261772247210092,0.296947254158963,0.29503543310673713,1.0000000000000004,0.275905660027145,0.22749352228133227,0.23682643828920302,0.24541326291538013,0.3355598155570137,0.24346256745559144,0.3372261400624819,0.32309600508637876,0.2988064185227061,0.276014542978155,0.30918592417218504,0.3444813653773007,0.2582248620145446,0.2894243023474819,0.299054726991633,0.2711542215338277,0.29727869756347663,0.28703889493636925,0.2881761116839396,0.34333910627613656,0.33064370220004935,0.3498430946846087,0.2745227780840379,0.297211864255408,0.3206677937537856,0.3336512575587183,0.26790011155273774,0.33677931532759275,0.2693119813901416,0.2685702961303343,0.3297995378282945,0.25611587609578756,0.343026553626821,0.2579344348275774,0.2637954898136596,0.25751027755816086,0.21403751211855299,0.26935290982303023,0.3447601865736402,0.26319914339328043,0.2692153126379906,0.3524527891878633,0.3342038747346394,0.33152976242821075,0.27182174066041087,0.29809773993591926,0.3270450413842578,0.24133725437755035,0.3139410199153594,0.2461529946432236,0.29187280118377484,0.3131375768478707,0.37828434333519234,0.24259607539504835,0.248639710639312,0.23021070505619418,0.2496780046636476,0.23313180824808555,0.26976127865747185,0.255172180759015,0.2561964231625228,0.298262032177572,0.32383530783984815,0.2242754519709844,0.3254573373842592
LED Desk Lamp Pro,0.3126401028474515,0.3798127251380159,0.27651373638007315,0.2697067844400842,0.32532198846490246,0.2609457013279839,0.2668117147796728,0.31473421222563597,0.3314630231066868,0.26431009629127294,0.3450569234539597,0.3095436072077609,0.3457696102301301,0.2663057820069439,0.3287111969766323,0.31700299806820675,0.3764462237485265,0.33271536096233345,0.276682842552794,0.3004974977024223,0.4028293836143239,0.29110440335520166,0.25070365480606316,0.2289115225267327,0.27147315441106434,0.3060000926771649,0.3156922176570597,0.3333948302070023,0.26912711951283125,0.31780429311564434,0.3262194039012208,0.33522152625554646,0.3077733065677347,0.2880565728279753,0.31004468569429416,0.198169703573625,0.32585278011900065,0.3546574122635642,0.3273157747764815,0.21670276305450167,0.27209982950955225,0.2782890417997259,0.2676979866351973,0.31492281846019843,0.34780894456881467,0.30087885892490307,0.36303515065098746,0.31276605334568996,0.2640299415497404,0.2813000612271877,0.2522072212871576,0.28744085231276284,0.33092269704698984,0.3290930266762125,0.275905660027145,1.0,0.3173259674268432,0.2946689417599559,0.3046645762924797,0.28093142007567884,0.3386972736958392,0.30490979320884853,0.3532277880628944,0.3710655317152509,0.31637859886314795,0.2979016408978531,0.31281804150676656,0.33190234005168395,0.29068726472816125,0.31774252780899553,0.3154519315021111,0.34989886758888056,0.30593687934436264,0.32182123027355586,0.3232651482271819,0.3224949779848772,0.31471835235793644,0.27887919371835745,0.3424973729490742,0.34102482967468817,0.23537537961256688,0.29810194803446327,0.28700259228299985,0.2852392325736784,0.31695306017960195,0.3629914635446382,0.32797597282816826,0.3545855609493425,0.2693452446430805,0.3210974254552241,0.37530452481682525,0.3638480073940222,0.2300850132864887,0.33181582630980994,0.3449840788113125,0.39242409811841594,0.25856264474302393,0.3094734035206703,0.26679437648488696,0.2978821573287974,0.22381712809244247,0.3762416390851115,0.30573522692461874,0.34407328082609195,0.29431342544058986,0.3911382422106159,0.34831522273453464,0.3040526096329048,0.32753064315239167,0.3393594624408065,0.38329973427689734,0.2750271571515144,0.2629932517792696,0.35392504691883087,0.28203151269587406,0.4000046487698788,0.2652950680489951,0.3905862049068057,0.33088627244815016,0.2972606474057383
Laptop Stand,0.2950278714225708,0.2708424447485457,0.25106323138767,0.2647494612083078,0.2626282899068954,0.29125386965382527,0.22528848313709368,0.32207962207674723,0.280317153364986,0.28994374407743856,0.34599681238711677,0.32124139714634337,0.26193074140545336,0.23237433874948196,0.27484851769394225,0.24534856968889995,0.23566728322030428,0.2645693902816967,0.2851519891141487,0.30545640381450234,0.2705149584933667,0.22084825084413023,0.3005628287805924,0.29880483427483395,0.24106738341517125,0.3492245921108501,0.23778604253108582,0.3356605134082785,0.25467863336210955,0.22991876325038121,0.32812457083598123,0.3066208675474622,0.22231936838609945,0.27248479939832787,0.315628951760785,0.2302343075766213,0.2745217361323833,0.3417148526842775,0.3306319764943412,0.24678432546214848,0.30649659430791243,0.2244157842538107,0.2542872643117284,0.2736299228080572,0.31298037299035264,0.29063461730878964,0.2834384072427255,0.3781541648794109,0.293850115764822,0.280030351194648,0.27043019582232525,0.34300578911486374,0.2483641817638496,0.2637427757449053,0.22749352228133227,0.3173259674268432,0.9999999999999999,0.295135777691548,0.3146459240910122,0.3169903052237729,0.3090639615776378,0.23194974566241933,0.4061141046878941,0.2996857633239016,0.27757090868788026,0.29107384807656367,0.3255430246059118,0.26204395803507624,0.27519710339525777,0.27789134734732485,0.3061546099436415,0.3001565331917748,0.3046154011460817,0.27950176164727203,0.25793585087514226,0.328063057806232,0.2978778004741518,0.3167087358156619,0.30855612100737984,0.3196336100902562,0.2253155913678535,0.2248865530015977,0.24269428766621598,0.28312956756596763,0.3656485537415507,0.250755099730349,0.24513865163263415,0.2248122041811208,0.34313059444005045,0.2485904220694123,0.37541204776414816,0.2843287174999785,0.2948746861891146,0.27080737506946106,0.2983911491993374,0.2898812021530181,0.23179542476361364,0.25578780030342785,0.34651723639079424,0.33734844848695955,0.2738348066049057,0.34222399271863235,0.2612655262273124,0.28949335441740204,0.29290334003010365,0.36310350353088283,0.26950737377856093,0.4248468500905258,0.2854794711400053,0.1895794272600478,0.30983493038060755,0.3172865251009881,0.24286123574330404,0.25475693112709924,0.31058753598316813,0.2870157556323921,0.34749782054013,0.36028241876440636,0.2997589864013689,0.303040798336898
Laptop Stand Pro,0.2884093120088741,0.2682809329332469,0.2388082636000445,0.2747746972933943,0.2652331016308029,0.276194716039136,0.24035592124822935,0.306888530740554,0.27176807409758824,0.2781101121275234,0.3708391635141501,0.3623563561560828,0.3118319569565018,0.2604009874829077,0.2424250719947283,0.3208507060468838,0.25093170592088854,0.27208376599632106,0.2749911371257406,0.2745477843714397,0.28385876391618586,0.2944629712466079,0.33456849581845094,0.27760776920321134,0.2564887178504484,0.275313117231326,0.25969824039015355,0.29051757508172027,0.2637675087941705,0.249759571457969,0.2992344558834181,0.24544958377201048,0.25317416978077145,0.2723887647381398,0.31105023379117264,0.21081274347801546,0.28807664970831437,0.2818001588595818,0.25631986204728285,0.3173930479959895,0.29834355329018997,0.24989562229970255,0.25508970175841716,0.35468937661952266,0.2994283897071409,0.2608777541906469,0.3618784349890944,0.2908460644812022,0.3219525984911799,0.2672577428835068,0.2919936167942889,0.24485390634230547,0.28841981266873384,0.28742534791056235,0.23682643828920302,0.2946689417599559,0.295135777691548,0.9999999999999998,0.27266092446208495,0.3213886108805714,0.300558157617998,0.2203106547246438,0.34957218680826024,0.3670051741635939,0.3252734422801373,0.28921675784455586,0.28693643640367644,0.24419569385495518,0.2993924430121394,0.2740558567694146,0.33037034316030506,0.3258734761684718,0.3220347221652054,0.3429285500052811,0.29125727104433813,0.33139541166963216,0.33068907548030463,0.36469577973368705,0.32514761413377463,0.30120963928026295,0.2495548861614015,0.29238733887602797,0.3052723486366069,0.24733608572501745,0.32647087195867547,0.30236113834898354,0.2914325017301144,0.2475552418236228,0.2764054536293826,0.2667928413539865,0.2985793476400781,0.3310032469143689,0.2647171146079809,0.30775066289037206,0.24646973122174742,0.2582377402971819,0.3123324891647458,0.29914258116395664,0.2305199082456994,0.30136974415242285,0.28473109326702806,0.3023605743496767,0.29526379045482115,0.2808085464168968,0.27475808677764463,0.3691949439466096,0.2590044260683452,0.26836086809741977,0.30669246887131674,0.2475461152849554,0.3008931371919752,0.3797655819312546,0.24302687401711057,0.28676759621161996,0.31238907409563943,0.27983880618812706,0.3794627967164149,0.29346443946868733,0.26089310254974535,0.2789833162712938
Leather Wallet,0.1777088681568011,0.31875308664556434,0.280323028219998,0.33832494092909954,0.24136523464338427,0.31635127182223155,0.2962921714443228,0.3874230218133622,0.25049116041375746,0.19414345561720667,0.27662325990101627,0.21328665682972842,0.2729378822809787,0.1915021143772866,0.21370806390521646,0.2554281931927798,0.251610812068966,0.23314428250182015,0.25038345532638595,0.2591113096151352,0.22197752484541872,0.21015959019395353,0.2555745424661556,0.1956348949007478,0.26962724823790507,0.30422854857285686,0.24597652258447322,0.26014460818855656,0.18432557958312903,0.24371080641218612,0.2882437225917349,0.25146896256141016,0.2095534168543284,0.27234635602903096,0.3022499519181138,0.19065404621465537,0.29893659931392613,0.2686177463578831,0.2890645432622734,0.27622865292762394,0.2668571144503316,0.2448095621332832,0.25889100455092395,0.35546547308827936,0.35039953731626855,0.29805254734549225,0.28678189277055294,0.26888920435963526,0.22127370198750915,0.26854522664921976,0.1969068322516295,0.21068466583680645,0.21004584230020237,0.21181565683786707,0.24541326291538013,0.3046645762924797,0.3146459240910122,0.27266092446208495,1.0000000000000004,0.326120975126447,0.2400151418092793,0.28593962966408765,0.2924477428406929,0.2872715147396535,0.24731266028460752,0.2847482461882422,0.23106021491035092,0.25621971058213633,0.29118577259528844,0.36266798444245557,0.31302668715381243,0.2262137167498793,0.2926239891053923,0.23774817707239942,0.24650135421470787,0.30153008050235397,0.320446568922443,0.2615285410600985,0.33783688527681877,0.307015435542871,0.29317867756600735,0.22491866127684992,0.2754968661744216,0.2873290184503777,0.23367422708385688,0.30059896776470196,0.27272697019056963,0.278802376569084,0.21518765575228563,0.26369277596240787,0.2550636462639701,0.26484563823836854,0.2915166663157899,0.35401145079403645,0.23943379775293122,0.2674690440824278,0.20919984014865928,0.2564603855108714,0.349452304709681,0.3358950170577123,0.24360545271866285,0.370427108295602,0.2652816206347241,0.2422072705732542,0.2689207765137711,0.26927851585183604,0.22644959993611286,0.33442567100433285,0.23137302551551714,0.21970160718698417,0.30797794871584255,0.2707949831033936,0.30997367858578445,0.29351273979854664,0.31771639305241056,0.2806078225921584,0.3472487497987985,0.3159288988512199,0.3131217014066251,0.23935529340049516
Leather Wallet Pro,0.31569065483152126,0.34976546460652774,0.45353222975941454,0.37676370144105364,0.2816975276568946,0.27423669553494473,0.4023631874852079,0.39249707123669264,0.24518074004481677,0.28003945213134135,0.38928790259197943,0.32218786846645314,0.30974567674021064,0.33215072871736295,0.33460727249790695,0.2567352171984428,0.3079992861161154,0.27336468296158783,0.400361338775292,0.34142249914647316,0.31188462443180504,0.29542113461832986,0.3408745768063771,0.3416980973486853,0.36203672968976586,0.4030939821832398,0.3090511179355426,0.37101467110421665,0.2915685889616688,0.32743461708845917,0.305286385765806,0.31361282306092,0.3091160347967395,0.36507096170317,0.2890689438108281,0.27168755227844976,0.3033947764916135,0.25857490776486397,0.34971913190579396,0.3309782199554366,0.35747750167005604,0.3467549864208932,0.3520876312229975,0.3690328016064172,0.4240129552000801,0.382493412183266,0.29456026055683293,0.3323977841185235,0.2647377919630167,0.4116111072176746,0.3201861049261168,0.33872678962257063,0.27699206757541184,0.221491888146012,0.3355598155570137,0.28093142007567884,0.3169903052237729,0.3213886108805714,0.326120975126447,1.0000000000000004,0.37675809307966124,0.27362089272702494,0.34320358851396915,0.3116907891130906,0.3382226108476809,0.2960503181309417,0.34129160689414684,0.2710023111255566,0.3554989908600189,0.36123648321111723,0.34376460704574074,0.2819547589559174,0.3349111095349156,0.32016641917745337,0.3344154706097277,0.3675647196363028,0.365422959907279,0.328176003682738,0.30371301204350976,0.372761705571625,0.33192537127536187,0.31817531415311273,0.3084381874410761,0.2969321999251288,0.34346060904792286,0.36749351570029276,0.29664912536176946,0.35814972915521864,0.3362109258170397,0.29769311529579623,0.28614707253935456,0.2778846597059257,0.3994166519979469,0.3463087904614874,0.3205110005506979,0.31992215591861817,0.3054234443098664,0.29816457463585166,0.41596469125030855,0.2958902187620277,0.2969888826351101,0.3329822943676779,0.29799848585463035,0.32839261325509933,0.2939974937292114,0.28640060448020827,0.24577390753308626,0.3322675735976697,0.3032669776882546,0.2437298182094797,0.29583329268433245,0.2920356396073179,0.35783077605804914,0.3291902533320738,0.3257209975893686,0.34782396982735364,0.32288786764764854,0.35868914015390174,0.2922203032874842,0.36769018268602105
Lipstick,0.32114642504783447,0.27340566448168196,0.3956177723676202,0.29770366803606785,0.2415125366074931,0.2961790786727138,0.2783866537745641,0.2871241652706312,0.297000390299583,0.22144566916149197,0.31491887341509184,0.2885509271309647,0.3174942021169308,0.30779121030384204,0.2377491558698381,0.28764622215529917,0.2566824043166024,0.2736154791365848,0.2602402808337527,0.35035529953268907,0.3243462469793079,0.26717556389108077,0.3349957098415824,0.27728739493157684,0.287272968450497,0.2623714168838644,0.25130251143579024,0.31554820800397776,0.31343159636483175,0.3121344931335198,0.3272936947916742,0.32428698675564044,0.3647706066406401,0.31388085496820317,0.39979719974359396,0.27772005233638547,0.2870933067636359,0.31639225182177727,0.27345220135432846,0.27269960574543867,0.24212939580933993,0.3548914496767238,0.3086679594614987,0.33160442422744524,0.33526742899628575,0.28525256391247805,0.26529643435809264,0.3319701055115113,0.2864863102859829,0.293211969496767,0.36679914230268884,0.3092893043942375,0.3493654698280975,0.2733917975360872,0.24346256745559144,0.3386972736958392,0.3090639615776378,0.300558157617998,0.2400151418092793,0.37675809307966124,0.9999999999999997,0.3168425682927464,0.34542266776698244,0.31413514099351625,0.366426722936567,0.37724796894652396,0.3586143574619431,0.2678477408189736,0.2910839969745321,0.2768888067273002,0.40177343937355203,0.32058427580737586,0.31173243055435296,0.29968094120794064,0.27961902803909966,0.36324226631791323,0.3773800757132712,0.31419209145965066,0.33832909257761323,0.3503480378861177,0.31268682737775344,0.33649972348821205,0.2543503385919215,0.17401490046365434,0.33356901162488384,0.41648065132140283,0.2857762029724292,0.3058876069382563,0.3765875371913698,0.27622245063467066,0.3139824977639198,0.29262150610531495,0.27517611452377755,0.3025785389209772,0.3126939537090074,0.2801734647224467,0.2718337460506554,0.23480255145588808,0.3149958779276135,0.25195454278875745,0.33448952890383044,0.32574013414575764,0.36726924816390843,0.39658114415544476,0.2879744791021868,0.3366892297643768,0.3213726826856389,0.30881391335813185,0.22373228067803935,0.32135149415084074,0.29856686512063463,0.299638305029749,0.24131540367714255,0.26001043627486325,0.312242298715179,0.31640958635932487,0.2620878748309533,0.3789362602763423,0.26619992339175524,0.2916259967073862
Lipstick Pro,0.31351873391320373,0.26496026618740026,0.3198580652037583,0.29880614374615305,0.2862576843552019,0.27357333573563997,0.2673185939565602,0.3090386701876512,0.23389787371349846,0.204028320324751,0.2599472250950044,0.23248720109806092,0.29666848115363853,0.2977160688684878,0.32931950880419747,0.29147267561849033,0.29596882312378847,0.23609888122289624,0.23158404154376047,0.2659492577770555,0.3028298867597327,0.29635686106661896,0.29609554819614936,0.26877804433151137,0.2667214523070417,0.2426868853239812,0.27275046787867274,0.2877466834687148,0.2105591849106691,0.244165515210921,0.2936990270502911,0.28874166591005335,0.34173245622529114,0.32808240251494714,0.3069087174332073,0.2941805604884551,0.2773531912413647,0.2812494455653908,0.28964092842097044,0.27357640147828577,0.2174006586112185,0.2569448970947957,0.2761838006735617,0.22200859811967627,0.37141031062612573,0.25886894925688153,0.2406480368182612,0.41481498399980543,0.22856017598499997,0.2635353769466349,0.27207016057743505,0.31143509106051687,0.30074443912119764,0.1951538753390242,0.3372261400624819,0.30490979320884853,0.23194974566241933,0.2203106547246438,0.28593962966408765,0.27362089272702494,0.3168425682927464,1.0,0.24945310244978924,0.30983826910024515,0.34543983232084113,0.34833803399427005,0.3052859783476806,0.2846084190238884,0.27741923917919586,0.3183620134351807,0.35626577433068074,0.2910211476872148,0.2796787135430389,0.3145713590986401,0.3269830842736359,0.3476541493816098,0.29011381015106125,0.2604047789231407,0.33038860378720286,0.29206339164120215,0.24362705202582252,0.23361195408864308,0.27883139481613683,0.24570577501191082,0.24463309662401247,0.28745043717695823,0.2911644059963965,0.3045995738945049,0.2768562657882528,0.2836571724964244,0.2639173769004906,0.281039866914599,0.2552909289354617,0.2926263004226394,0.34401399848211534,0.26325163537359825,0.21330129385295432,0.3029573219533375,0.29775069305525004,0.2586903386076494,0.31256894770768473,0.32156741932988336,0.34870973978777625,0.37490028048457025,0.32411521821833644,0.2649844317104698,0.20524632627325823,0.32670898748029226,0.21398071802220112,0.2576679193457263,0.2711962316872081,0.34530459963877247,0.21269671434730672,0.24257812310252236,0.22931260967730227,0.30379655389918664,0.35278240893620616,0.2753748022359809,0.30772787941291635,0.25194678427808087
Mechanical Keyboard,0.2911803442403254,0.3072983956416369,0.27080466429304695,0.3363199236924633,0.2985044025292817,0.3077003447172317,0.26756321082443485,0.35149900509052834,0.28339756809428124,0.22315507429756476,0.33907985565100246,0.4073474135315992,0.296471368437771,0.3069904781679387,0.3300373317306211,0.3285388399410009,0.2689890869286776,0.3536450752590522,0.25469661304353874,0.3646399982608848,0.3236767443095759,0.2993247923032533,0.3363634375663076,0.36462305237801074,0.3140620045735405,0.3391185944027947,0.3302654828694007,0.31812356118387597,0.2974158442688176,0.3289678924486106,0.2994726615598511,0.3485413442710737,0.2915913313378261,0.3283826228943833,0.33097774439692335,0.22767593644709483,0.3209218204189569,0.3081548694061547,0.3328800333762183,0.294100225269143,0.304059496609042,0.3000433581135186,0.2875295725333944,0.33311308093980896,0.341355835138539,0.30397655613273666,0.3699039146068356,0.36845044352302453,0.3589356601611383,0.31820660989045907,0.3513848538913577,0.28468744240208177,0.23782400619949234,0.27104445876070027,0.32309600508637876,0.3532277880628944,0.4061141046878941,0.34957218680826024,0.2924477428406929,0.34320358851396915,0.34542266776698244,0.24945310244978924,0.9999999999999999,0.40339311218097973,0.3279630270136289,0.2719780582826447,0.3363462655371796,0.28639214818401876,0.3527245669630532,0.3242328979666507,0.3507819854329691,0.32612562363690933,0.34334568370309265,0.3874171456585876,0.29065748845909645,0.31452702093798424,0.39596911834579374,0.3667551504075962,0.3011190202562954,0.37233402157458984,0.26189184991007586,0.27643888119873233,0.26878966224483314,0.30228321993023693,0.32262124399650327,0.3751286713550907,0.32985989993061027,0.3133149466031531,0.35212284690168355,0.3060576197071412,0.37505413598960596,0.3949855731517204,0.34749113038950474,0.3128120782466338,0.30857073375121363,0.2791632046750289,0.2772083935301669,0.28585120137243103,0.33799812027014237,0.3081251048337817,0.3555790585980717,0.3510266204788163,0.2983607483235269,0.3164519966215512,0.3434762096765618,0.3749259199856916,0.3075805630395137,0.37452881096646334,0.28006004670832246,0.31369694800703973,0.3139119753953269,0.333532645878404,0.34285797450537137,0.30465499679703295,0.33059661555985587,0.3554250477397953,0.3448352148052515,0.3728790778682085,0.2739067928652207,0.329774155503733
Mechanical Keyboard Pro,0.31234828336271325,0.3225091549595532,0.3259855075655223,0.34080099907459144,0.28895490897509213,0.2776467732372027,0.2712884988716483,0.2791546403730381,0.31829206733117,0.33558810768720376,0.4545015604982986,0.3296917765581919,0.3324556637283663,0.3167580795456112,0.25997410183344394,0.3470455879980051,0.3023677388414253,0.30772677774030444,0.2826040595450868,0.2681114358571375,0.3475724217912597,0.29867976289059534,0.255678659545724,0.25364969154889083,0.2863371737364997,0.30508516711279254,0.32402809181678865,0.31921283461735017,0.2890991061642896,0.25601081187045294,0.28656513511216075,0.31837466485089894,0.3023677388414253,0.2836472087616338,0.3046953861167058,0.25173939536681833,0.30357517313377796,0.30295015996280344,0.32570319722746083,0.33987889006259747,0.28393402131519,0.3120046557930972,0.28189161218624326,0.3595663605311394,0.31441765256768844,0.3189650557656074,0.34354034563881364,0.32380613577305356,0.2863189195597706,0.3035223550435596,0.37689579259742656,0.25843745899836945,0.3239302113358029,0.23913903410119275,0.2988064185227061,0.3710655317152509,0.2996857633239016,0.3670051741635939,0.2872715147396535,0.3116907891130906,0.31413514099351625,0.30983826910024515,0.40339311218097973,1.0000000000000002,0.3166902779074915,0.3322948450251257,0.28631531501332275,0.2674319625513398,0.35918116770271524,0.3385820105911701,0.2723676548847478,0.39257918096316846,0.344151306922069,0.40473479146098007,0.2989539807676951,0.3230386320761466,0.3317945289224786,0.34134993480709624,0.33128555886896216,0.31744594012204574,0.34204732135319826,0.3111765423706063,0.3311640441109994,0.26592808684039765,0.24404667538609603,0.3339543341437021,0.2989788834742708,0.29505512246488286,0.35147084803058865,0.33292923926493057,0.34217862242100583,0.32975791376303776,0.3155956038307952,0.29429974381097024,0.31058976967096397,0.3296175461591219,0.2810734610689546,0.3377946692587464,0.2572211285090932,0.3237664227477405,0.2555000302810887,0.3921420700683038,0.37905394023995,0.32714736208539963,0.3888080362492309,0.34233372671291595,0.28798902135000093,0.3250237718608197,0.30257841475745095,0.2870361828706404,0.364197218718929,0.3789852296304494,0.2805890768291508,0.309868687205495,0.36828229403750046,0.36693035384827033,0.3717230761803593,0.31295921793384746,0.3029219702110596,0.3031889572718027
Moisturizer,0.2897272689986904,0.2642865068162025,0.28635344016507086,0.3214156278857364,0.27198744793724294,0.25045626996346276,0.23410060112826464,0.31005063111634673,0.2672852082370751,0.23182900714440186,0.3164718705478109,0.3393365701383626,0.36350699606180803,0.38034527151818925,0.3008117507145221,0.30695930338748395,0.3083344538007833,0.31643304439963943,0.32052881061005,0.3158865961785732,0.287281555713118,0.2623354652345712,0.29623717644622516,0.22873534102473855,0.2688460243861722,0.3718654812770337,0.30159036223392766,0.2692833204074319,0.2864276951072883,0.2670758463795853,0.25723410587533,0.28866105057865665,0.2935795327181279,0.33122817663660964,0.31908834551670573,0.24214111048528775,0.24464070875658706,0.27665789263589946,0.2771101639458814,0.2644312438778752,0.26096187848458546,0.26826973784489355,0.19466606848825047,0.3176819837172393,0.3698987975731399,0.36934376145948444,0.30274823457834704,0.3308464532202226,0.23390681430258997,0.28742639466410896,0.37349732124966084,0.355284027158235,0.279690416864464,0.20263420090686846,0.276014542978155,0.31637859886314795,0.27757090868788026,0.3252734422801373,0.24731266028460752,0.3382226108476809,0.366426722936567,0.34543983232084113,0.3279630270136289,0.3166902779074915,0.9999999999999999,0.27474367063323507,0.32919964968026333,0.3433372290400646,0.3262500217939971,0.2902316129350989,0.40524784013649906,0.2712333986117321,0.254566666848917,0.3241427215201807,0.3115359619091758,0.3138817268517527,0.336903554296265,0.3117832545872024,0.3051461864250025,0.3189675492247116,0.3132274508239309,0.30375032656960677,0.29067603015061383,0.26621168739539863,0.3313019460328159,0.37633457687525973,0.3174842374891177,0.3426968847920491,0.2902284912085924,0.3146573201099978,0.2861802854158619,0.345642775282915,0.2544478923658904,0.2752866860453239,0.25769068402535766,0.30464754079608847,0.23755091678922374,0.2809788218132099,0.24612158503373868,0.26369465785440976,0.2691130842805043,0.3471867391354458,0.2964788352887131,0.38822368732325985,0.26783584363804136,0.328155910479364,0.2836523446086066,0.3525177006409906,0.25787584357954013,0.22516598882563668,0.31781709296667726,0.2788888971540479,0.33765467553227313,0.33615686706591513,0.3228350496862731,0.33872452895343175,0.2876869884477596,0.24945223864220603,0.20053361943056058,0.24399987186113797
Moisturizer Pro,0.2935426443692921,0.3511827025924211,0.2679480168625581,0.2849017927651024,0.2874578755231651,0.29644464418751965,0.2614038364921859,0.24278344287356862,0.3409357681353542,0.3334100956614634,0.300540077515298,0.2552623399121765,0.3706665483419787,0.3036879032944474,0.23092119290341365,0.2564069202753027,0.2697509946201405,0.2544629138451237,0.20374435796867665,0.31673583404494626,0.28936182657504184,0.2979163771061328,0.30388286476106036,0.27611527782956563,0.22894143787612448,0.3391665678376439,0.3201837554436291,0.2704396615829788,0.2822582993080016,0.30065771904807587,0.32314773585125056,0.2967304315397896,0.3605388596375728,0.3381148127355145,0.3318043070370713,0.33782816679664923,0.30060158647548585,0.2811451054827344,0.2492823759633406,0.31528893602196917,0.26661092734189573,0.2855341836800423,0.29109183383591225,0.28044662082026184,0.2998857216876556,0.24753901321794725,0.2719853954774828,0.3626236867046032,0.23322308572941147,0.32851978610219595,0.3024207095339709,0.3681950784682263,0.3303027393046321,0.2423605608526482,0.30918592417218504,0.2979016408978531,0.29107384807656367,0.28921675784455586,0.2847482461882422,0.2960503181309417,0.37724796894652396,0.34833803399427005,0.2719780582826447,0.3322948450251257,0.27474367063323507,1.0000000000000004,0.29637825554872205,0.2389212097345365,0.3113317113736923,0.2839651561187295,0.324734984342661,0.3493927657903943,0.36521258643893173,0.30030600833136545,0.3469356798096229,0.363154692796358,0.35442965773622287,0.30691182004599366,0.2797320173986187,0.3734599785871463,0.2718198375765809,0.2645637353934702,0.2660023450186242,0.280377531301575,0.28700393788735706,0.30192090799830407,0.30611418705088356,0.280916337768393,0.2851537100565048,0.303817947485605,0.3436066716181205,0.33038083110699146,0.29126267242957216,0.2977634106065634,0.2699555861540284,0.31803092573356334,0.2635123973965708,0.2725723874979845,0.3181342447566344,0.27615907214448615,0.35456941004490067,0.3866400874253578,0.34518681234181936,0.4043054617456765,0.2881246267767741,0.27852408370279447,0.2350032730010431,0.2966792614593424,0.26346264313131995,0.2950180525360337,0.30009282244415414,0.25211140995427045,0.23185476408104652,0.24021646436079436,0.2867870899188264,0.3076163621933327,0.34339641940054516,0.3145653257561094,0.31078508449533426,0.23663486575008055
Non-stick Pan,0.3491979441293285,0.29752772080073564,0.32697885785700537,0.36404730460493373,0.3254791868963616,0.2362721148799087,0.30416232122875736,0.32950522542062916,0.3057416817670259,0.3255436041612633,0.2891384292391826,0.34819634712911296,0.31167057847420665,0.33971470720268093,0.32493559080732,0.287451263370462,0.3518778127999041,0.3055651697349366,0.2524083358827799,0.3244472547388948,0.3746028614838327,0.36446124751590503,0.359514211910826,0.28860450277583344,0.2759219645363435,0.34309489135211124,0.32660607787481943,0.27475082937625095,0.2503271148217426,0.30873751695246315,0.35078657592646056,0.3198638749355837,0.29667635076324295,0.34187866800276734,0.27209383054432623,0.26375062014319156,0.29910766500084884,0.32806674760011706,0.32166071445921485,0.26751236968715253,0.31970906260153464,0.2287475787190988,0.2813156558732875,0.27891302908340054,0.41206521882497305,0.26664341247627676,0.3208183998304698,0.3308661429665088,0.3038875777422066,0.3117262222053129,0.3083835516800426,0.2842644800748896,0.40181229556866627,0.3302400504490375,0.3444813653773007,0.31281804150676656,0.3255430246059118,0.28693643640367644,0.23106021491035092,0.34129160689414684,0.3586143574619431,0.3052859783476806,0.3363462655371796,0.28631531501332275,0.32919964968026333,0.29637825554872205,1.0,0.33746008667894495,0.34751021103959956,0.3520936938304465,0.2580989738663422,0.2792050792125016,0.2771565009362502,0.24009546353897868,0.30462492183217876,0.3605720156790878,0.3559335549706124,0.27592587009112013,0.2975490792283104,0.3856020767148675,0.3244323345018261,0.29247023372046516,0.32151250241888446,0.23628729590271322,0.33943637388117914,0.2886140018423628,0.29305977317396853,0.28359316440030924,0.28988711563888847,0.31090865812941676,0.29512616482957743,0.3400500736517702,0.35962423815534916,0.3627919752167494,0.35427712814686524,0.36228141778793493,0.3380424859203625,0.34313998191590356,0.27402795381809864,0.29265518759032694,0.2982678547062919,0.24026131378557286,0.3502986674029812,0.33982548916493305,0.3093485995573902,0.28413899691061795,0.31495062527911843,0.4319334798538783,0.3055202014681674,0.31751068879555533,0.36305022362798656,0.18465480256517328,0.31321201385823333,0.3103703501570077,0.24497327356653575,0.27531940496218504,0.3042403567322741,0.340607430718266,0.22869790932440065,0.32598552257554925
Non-stick Pan Pro,0.29717843171647246,0.33386059340113255,0.24912351682310332,0.30750071844950977,0.3348801305015492,0.20499638845287885,0.22303354659070385,0.3459090715469653,0.36109009590866425,0.3559827395308896,0.1960319416644197,0.24846864125667087,0.2560954118158273,0.3014381622541483,0.37543003389849017,0.25811366192752905,0.3118150597004901,0.2800310260762554,0.2488157103173041,0.23596424698433716,0.37723953073378186,0.30511151549324944,0.28390791214240774,0.23512135359984196,0.2617418588555444,0.3052291378524249,0.2808246163403209,0.28207333900526516,0.254717423912269,0.2864152661724127,0.3364912772341845,0.28717667863578444,0.2884106455243783,0.24346699745881845,0.2970110441547321,0.2056360973015312,0.2516881623459451,0.26210314132722884,0.26124899380694094,0.22608368831629744,0.2936528055982389,0.14821142412108962,0.22645143478476304,0.2761900596768379,0.3010463088194431,0.2666265533549717,0.28258879550178023,0.3352755912296288,0.2682309158367164,0.249733081955823,0.27858830384982264,0.25193522085780723,0.3819987566439384,0.2871592952315272,0.2582248620145446,0.33190234005168395,0.26204395803507624,0.24419569385495518,0.25621971058213633,0.2710023111255566,0.2678477408189736,0.2846084190238884,0.28639214818401876,0.2674319625513398,0.3433372290400646,0.2389212097345365,0.33746008667894495,1.0000000000000002,0.31298331157180703,0.25585474561037264,0.23067302268782933,0.24565956209442574,0.30272993573311935,0.27130677686239696,0.255205881237185,0.28039188830605744,0.25957836522444705,0.277083482793537,0.26650832872130426,0.3350083941474552,0.2418625220627354,0.3011587428169089,0.27871343858201103,0.24413815744585043,0.300614082140125,0.2978817239351227,0.30050492074968094,0.2796960840595501,0.22461119990201261,0.263396897615747,0.23779512798145874,0.3167843193272999,0.2561088816775839,0.25277341545508497,0.3090202371452861,0.3251173865038078,0.33288874720826567,0.3459347904978483,0.25355046912630597,0.25843350823191796,0.2646944280983832,0.30909164537003603,0.2647338379812855,0.28473178062028304,0.29229795719517504,0.22580730630330265,0.32842956591819,0.31418036825083007,0.21916577360682996,0.26224452393666997,0.2644732833445305,0.22294167332374523,0.2285436066815099,0.2873597670007133,0.3406496946222376,0.3545216575261623,0.2370392202049792,0.24479805837463164,0.29162390564292223,0.2546349825392801
Notebook Set,0.29627603971666905,0.30556955836835514,0.28667998837477326,0.32936700745960534,0.34247917408797995,0.3254105582284355,0.2866370375128326,0.3482073734811321,0.2525926787087308,0.3271743610015594,0.33739033465199025,0.2992918734222674,0.3342895337516254,0.303564328319746,0.39551927300141376,0.33594138823480385,0.3376500136311765,0.308004143706183,0.3003859774299127,0.2823972296762338,0.31380310461982985,0.2469161804371593,0.25970971185872727,0.2626611523194076,0.2745042398283987,0.32223051353626175,0.3285905950326901,0.3099063315383666,0.26336695046314224,0.2915038199540752,0.30626022422726373,0.2935771640767147,0.31727458177412277,0.2594259268221111,0.35530612506929976,0.2777723551381089,0.39365724008240977,0.28959413148321994,0.27740424400310254,0.35529273659873467,0.2758245255999358,0.20778444790207354,0.29616016348928914,0.3080121283314028,0.3228674761707018,0.28494787070787175,0.422756989353571,0.37371073615483164,0.2920232352905273,0.31921685371057257,0.33581576421347664,0.25335695960643645,0.29975333679379523,0.2551743481005505,0.2894243023474819,0.29068726472816125,0.27519710339525777,0.2993924430121394,0.29118577259528844,0.3554989908600189,0.2910839969745321,0.27741923917919586,0.3527245669630532,0.35918116770271524,0.3262500217939971,0.3113317113736923,0.34751021103959956,0.31298331157180703,0.9999999999999996,0.2845852614950291,0.2862276349041782,0.2983599401692355,0.30139181880100196,0.36058872135307,0.28925980640745036,0.3482864840708692,0.3370911667149989,0.3390691142886456,0.3784087013794991,0.3778445019850003,0.3746506137736962,0.32736140677633163,0.2629178074275072,0.2699282596823667,0.32083970051658156,0.2867963830155312,0.38695704275152437,0.3446076421089055,0.3587412416566753,0.2866393843768759,0.31719211672844594,0.39252095560092437,0.2829134459132248,0.2716164986252927,0.3485819411829266,0.3610276253229506,0.2671448891624195,0.3155250512092908,0.33952858326540564,0.3154339476867655,0.313661815845155,0.3398203911107529,0.3251255650977919,0.2834203057350283,0.3463807939517892,0.33011356823388066,0.23651160688954267,0.2930249912817388,0.23942564639626635,0.27594132414645484,0.3211324103222721,0.2300925293880423,0.31800575426878047,0.3270055976220928,0.32747504834022206,0.31237249946171464,0.3940595967556769,0.3477125196194945,0.32317619976650763,0.28244653001116055
Notebook Set Pro,0.28621867822023406,0.3029339196895872,0.27981765496770294,0.3619980158060432,0.2553802129742494,0.2546635796551025,0.2699259980518296,0.30366363154634185,0.2527147794897834,0.28169005330964886,0.2920232649759057,0.37025167831491196,0.2849959064509048,0.2359052210925502,0.29067555162252373,0.3250049928881872,0.32424999303596125,0.31481570970006534,0.23869762906282704,0.3677026641257194,0.28240376346248364,0.2823833771852089,0.2972499328744494,0.2839967686248891,0.2944170228364834,0.27593682905331574,0.33283957472052506,0.2804928791492854,0.24293995029057905,0.27849985014348944,0.29457488398014287,0.36541813207046536,0.24414966092841295,0.3117917910487122,0.3368114107935808,0.26726770895980484,0.30830993577311794,0.3378540245767507,0.2998979358188193,0.21202506241113978,0.25483318621839823,0.2903533723337717,0.23942285746350545,0.31188487632663897,0.40056667120316336,0.3333092703659589,0.2875368863754668,0.3899759594934986,0.2432550114369269,0.2686765887952155,0.27935098305315464,0.3030536886563816,0.28340850539425705,0.3092543288212256,0.299054726991633,0.31774252780899553,0.27789134734732485,0.2740558567694146,0.36266798444245557,0.36123648321111723,0.2768888067273002,0.3183620134351807,0.3242328979666507,0.3385820105911701,0.2902316129350989,0.2839651561187295,0.3520936938304465,0.25585474561037264,0.2845852614950291,1.0000000000000002,0.3519559185898473,0.2872838486730298,0.2964744486887974,0.3277827726892226,0.33199297197925204,0.3632091085808806,0.3420660681488164,0.3214661515949981,0.3401011625189615,0.3920314878980838,0.2584009673584174,0.20828291480984795,0.2605719159682835,0.29609079680657585,0.2908215208778148,0.2981876501857536,0.30692169498326854,0.31739311293910644,0.23801263809843154,0.2553382662878755,0.30375013054305755,0.301709077160369,0.3072241167719535,0.3019996763876077,0.2886431959147388,0.37467174583902885,0.2862616414337656,0.29973871585083484,0.30758091749992333,0.2948808117596685,0.25309142888895103,0.32143816027015726,0.33335197295299357,0.3459762916423602,0.25700104504235904,0.2855888604570214,0.32151966068880244,0.4182050283539998,0.250582746051169,0.24773841755464696,0.2841540237173651,0.318889378119026,0.2717476949478217,0.28724783175091884,0.2378297693150634,0.2564218205512272,0.30049390516261454,0.2562820853220227,0.25071996326269647,0.2818573930304209
Perfume,0.3345437367185059,0.3558842751872241,0.3304175251286192,0.33261861901457984,0.2279583134794523,0.24224669152264347,0.2628203355871168,0.34865938939791286,0.25491858910138504,0.24693852892081997,0.28858805192123815,0.29388035987305444,0.3927033379618585,0.2446819667586486,0.25408456970733617,0.32412831066498676,0.3011403429427264,0.3384671583495952,0.2941932189225492,0.35411557700218377,0.3006908620687108,0.28800493993625403,0.31769310130324985,0.2821160497571814,0.3090870161058105,0.3261907111412842,0.26632447736466597,0.29819278802516486,0.2729323986248758,0.2524304954016452,0.3096600439668118,0.3113459091995783,0.31172152154225996,0.3918379088823598,0.3554647434266606,0.2835953260352293,0.31005276437132345,0.2544971474364753,0.29304508771090393,0.2301461707563017,0.22419707468809758,0.28456425744308006,0.27623417103896886,0.34209144621945586,0.35089224989483536,0.311578624350638,0.2604337903376323,0.34622033763064863,0.295645937762279,0.31714799343774913,0.371279531127028,0.37726300874352847,0.3556281595799453,0.24262847663510004,0.2711542215338277,0.3154519315021111,0.3061546099436415,0.33037034316030506,0.31302668715381243,0.34376460704574074,0.40177343937355203,0.35626577433068074,0.3507819854329691,0.2723676548847478,0.40524784013649906,0.324734984342661,0.2580989738663422,0.23067302268782933,0.2862276349041782,0.3519559185898473,1.0,0.36777018095000624,0.34286989766695253,0.31613482255482694,0.2786420395627232,0.32955929230357495,0.3264691949599806,0.3497038722175395,0.30483692837628124,0.3211225828552368,0.27154596625729244,0.2732198960799301,0.28108871405531866,0.3049851134813784,0.35270158502215265,0.3898407907396415,0.311517446530584,0.2736939416827535,0.3170406385709063,0.2999425887105667,0.28320577107635514,0.2983494511649749,0.29676014539159046,0.2788581754553914,0.26864330689488225,0.29194493874443767,0.2398340388870625,0.26163740377910927,0.3332136724095986,0.27068038828511015,0.3390527400146458,0.39364093552268786,0.3802493300865496,0.38909327681270867,0.33701533011835516,0.263743973123565,0.30908662936691733,0.3110147315903653,0.2248334364802014,0.28202336942997486,0.24504898281654788,0.27713104372749175,0.2746854959037188,0.2686596650647468,0.29837000165556554,0.27995967822330875,0.2903480541853617,0.26506683224790956,0.29914625000988965,0.23368594724626784
Perfume Pro,0.3275703759522942,0.29119158400684775,0.3007013485970229,0.27534783671719615,0.28350325696491935,0.3190743651830049,0.31686960234879413,0.29500351173355227,0.22161039479734848,0.31505153082238607,0.3481053732165558,0.3005470233086198,0.35611005123816547,0.26669223110391177,0.2759441155273507,0.303996866890289,0.2454382564659138,0.26891269184526717,0.2747037401866902,0.30344850006080576,0.3226082576773425,0.28254557910448963,0.29144386913623865,0.25479124678295695,0.2453191282679225,0.29263194687963123,0.2937563827315932,0.32796865518349044,0.3001193992086091,0.24011892299934628,0.2627312105796866,0.31502632251189283,0.3329755160606567,0.3188953595960571,0.3657476504585649,0.3415337709688962,0.286511558479166,0.31093013070259706,0.322121664169487,0.28352802817587147,0.25943993039102614,0.33586156334770984,0.3401357981498718,0.35437577613508237,0.28683258351886126,0.27658560431914936,0.33466750969923464,0.30666483051223664,0.20754363566415748,0.30814560413889863,0.31848124077440965,0.36736287256856154,0.322454502302636,0.30829291709406903,0.29727869756347663,0.34989886758888056,0.3001565331917748,0.3258734761684718,0.2262137167498793,0.2819547589559174,0.32058427580737586,0.2910211476872148,0.32612562363690933,0.39257918096316846,0.2712333986117321,0.3493927657903943,0.2792050792125016,0.24565956209442574,0.2983599401692355,0.2872838486730298,0.36777018095000624,0.9999999999999998,0.3022792449695678,0.33098889773483686,0.26151754902836566,0.30414321348657436,0.34589891542266504,0.29704901350403,0.32162716682572756,0.3557905519952371,0.250090477787979,0.32473953515786763,0.3779595103571578,0.27955347611016546,0.3001015224580702,0.31289213257779347,0.25358062234716044,0.33178494900244615,0.2830877971310249,0.26149113141561287,0.26911711051708154,0.31673470408836657,0.3454337120609971,0.28799714444670654,0.28985042021920104,0.33931970931072397,0.22558670623621072,0.26391184145237273,0.3069111445800974,0.24979873560090043,0.3098879870407146,0.39312526826728655,0.32729993724874284,0.305156882025609,0.3337566674732627,0.2879616237978283,0.33660084282706565,0.2835360743410146,0.33255658289485207,0.2839690102060894,0.29436567877280423,0.31765699847773354,0.2475290771353558,0.2776957921318065,0.3375488947036267,0.24107383384252792,0.30242075819074765,0.30693882593124944,0.2706341803867194,0.2560266161526552
Phone Case,0.24969508599111184,0.3072524660794195,0.2634327362680353,0.29374225133760357,0.2628297246387768,0.2429796570532931,0.2492590305847776,0.3265406901928197,0.2319209218821998,0.25843324949052815,0.3230207659770649,0.31317258504449763,0.3391661023500965,0.3598476330153013,0.22629077332251904,0.2936146080037824,0.3202898079611468,0.28274798844582166,0.24409491843990794,0.3021220009254145,0.32380387652598014,0.27015915274185354,0.32601377226685435,0.29335165965213433,0.26368559888140203,0.26971925096167765,0.28178199934793363,0.23501404701562528,0.21578917134609743,0.2726958052499252,0.34139347918829444,0.24009944618595436,0.2727430934853783,0.28323688116339646,0.2815288992931281,0.2573483644689294,0.3123756694389985,0.26251759885265763,0.3007097925983364,0.2701068843431328,0.2834150197053779,0.2661465578584215,0.2398064143384568,0.29803004387681464,0.28722083700659357,0.2431049726165076,0.3103478088274978,0.35266104900336764,0.30165413207860353,0.31378783392633947,0.2749612381989166,0.31923368983992645,0.26182874888830077,0.2695851953375993,0.28703889493636925,0.30593687934436264,0.3046154011460817,0.3220347221652054,0.2926239891053923,0.3349111095349156,0.31173243055435296,0.2796787135430389,0.34334568370309265,0.344151306922069,0.254566666848917,0.36521258643893173,0.2771565009362502,0.30272993573311935,0.30139181880100196,0.2964744486887974,0.34286989766695253,0.3022792449695678,0.9999999999999998,0.343768649330381,0.2262628043389838,0.3113472102344769,0.37264742731897105,0.38396401398903857,0.262404168975518,0.2701862308255165,0.2590322843045941,0.3108098740757766,0.29145865107030533,0.2606672069831383,0.2880634510385815,0.2959003273695492,0.27199633178055826,0.25851771753101255,0.34589675001480874,0.3143478043998196,0.3950764333810255,0.345029444282825,0.2383267296313934,0.29119224262949833,0.26629643597845465,0.26546402196987506,0.3376230482369451,0.33796432994692904,0.3292858289329585,0.22761462150358486,0.2895329173582102,0.3688625100376232,0.321601391771089,0.2838359848110065,0.3298029683721002,0.2678374755274582,0.2483782155973909,0.29491067508030555,0.24386335796498815,0.24086502777738727,0.3193253875164949,0.28969647438321533,0.3265708105016503,0.29346900484751853,0.32504650858314815,0.33311855100646215,0.2966701322350693,0.3447281659762333,0.2458559196577199,0.26326512597266444
Phone Case Pro,0.3248425709275552,0.30772828060270463,0.22797398913561168,0.34301172842981253,0.27286207579290866,0.31032706570510044,0.2970577894528617,0.2909357825857408,0.28345012050199153,0.2713454890214795,0.3647896485264046,0.37167464750195794,0.37075166949468463,0.3266458319998292,0.39063786675742757,0.3852501243354316,0.31370043811022685,0.3163684516617561,0.282443489975798,0.3113319121385963,0.35853259006094707,0.24324167933070448,0.3035231279645274,0.26316161447224423,0.2814015138941526,0.26220295880102124,0.342350455609589,0.23973509555517208,0.3278102225754099,0.3064498015648429,0.29942916617861026,0.29743657419672564,0.2710872550361592,0.26545166425713157,0.30075429622722244,0.28611088995263306,0.31091622418258186,0.28805392338458286,0.342569805703408,0.23837087457090925,0.3317273948987729,0.26594034514401066,0.2864264434880789,0.2933563496842248,0.326865744604464,0.29187298075484797,0.3217575390311032,0.3677150344995515,0.2897877943611588,0.34503638143897625,0.31248955808690837,0.2978664755418587,0.30196474306070425,0.2453555679106797,0.2881761116839396,0.32182123027355586,0.27950176164727203,0.3429285500052811,0.23774817707239942,0.32016641917745337,0.29968094120794064,0.3145713590986401,0.3874171456585876,0.40473479146098007,0.3241427215201807,0.30030600833136545,0.24009546353897868,0.27130677686239696,0.36058872135307,0.3277827726892226,0.31613482255482694,0.33098889773483686,0.343768649330381,1.0,0.32129552058217314,0.3695469537275024,0.35000809270835165,0.3262832267505157,0.3004195748133332,0.32660708121816273,0.3096379434775915,0.3161103633442919,0.25258816171407095,0.219084132785823,0.30159418562768225,0.3196541042412587,0.3071908065606007,0.2890567296848583,0.38616476642430486,0.3003094541998246,0.3538705016568819,0.30020121258647203,0.28514316307616794,0.2981798172657381,0.4073414648441207,0.3168186880473311,0.23282202448570627,0.3025877494108264,0.2899831993052163,0.23959275488016307,0.29369662797309604,0.2840671745230837,0.33129960486274734,0.30077794103779437,0.2616109264316663,0.3265358435997229,0.2826191338339049,0.2587490469649226,0.2702408350056452,0.3358416138266873,0.3308662874153361,0.383148741101602,0.22720011747540494,0.280045077045628,0.32169393326190193,0.34490420967718094,0.3669618356914275,0.31831867714432505,0.32502678427009646,0.333417368087324
Planner Diary,0.3445838941002734,0.2971920419366133,0.28628174123603434,0.3743500957218351,0.259185767364161,0.31047471763090945,0.3422582776545378,0.277511547145388,0.2800216060873105,0.26968604466091195,0.2888210537235258,0.3071482006619516,0.2350097831855847,0.22711810669364346,0.29135096576273506,0.36534508818689465,0.2540233344510713,0.2550576931520415,0.24197535825065475,0.325133907879395,0.30825976273317146,0.2957151393767395,0.2188315219163149,0.17912816054802294,0.3017984439649925,0.30657869149721695,0.32654433790491505,0.2769622442464177,0.20082261255764886,0.29117009544841493,0.2521043218926248,0.2986733719575477,0.22304487903020892,0.26704200356122454,0.3129156639980724,0.229912887226695,0.3368678304834572,0.35764686215359603,0.27396796738208357,0.23235882874488978,0.2330530748638276,0.34953927925474915,0.2629097550384176,0.2472216458233869,0.31484024875355965,0.3013237768675869,0.30622930656842784,0.3774122910839907,0.26644589119388007,0.25309013206403747,0.2976078116822622,0.25597154731215305,0.23223294157442687,0.24802380922347497,0.34333910627613656,0.3232651482271819,0.25793585087514226,0.29125727104433813,0.24650135421470787,0.3344154706097277,0.27961902803909966,0.3269830842736359,0.29065748845909645,0.2989539807676951,0.3115359619091758,0.3469356798096229,0.30462492183217876,0.255205881237185,0.28925980640745036,0.33199297197925204,0.2786420395627232,0.26151754902836566,0.2262628043389838,0.32129552058217314,1.0,0.39546344113909787,0.3044697649093705,0.26200224513549775,0.34948842226581306,0.3851052062514737,0.31421179628803086,0.2754890251668154,0.25095040434773497,0.30273828641264977,0.2826987762230501,0.3115545529984276,0.3911468445429109,0.36449687135410286,0.3038412761669843,0.35557128084486594,0.3201895327410367,0.34040306867016534,0.20876866120364906,0.3581776589708714,0.39349292935680547,0.3836947454267218,0.24331150958215206,0.25636226550369,0.3182784920867409,0.26984118880595065,0.2724682103149128,0.28413338308219116,0.2402384418486343,0.34628761511518125,0.25747699132782315,0.2639515966229929,0.24937642195642595,0.3179719476273911,0.26299917444272225,0.3147419223275415,0.331210488942501,0.22560824501996338,0.23885559669917286,0.2647897150023711,0.32401514373090795,0.30098727666973957,0.29545215126252505,0.2425779072673499,0.2476082261516118,0.2673351073200495
Planner Diary Pro,0.3349446474769435,0.3367934931233002,0.28277965567454155,0.30886975143138246,0.34027361595176536,0.3922750902432952,0.30115182949589625,0.31831776160894304,0.2740650117172398,0.3374438976155438,0.338433900726433,0.375522984479719,0.3917483052470402,0.30130682096388917,0.2967283780174482,0.3271212005764451,0.3366084077759306,0.24026755881827497,0.19862340437331003,0.3461740944595609,0.36419788686012516,0.2799463414472525,0.33809274020593877,0.2779760526807746,0.30037372279916263,0.32743118948349953,0.39602831903827973,0.2970812780082519,0.2579831289018293,0.31101073435894666,0.34199189209079045,0.3222274238283183,0.2806446786303617,0.29713891560088684,0.4109790086684666,0.26556692071107274,0.41516594873782076,0.37957466288140285,0.34477069734768817,0.3087292196700341,0.3290146800685265,0.2601541086133822,0.28687969553546777,0.2982639396328883,0.3481513061192768,0.2563878274824975,0.38404066669105913,0.42599451695647256,0.2707304300268796,0.30117497712382957,0.28257652115044474,0.3420288195146065,0.34024640613542545,0.28553295378853755,0.33064370220004935,0.3224949779848772,0.328063057806232,0.33139541166963216,0.30153008050235397,0.3675647196363028,0.36324226631791323,0.3476541493816098,0.31452702093798424,0.3230386320761466,0.3138817268517527,0.363154692796358,0.3605720156790878,0.28039188830605744,0.3482864840708692,0.3632091085808806,0.32955929230357495,0.30414321348657436,0.3113472102344769,0.3695469537275024,0.39546344113909787,1.0,0.4330111095982577,0.35940480166221866,0.3554728225671827,0.4527973148460148,0.32264034082089366,0.3225067479730118,0.3041784621860655,0.23804848525366307,0.3319968799747919,0.3291405526222902,0.4008402437889004,0.36858460580204677,0.3688442669835837,0.341542888036273,0.33011349338599105,0.35442033251402616,0.32470055637512163,0.3345995875973909,0.3904733306886682,0.38106305149678804,0.2830212363561887,0.28294179924934526,0.3077622048458188,0.2795071240967853,0.32455914411641656,0.3223981900661961,0.30066757464684213,0.35707098401585885,0.275380797478168,0.3050832131998797,0.31137292257809646,0.29627079393939443,0.2692159295147113,0.3515966859414274,0.3983330412411262,0.28962960806677734,0.3435820845799058,0.2532136495683238,0.25788886055262433,0.274741447451425,0.3393061796187762,0.32584677513290977,0.3197948655587641,0.33717656565771825
Power Bank,0.27963851000518447,0.33634873310402047,0.26913623306984985,0.305084145399665,0.29399727659575536,0.3022222998645023,0.29024893325080914,0.3536202411154196,0.3372377428405839,0.32185882297163226,0.43712733907418794,0.32035794010944396,0.3295018779966783,0.2801566970155438,0.29362832952335655,0.3506451581382777,0.33433087574134784,0.25470930373187484,0.2749854177782267,0.3467836435031033,0.31705999299418036,0.29302231040171406,0.31661650246913087,0.30183312579157895,0.27774621933597643,0.29930458442710683,0.3038992809207378,0.2550580019264069,0.2844098296876535,0.3016105027937148,0.2870888303354345,0.3284815372969501,0.27853914867284174,0.2812752635922391,0.29998180783604206,0.23811382020875838,0.3626523436806507,0.3209109240831785,0.32718278982046234,0.3055104397144185,0.29455097865031493,0.31130383767874276,0.28429337111559605,0.30530470525554654,0.35736712164047346,0.31592301800014055,0.39149552353339273,0.42118128440367436,0.3394561262718535,0.33159676817765854,0.26898418053831497,0.312351354251316,0.35246846772826596,0.31631417750016727,0.3498430946846087,0.31471835235793644,0.2978778004741518,0.33068907548030463,0.320446568922443,0.365422959907279,0.3773800757132712,0.29011381015106125,0.39596911834579374,0.3317945289224786,0.336903554296265,0.35442965773622287,0.3559335549706124,0.25957836522444705,0.3370911667149989,0.3420660681488164,0.3264691949599806,0.34589891542266504,0.37264742731897105,0.35000809270835165,0.3044697649093705,0.4330111095982577,1.0,0.36196209661318357,0.300735292962737,0.3161073101055626,0.3048516417254961,0.3037784281828677,0.28921461720990793,0.29418061604006157,0.29161201222854116,0.34294409186622515,0.3449151270879488,0.2890083471090548,0.3748106523377811,0.3089519508171794,0.31559814404290587,0.38139724050973445,0.25149095214896294,0.2710427488350273,0.32174318820804915,0.37718244661486844,0.3065902971130691,0.2621804009214204,0.246112204578576,0.238169719092251,0.3059757969512803,0.29794541457622326,0.2886279449931582,0.3191612640567688,0.3123754298323782,0.3623105395634253,0.3226374982850543,0.3027993560072765,0.29098766209219146,0.3501627154404403,0.3389552466716168,0.348422439657035,0.37417242770485454,0.3513500386588139,0.367053802427242,0.35003591148430435,0.4226919709796249,0.34882889480990126,0.2933652676225218,0.34427920715132837
Power Bank Pro,0.3124939531128776,0.2954748506804069,0.317819128590498,0.28910109961107,0.24383078232843625,0.2659520985113544,0.254788625027261,0.2679029942284305,0.2563063501055407,0.2590950443203388,0.3467012569774086,0.3506799641187048,0.29221678969887643,0.23469491186733715,0.26306173633985047,0.28162392402396697,0.3596560703283133,0.23770084477313203,0.23908015246895428,0.3057385622822101,0.32883488441148934,0.26510261842607213,0.31610291874273844,0.29805264925020275,0.3110382359399915,0.25541563262664824,0.27403079792588936,0.25309847538539365,0.27027391531864287,0.30008301552614897,0.3308191024581443,0.3099172765722341,0.2812384614545762,0.24860885861926169,0.27216023670920836,0.20227548916566496,0.2803932355254362,0.27723841981539227,0.3389394999862967,0.27364237337306424,0.287770772359324,0.25459767767722913,0.27804239952109044,0.31404209545566086,0.33728142511734227,0.23346037509082604,0.2831499986376015,0.3210643125690271,0.2875812033741829,0.2961500055015033,0.25978531962644075,0.2745498928467277,0.2644847502396397,0.28246992589479347,0.2745227780840379,0.27887919371835745,0.3167087358156619,0.36469577973368705,0.2615285410600985,0.328176003682738,0.31419209145965066,0.2604047789231407,0.3667551504075962,0.34134993480709624,0.3117832545872024,0.30691182004599366,0.27592587009112013,0.277083482793537,0.3390691142886456,0.3214661515949981,0.3497038722175395,0.29704901350403,0.38396401398903857,0.3262832267505157,0.26200224513549775,0.35940480166221866,0.36196209661318357,0.9999999999999996,0.27261582915904586,0.33931768194169887,0.2810870976357605,0.2551593441515824,0.2711902728273229,0.27235826027813265,0.30636620610749205,0.32248380317632097,0.34626048899931483,0.21891778331545123,0.2776985117005879,0.2581207252338298,0.30398990116798197,0.3837569910029246,0.24077200921445208,0.20029738104496098,0.2388380388447503,0.2690077017301941,0.25736474240668683,0.308920164683712,0.3473500287865877,0.24755447436642575,0.36586979629975597,0.3471686021805146,0.2753084077458802,0.2718781940860941,0.3207899611109272,0.321247657548249,0.28894693897065976,0.2947239700972528,0.18921889461201113,0.2711824107817893,0.3264755578394366,0.3093678977599699,0.2590112535490222,0.28602723577673306,0.35015945464241494,0.2940884837577011,0.32041803355049725,0.3786250866934681,0.2866279662767617,0.31838018094705056
Puzzle Book,0.2840072923212011,0.27018607980309184,0.3247630414779034,0.29980998353636357,0.32057823129251695,0.3822695840021254,0.27011723889962863,0.3352634135192389,0.23217052235496338,0.25607719000339524,0.2915160699452082,0.3093616199719016,0.302282845716478,0.2706822674290392,0.3174653305110625,0.35294084259887204,0.25544597253720003,0.27325324592264866,0.24208027458941708,0.29276921936045674,0.33397962737918896,0.28770539504386416,0.30671553099728377,0.2424921322300303,0.2747677057391016,0.26049431370533266,0.41040977867655937,0.41313493349904395,0.23101215620192117,0.28483121289465374,0.32698509623942545,0.2475673031970599,0.2824389747898423,0.28535417830966275,0.40175639494829934,0.30978106087323015,0.4252249750156085,0.3783013205568561,0.32321874879468293,0.3379522838922768,0.34663852554006175,0.292953889591598,0.3324786972889614,0.32832066506147983,0.375095453557861,0.29540847130796616,0.34189036000925116,0.413212497051911,0.294281234344338,0.31820953824467957,0.2930239063159008,0.2698601271988187,0.32366917082538676,0.2690266219085143,0.297211864255408,0.3424973729490742,0.30855612100737984,0.32514761413377463,0.33783688527681877,0.30371301204350976,0.33832909257761323,0.33038860378720286,0.3011190202562954,0.33128555886896216,0.3051461864250025,0.2797320173986187,0.2975490792283104,0.26650832872130426,0.3784087013794991,0.3401011625189615,0.30483692837628124,0.32162716682572756,0.262404168975518,0.3004195748133332,0.34948842226581306,0.3554728225671827,0.300735292962737,0.27261582915904586,0.9999999999999999,0.4291532522661517,0.3424337851411248,0.3180452623091281,0.29716223467097624,0.2623341006862351,0.3722257146556467,0.40509047431182044,0.373859834223778,0.4115872151367284,0.29097450357008087,0.2791969170966334,0.3081267266515407,0.2902052634979273,0.30774259678709176,0.28173146694365364,0.3698458887270076,0.40065956601254227,0.24359320847737614,0.23917311445573194,0.361391848424961,0.2760310560865143,0.2739627084083963,0.3436264579499634,0.3426002285842866,0.33649213202399453,0.2855406448456982,0.3270640492546439,0.26314870152362213,0.31023805861636145,0.23942045575280113,0.303569241626975,0.30806200293879105,0.32353219684951395,0.3279685567731414,0.3103129954933595,0.3071012608935036,0.2501981451960049,0.3420436084563699,0.3590501462916205,0.2718755782734117,0.251858208847089
Puzzle Book Pro,0.30566170162653283,0.317283141043582,0.3373969950579502,0.3345191571950721,0.31546459088014633,0.3273460285783067,0.32895048606760896,0.3275720638507045,0.32438598973032823,0.32613402816613457,0.2956332883820411,0.3040971527190636,0.2885111671687103,0.30003067088277613,0.29064184539733484,0.3677899811065767,0.34020233143833023,0.27586030761769814,0.2546294471293581,0.3594394199450801,0.30153662582247615,0.3523118160608526,0.3625269935991148,0.2959074350361244,0.2619274628480688,0.3282228487721066,0.3639307904123476,0.36489214810043913,0.29032989561959677,0.3065617480072649,0.3267734234516708,0.33429384622038305,0.3313813880163132,0.2993032981092297,0.36690936684438413,0.3220171864371984,0.3250006702340549,0.32634044504335724,0.3063317442856613,0.35909292611621746,0.3180492431195186,0.2705578373686435,0.35460136674269205,0.32773176989600394,0.41453761643930476,0.3054195674536908,0.30974227812418165,0.3863030493674925,0.23210409962402292,0.28390767410153284,0.31338939590656845,0.353682913659582,0.31289567096175885,0.30603879073492357,0.3206677937537856,0.34102482967468817,0.3196336100902562,0.30120963928026295,0.307015435542871,0.372761705571625,0.3503480378861177,0.29206339164120215,0.37233402157458984,0.31744594012204574,0.3189675492247116,0.3734599785871463,0.3856020767148675,0.3350083941474552,0.3778445019850003,0.3920314878980838,0.3211225828552368,0.3557905519952371,0.2701862308255165,0.32660708121816273,0.3851052062514737,0.4527973148460148,0.3161073101055626,0.33931768194169887,0.4291532522661517,1.0,0.3481606195426436,0.31782234005991816,0.3262702967754412,0.24019125438590277,0.37832737223158475,0.33418321373983917,0.35822087667898106,0.35083236275927043,0.3250808021593603,0.27723862964151524,0.3354235857307644,0.35694664374027035,0.3266261558604856,0.28044007029374496,0.34869308478297867,0.4198591429247315,0.35694293044517933,0.26517899555526336,0.3335390136553642,0.3201428345586526,0.33591047528562507,0.32475906301887186,0.3013672474198982,0.37363339621240554,0.32515025018524696,0.3209658549668796,0.2871215423821083,0.371347368638143,0.27769845936351556,0.29009546103998574,0.33127100254544034,0.2991927348633369,0.28652415773313866,0.31471480511717503,0.33587676760559726,0.2921415514969022,0.28143379910345967,0.3558541646338329,0.29109044971835163,0.33085459903399367
Resistance Bands,0.27383328836964915,0.3163644445812801,0.26850748139708325,0.2963393941802124,0.23622444846644453,0.3207447781037576,0.26386019580619746,0.268115677996735,0.2722225608791587,0.2681452185576207,0.3141659967517733,0.2728498223808349,0.2773160451783591,0.25050822740605366,0.2731369683090887,0.3613250917556765,0.2582841335074167,0.24989361310686076,0.2518053625994605,0.2993007823708635,0.3557079772882901,0.27075130555255067,0.33527005615163435,0.30202934174179497,0.316756025104875,0.3213921344765269,0.31991592917094297,0.29066433442838835,0.27318843393841036,0.2930628013039618,0.34772649566455494,0.27937515125888174,0.21203112378357075,0.2263329817630414,0.2942023254370508,0.22499255558131998,0.2215023849572569,0.2634527894820692,0.378694762241632,0.3616210408023616,0.3685707705665656,0.33336848646360695,0.3129376182329202,0.33566889338421,0.3020467211265616,0.3332435476029655,0.32351732321717036,0.33260899826921597,0.29310055581018435,0.3679994788689678,0.3045502918320539,0.2160910869310493,0.2869782380729129,0.26252239602182825,0.3336512575587183,0.23537537961256688,0.2253155913678535,0.2495548861614015,0.29317867756600735,0.33192537127536187,0.31268682737775344,0.24362705202582252,0.26189184991007586,0.34204732135319826,0.3132274508239309,0.2718198375765809,0.3244323345018261,0.2418625220627354,0.3746506137736962,0.2584009673584174,0.27154596625729244,0.250090477787979,0.2590322843045941,0.3096379434775915,0.31421179628803086,0.32264034082089366,0.3048516417254961,0.2810870976357605,0.3424337851411248,0.3481606195426436,1.0000000000000002,0.3603156148184458,0.2994024807392247,0.22208754620485033,0.2265717000469346,0.30187173518945615,0.2919380085028819,0.2742247208373837,0.366041857492568,0.37210110078989433,0.29822879016832665,0.2813016836889141,0.2356170060673477,0.2876940946251521,0.3466689641530929,0.2901190149690707,0.27296120536021595,0.25648036975826416,0.3125401913832516,0.2887356707097526,0.25302601592361085,0.24283618610940425,0.25265423649927726,0.250777995765482,0.2861122640087649,0.22398964664030593,0.2346537473257024,0.27287545254401185,0.2585993682963704,0.2206690530407753,0.2781658558242346,0.28157580993485837,0.31491591518204004,0.2701271122447474,0.25580825283970937,0.262339849909174,0.36812539750793283,0.21777800900236846,0.2548025524988596,0.3228487212975182
Resistance Bands Pro,0.3014287449204627,0.3217982370784607,0.2578708887472938,0.25715067817178017,0.33839547704257755,0.2701446072023387,0.2581478220688026,0.29809462814592536,0.22792024298180286,0.3149684990477392,0.35283896892352296,0.19351770381852723,0.3316024175986,0.3265556745917433,0.27917399580046387,0.35415443356895565,0.2973125350337681,0.2484956626596393,0.2581161394348152,0.28125870747417536,0.3735776278933024,0.2707083880375668,0.36380282516732493,0.36283193339439695,0.30757602593501504,0.33693120053513126,0.29303665228046477,0.2955610941972706,0.32759806566157407,0.29244046509735144,0.3346504406295938,0.2738129547267582,0.2651706393544418,0.24306614944333307,0.3313914159551465,0.2275996853761969,0.3325872024135968,0.27608508296964607,0.36462611371921394,0.32247035289168685,0.3878445008031751,0.36275537961082244,0.305655874688057,0.3217310187648099,0.28387197806035036,0.3163173650651481,0.35181085625617103,0.30587933484519847,0.3027770729565139,0.3588397931637459,0.36989790170315645,0.2672124578764441,0.30155375713310745,0.3131008399939025,0.26790011155273774,0.29810194803446327,0.2248865530015977,0.29238733887602797,0.22491866127684992,0.31817531415311273,0.33649972348821205,0.23361195408864308,0.27643888119873233,0.3111765423706063,0.30375032656960677,0.2645637353934702,0.29247023372046516,0.3011587428169089,0.32736140677633163,0.20828291480984795,0.2732198960799301,0.32473953515786763,0.3108098740757766,0.3161103633442919,0.2754890251668154,0.3225067479730118,0.3037784281828677,0.2551593441515824,0.3180452623091281,0.31782234005991816,0.3603156148184458,1.0,0.31409491668843204,0.23215914670657822,0.29122712509724213,0.3166244143195056,0.28981627190506903,0.2566557899931751,0.3987448007365123,0.3345996882507889,0.33516423938084644,0.3043456406133916,0.22916541669710774,0.26528831680897175,0.30284510184512536,0.33868376269000394,0.2823050527385053,0.2556528441785848,0.26657676725792323,0.23719606599769422,0.2865530619019243,0.27670529256634757,0.27245563214880697,0.25475421781233965,0.23298967033952128,0.2880749321042527,0.22647335769556037,0.2693375543742689,0.28483241355790223,0.36620262712748614,0.24034882205851643,0.251489870592229,0.22607556491878777,0.3066461669948353,0.31439319346318595,0.25694332044354684,0.2882543292235529,0.3103608241595487,0.3352295920735723,0.3179340804943102
Running Shoes,0.23340313316278688,0.27924756513564697,0.33047632021274315,0.30987081318879084,0.2695442941586165,0.22658920887456174,0.2889437652432718,0.31883918549540313,0.24939602017772444,0.2411328990272577,0.2559924909970612,0.32084486863493217,0.2760424607976443,0.313550078616869,0.3081636239291161,0.2697216408096407,0.320806434896756,0.27255250162544276,0.2445133864128366,0.3487272264796085,0.27797163380814294,0.2653955351323261,0.29341796578218887,0.22201606244532746,0.35801260877330965,0.3813080241878622,0.28154400561187054,0.28092618305018136,0.32280792348197784,0.26289950671451867,0.3290294649557613,0.35146870261025537,0.22542508800867428,0.2913461054335357,0.28764320363209495,0.2616851223617298,0.2866841257198953,0.30625646672195395,0.3279839063627672,0.29244299645759075,0.3021161974806529,0.3303093749891089,0.2863585379910835,0.31670011784482044,0.3805061994407899,0.29566500082142977,0.3689051898292567,0.32334716959561904,0.2110091855083559,0.2674589593652479,0.3219104799518839,0.2824509953754001,0.31868232006835834,0.23589128429255302,0.33677931532759275,0.28700259228299985,0.24269428766621598,0.3052723486366069,0.2754968661744216,0.3084381874410761,0.2543503385919215,0.27883139481613683,0.26878966224483314,0.3311640441109994,0.29067603015061383,0.2660023450186242,0.32151250241888446,0.27871343858201103,0.2629178074275072,0.2605719159682835,0.28108871405531866,0.3779595103571578,0.29145865107030533,0.25258816171407095,0.25095040434773497,0.3041784621860655,0.28921461720990793,0.2711902728273229,0.29716223467097624,0.3262702967754412,0.2994024807392247,0.31409491668843204,0.9999999999999999,0.2777466217372318,0.2516844744572491,0.32949054229953073,0.2652141442950015,0.29182956981259467,0.31073728222907654,0.3095918648585285,0.2926152519274646,0.2615621190738553,0.29107052621949403,0.4161688976485087,0.26456136617335513,0.29633637734193663,0.2621940264735407,0.2525921797514832,0.309271133128814,0.29432437973501746,0.2765539220370718,0.3015272509956405,0.2886823864790685,0.2787266773600081,0.29918591403846684,0.28907951498510526,0.28137481063787445,0.2631342978371106,0.32246793433030174,0.21897663960701177,0.3047321622204012,0.2753667772234641,0.30004310722123395,0.34418986642025173,0.2089196004843125,0.27231481195479096,0.25355535309125865,0.27432407852536744,0.219266386532077,0.23423259650840478
Running Shoes Pro,0.3176257032637645,0.23593643725325225,0.24881270850112902,0.35251240641915943,0.25710562084035754,0.2226358962854686,0.3467818821983521,0.2905004596146624,0.24602891172558267,0.23815598655036402,0.28056522454878324,0.3289627853374623,0.2692401372613956,0.22564236567630488,0.2868028437592981,0.2742522700678282,0.22266648719487486,0.34676631935305646,0.33209882283800884,0.2449123800458822,0.2867779421151758,0.3171603128520525,0.21964579826886468,0.2224596776196504,0.3397582578277332,0.31055080183362593,0.26861005534147137,0.24882240165983224,0.1986967025575022,0.21365444237059583,0.28024347468674343,0.2757740216635888,0.2999420929829697,0.3695568856927327,0.21631912307047976,0.20651256455777295,0.2545624331721011,0.2556324680341626,0.25261444346037604,0.2057148409685383,0.26491019508437674,0.2530362166431243,0.25997792154320926,0.17901381757767512,0.2839286627331827,0.30953436479536656,0.2317499465456016,0.281974032280374,0.22117982274228892,0.2649898527771095,0.2586755684791673,0.2566866637225095,0.25160034685808,0.22809304553559248,0.2693119813901416,0.2852392325736784,0.28312956756596763,0.24733608572501745,0.2873290184503777,0.2969321999251288,0.17401490046365434,0.24570577501191082,0.30228321993023693,0.26592808684039765,0.26621168739539863,0.280377531301575,0.23628729590271322,0.24413815744585043,0.2699282596823667,0.29609079680657585,0.3049851134813784,0.27955347611016546,0.2606672069831383,0.219084132785823,0.30273828641264977,0.23804848525366307,0.29418061604006157,0.27235826027813265,0.2623341006862351,0.24019125438590277,0.22208754620485033,0.23215914670657822,0.2777466217372318,0.9999999999999998,0.25678487231566244,0.25089447453901054,0.30270667704916365,0.25574569639282635,0.18858362432643017,0.19236599420147277,0.26069086711276823,0.32270728198910137,0.27772918789217155,0.28692189560606507,0.26821553042387597,0.2603719691488199,0.2888100477284529,0.34498200455394723,0.3392095982698797,0.3288966259636512,0.2879657473920635,0.28387676967173253,0.22188416077390202,0.2515539571862118,0.2856484526990786,0.21707957015918056,0.2776987717329598,0.25830855540185027,0.2280336026359417,0.2416791116608294,0.29488250239629304,0.25822099546789,0.2908807373842799,0.3163663973915164,0.19859696387774955,0.31270821902586177,0.3427865736295629,0.23242763823844648,0.18186564041535505,0.17985813772070647
Shampoo,0.3126995664469826,0.35682093640022833,0.21031407896065368,0.2905415630132874,0.3036417885073947,0.2468969820748904,0.255221131623644,0.29206118146938825,0.2365267671613341,0.28203303556373843,0.3305902179801329,0.2913010807156296,0.3051951113360788,0.3424431303355839,0.27060264660517785,0.257738214563392,0.309918652164082,0.3201269304039331,0.25293002090895217,0.3026872218263423,0.3207580588267114,0.25465730047877067,0.26283360885304463,0.259434324038192,0.27547945610875874,0.30703820883698457,0.2744769751133011,0.2701564670449344,0.2389265470409908,0.31872766574453204,0.23265341995413158,0.2897797582663711,0.3058773331464575,0.2707736342268473,0.34111636061948364,0.24550463732679417,0.29678497797719455,0.32307679178208515,0.2993375917787661,0.295274015602783,0.27980503163370335,0.2427764038457489,0.2302202611161045,0.26190257080249635,0.30668648687638755,0.3254871789539414,0.29623812758562706,0.2981754186936425,0.25885052228223915,0.25896980021714056,0.2951646595979754,0.32728184492244394,0.2757794729941901,0.23216559397589853,0.2685702961303343,0.31695306017960195,0.3656485537415507,0.32647087195867547,0.23367422708385688,0.34346060904792286,0.33356901162488384,0.24463309662401247,0.32262124399650327,0.24404667538609603,0.3313019460328159,0.28700393788735706,0.33943637388117914,0.300614082140125,0.32083970051658156,0.2908215208778148,0.35270158502215265,0.3001015224580702,0.2880634510385815,0.30159418562768225,0.2826987762230501,0.3319968799747919,0.29161201222854116,0.30636620610749205,0.3722257146556467,0.37832737223158475,0.2265717000469346,0.29122712509724213,0.2516844744572491,0.25678487231566244,0.9999999999999998,0.3540580479918558,0.2829641086889385,0.2518688541829629,0.30090932695340195,0.2143954636300497,0.2947585001968053,0.3282012917433369,0.321368843342703,0.32664004954983256,0.29035294868095807,0.34968531064193004,0.25936870540636164,0.2407437683966341,0.28371369156866266,0.27311856863914785,0.2932353071201703,0.3351910859638967,0.2932158575186161,0.32706341361547,0.312543518390947,0.3072113014989674,0.26229408171566687,0.36742248516602327,0.18528268599132067,0.2940708249110356,0.21807510479384973,0.2353153231450167,0.24285165697994937,0.2560047106463999,0.26702222096640577,0.2197634981541738,0.2656752487912098,0.2909023387208911,0.2474741480113153,0.23360644941636663
Shampoo Pro,0.3038987572042438,0.3369024254063556,0.31033085568734153,0.3276738189759419,0.35202516439959003,0.2809770725713082,0.2691218532960973,0.39408874507891867,0.23628948441224593,0.24082914789759163,0.3009461761790603,0.3224778361276975,0.3715783149857086,0.3257348964418838,0.31073727557857667,0.3402027374046154,0.27217214709303955,0.3104992404311804,0.251284040616439,0.30314470128395005,0.33088792090178704,0.3328964006934887,0.3128831439194974,0.29544034616235454,0.3021609515876363,0.2803144259273267,0.35299799277591487,0.30337405046960375,0.2733902105922089,0.31139383024619194,0.3026058654576653,0.2417562796433199,0.34498253039181453,0.3435983857503242,0.32659296251118053,0.2776234400527846,0.3629020748650868,0.29331213830104963,0.32636728983192603,0.3962245185183363,0.2821705563126233,0.38294780269966316,0.30790658139686516,0.3333702279020202,0.37815487219846744,0.36946835908519027,0.38812702469646043,0.3360607605262067,0.3044105380130448,0.32840099945550083,0.4059755498330248,0.29878065939410253,0.29864769436100735,0.25120637337969554,0.3297995378282945,0.3629914635446382,0.250755099730349,0.30236113834898354,0.30059896776470196,0.36749351570029276,0.41648065132140283,0.28745043717695823,0.3751286713550907,0.3339543341437021,0.37633457687525973,0.30192090799830407,0.2886140018423628,0.2978817239351227,0.2867963830155312,0.2981876501857536,0.3898407907396415,0.31289213257779347,0.2959003273695492,0.3196541042412587,0.3115545529984276,0.3291405526222902,0.34294409186622515,0.32248380317632097,0.40509047431182044,0.33418321373983917,0.30187173518945615,0.3166244143195056,0.32949054229953073,0.25089447453901054,0.3540580479918558,0.9999999999999994,0.28461116017979476,0.32783860461208686,0.31045122541647696,0.2864575348640879,0.2317032877850057,0.40162056573137567,0.2992167044497546,0.26491477793835677,0.3319984611117374,0.31633020328541006,0.24865972205014733,0.29944189639739516,0.2892618873352175,0.22855610957874703,0.2566415502715329,0.36477653720799413,0.3634086276174007,0.3900212760551055,0.2872144087566752,0.29759459457799803,0.32491614761460025,0.3022232229494099,0.3238927484299218,0.3265446738549993,0.26985379024473405,0.3159632019907633,0.25115144305686565,0.3269901944542843,0.33860898661352257,0.32832188138407364,0.2441045817589365,0.3009295242722637,0.32567876935014795,0.29425223098587283
Sketch Pens,0.2921526063497234,0.26404016949278547,0.2906849801706114,0.2623463968296016,0.28408428192662083,0.2985083621532094,0.3247319867461724,0.2974607276601165,0.2816460621648005,0.28403289320009545,0.28765108274235907,0.3112402255348668,0.3196504432410231,0.26986127223837025,0.30615220202924287,0.3703754906062753,0.29394884718955766,0.27309367869713125,0.1725521439887047,0.304218830462119,0.30355004468980457,0.275251238867504,0.2636723467582551,0.21803489181198082,0.31590856495830144,0.26811025263634963,0.29950166418959434,0.32418613409277586,0.2291153833092202,0.2827517228402887,0.2749211175600509,0.3479113285477488,0.22490504819852203,0.36432793884650544,0.3288952311077091,0.2791642952712359,0.41963613564416713,0.3230739373038501,0.28565718100967613,0.30095991581737547,0.2861107437112032,0.22524677833642726,0.27575886434640884,0.2617898052072741,0.31897583168892885,0.29149187775127783,0.4304599315560798,0.4128085479275153,0.2870559116228211,0.32550413036751535,0.297180192707638,0.2965476881702548,0.2763908333773207,0.2402626105234603,0.25611587609578756,0.32797597282816826,0.24513865163263415,0.2914325017301144,0.27272697019056963,0.29664912536176946,0.2857762029724292,0.2911644059963965,0.32985989993061027,0.2989788834742708,0.3174842374891177,0.30611418705088356,0.29305977317396853,0.30050492074968094,0.38695704275152437,0.30692169498326854,0.311517446530584,0.25358062234716044,0.27199633178055826,0.3071908065606007,0.3911468445429109,0.4008402437889004,0.3449151270879488,0.34626048899931483,0.373859834223778,0.35822087667898106,0.2919380085028819,0.28981627190506903,0.2652141442950015,0.30270667704916365,0.2829641086889385,0.28461116017979476,1.0,0.36195106955227946,0.30458095340543173,0.28129254100059287,0.30714895762255356,0.38415806727050816,0.2476147274710817,0.31057215352351436,0.3105140270807823,0.29807891424404026,0.2794939415846269,0.2799398830712222,0.2472682936482077,0.3219838988286359,0.29002363041808193,0.3009166244274189,0.3175628795411649,0.2871096293483334,0.2930275739313717,0.31589717538705214,0.3136705826757116,0.2660875034980806,0.2515145285934721,0.24710688729249514,0.3469506425061922,0.3370848725763387,0.3052953348257824,0.2650570035775894,0.27616454006392843,0.27239345430473455,0.33613246230347815,0.3124144745312862,0.2779991493911676,0.26612719941715096
Sketch Pens Pro,0.2528925647376774,0.2445073244136788,0.25396089477612716,0.3122504379615353,0.3709700557482356,0.3574645437441923,0.2914079049218605,0.2582716079425135,0.19788410641101956,0.28401615272802316,0.2851808779989238,0.26440075138967195,0.3044465219117223,0.28988839585096104,0.31319866932444274,0.34832667724614846,0.27091318954835486,0.29103611087286707,0.21220176048352374,0.26776317049483367,0.3117377115208284,0.3204844555101519,0.23701091323149293,0.2500923227726818,0.2965591479379966,0.26076214765274064,0.39103420888069673,0.32664702398269135,0.25122961397481874,0.32308380470657405,0.2617012959099895,0.32105546303110244,0.2813956431422293,0.34918098812151976,0.3228953376979349,0.23316789788515246,0.3586922401396425,0.33906228227151086,0.27697506816223344,0.3166105193628161,0.3332960558602445,0.274135218927085,0.2742764025229015,0.2812108713224716,0.33652613641145296,0.23851989841373525,0.37477208870554773,0.38616245216086076,0.2643982400715904,0.27740498045841555,0.24979138380820531,0.27479490312235166,0.3114149764629243,0.27072414628232183,0.343026553626821,0.3545855609493425,0.2248122041811208,0.2475552418236228,0.278802376569084,0.35814972915521864,0.3058876069382563,0.3045995738945049,0.3133149466031531,0.29505512246488286,0.3426968847920491,0.280916337768393,0.28359316440030924,0.2796960840595501,0.3446076421089055,0.31739311293910644,0.2736939416827535,0.33178494900244615,0.25851771753101255,0.2890567296848583,0.36449687135410286,0.36858460580204677,0.2890083471090548,0.21891778331545123,0.4115872151367284,0.35083236275927043,0.2742247208373837,0.2566557899931751,0.29182956981259467,0.25574569639282635,0.2518688541829629,0.32783860461208686,0.36195106955227946,0.9999999999999999,0.32474006366757896,0.3178890300670278,0.29302836732669,0.2615246940812106,0.2688375728715351,0.277968964908854,0.35777510655557,0.3434642063447719,0.30437454482165577,0.22521002251981512,0.30370567493128187,0.27491632917596726,0.29127455727425977,0.33801552694457276,0.2933303538191949,0.30660028894769104,0.2286141233663327,0.30732344410454404,0.3054934626108765,0.28738571663724044,0.24519045138900175,0.2351509834058524,0.381653117547874,0.20830986654038455,0.3254857156004781,0.27865522294127704,0.24626046013254524,0.29986474111086675,0.28162224797596874,0.2895915696002863,0.30523469653595636,0.24262595605032697
Skipping Rope,0.27202802639791995,0.3387471904931322,0.2835093997741014,0.2578398667456352,0.26267027700917195,0.31063810580643536,0.3040114055610563,0.33440922781496685,0.3307524080165417,0.3079344035213138,0.31705509924949893,0.2869721875890852,0.2750484507558124,0.3097790543488299,0.2874159694857399,0.367758533647472,0.34792192670697003,0.26624732956311026,0.33249756874917236,0.3682753179375235,0.35234494738996663,0.261849617820907,0.38283960630282743,0.3537375042520862,0.34669015290927563,0.27718180063791387,0.3237900855627468,0.294455766368545,0.31441977318380787,0.3857411495348726,0.32951943532618083,0.34002871244553357,0.26825465189750286,0.27187995407115884,0.3630757824957935,0.27120962671205107,0.3909242238490988,0.3811250752248228,0.36362881296902533,0.3943104411838193,0.31823660439684476,0.3514516200712475,0.3525178037648674,0.30394315319051046,0.29860467183418016,0.28474291438735105,0.37037422985566937,0.3684563279683982,0.32654509605125065,0.3316852931983035,0.28710939775673616,0.31757610104105427,0.33539837559702707,0.290924462088682,0.2579344348275774,0.2693452446430805,0.34313059444005045,0.2764054536293826,0.21518765575228563,0.3362109258170397,0.3765875371913698,0.2768562657882528,0.35212284690168355,0.35147084803058865,0.2902284912085924,0.2851537100565048,0.28988711563888847,0.22461119990201261,0.3587412416566753,0.23801263809843154,0.3170406385709063,0.2830877971310249,0.34589675001480874,0.38616476642430486,0.3038412761669843,0.3688442669835837,0.3748106523377811,0.2776985117005879,0.29097450357008087,0.3250808021593603,0.366041857492568,0.3987448007365123,0.31073728222907654,0.18858362432643017,0.30090932695340195,0.31045122541647696,0.30458095340543173,0.32474006366757896,0.9999999999999994,0.41530080471267133,0.3252217856218514,0.338310044308373,0.28930926618755315,0.2491324704490297,0.2925856993577903,0.3105689010120013,0.24038089317660646,0.2797979320791215,0.3374882888628622,0.287422177779862,0.2984366674045964,0.24940091669954992,0.2285174601904719,0.2865404618875597,0.2506305180253525,0.28969074238791503,0.26271513480237163,0.35302696407389955,0.3448232911567025,0.32232888979866214,0.2916546059578307,0.2471602793945775,0.35146480626018484,0.26723703180061054,0.2907617885684025,0.29021642739080866,0.3453638784516469,0.30083422643735575,0.3025380936893612,0.3775580260022622
Skipping Rope Pro,0.25415670185306755,0.33445403649124833,0.26825656546438015,0.3085937252253883,0.2689815090622384,0.3356056271323099,0.29703913602738274,0.36167704257796784,0.257145993399796,0.2749632251522163,0.260255768600967,0.24832043275370982,0.33022490332656873,0.2950444628357286,0.24000509363613887,0.2725657968311272,0.23354070774357488,0.2530564380300245,0.23407615832227474,0.27179105683217863,0.35779024115487235,0.22418075729564552,0.31233158396428734,0.33849064359245096,0.2958632866539789,0.3883605400528475,0.31853923226465863,0.31684647824608975,0.23034718102682933,0.314670844068852,0.2044860906062822,0.27869562621680677,0.29054670727153414,0.2796795376906388,0.30353476829940423,0.2376354503612768,0.25759978025428176,0.28323106901381767,0.39275985293481774,0.34450565864988486,0.2837921393907432,0.3277073572371581,0.3675280990347207,0.29436218927074354,0.3009501500809291,0.24662508337636482,0.3745456737012975,0.3125176490953854,0.3226825860669342,0.3831880876076231,0.31072723811509967,0.24274326891849746,0.24212565672450698,0.2565573595745699,0.2637954898136596,0.3210974254552241,0.2485904220694123,0.2667928413539865,0.26369277596240787,0.29769311529579623,0.27622245063467066,0.2836571724964244,0.3060576197071412,0.33292923926493057,0.3146573201099978,0.303817947485605,0.31090865812941676,0.263396897615747,0.2866393843768759,0.2553382662878755,0.2999425887105667,0.26149113141561287,0.3143478043998196,0.3003094541998246,0.35557128084486594,0.341542888036273,0.3089519508171794,0.2581207252338298,0.2791969170966334,0.27723862964151524,0.37210110078989433,0.3345996882507889,0.3095918648585285,0.19236599420147277,0.2143954636300497,0.2864575348640879,0.28129254100059287,0.3178890300670278,0.41530080471267133,0.9999999999999998,0.3156219203229894,0.32364041715048575,0.29336053876155765,0.3076588397971492,0.31585825517527094,0.3476931791292385,0.18104847870369653,0.2202114903643496,0.3022252154303461,0.2729915347126372,0.2565772989356432,0.31844236574937795,0.3001965580352902,0.23259037447524292,0.24628940641374142,0.2726804703505986,0.22590912880619735,0.27921885836789884,0.30667868511315965,0.28932437070744005,0.35232392545070434,0.23342699601795885,0.26376751994162406,0.2604980886776901,0.2214626627034175,0.3640013253846816,0.31288921057547264,0.2386924448154829,0.3602969180756987,0.3398396974744619
Smart Watch,0.31271602455393965,0.3117184410584002,0.25298856795797803,0.24062287290172138,0.3173641578089094,0.31176310117979417,0.2995446720509245,0.24811694476978471,0.2808190955971455,0.2848040076381735,0.3575940318184498,0.3644687384230098,0.2647215977752863,0.2663725859541982,0.24410144113497484,0.32289771974970627,0.3309774206052531,0.260368219838376,0.27417192506374977,0.34030089243698003,0.37047063188606605,0.2765009797050704,0.3057284906371916,0.2702614130764685,0.2440710435542943,0.31604534526961436,0.23600317464510473,0.27569014687260823,0.19534413440141277,0.2797010875890501,0.3509512003871864,0.3440371176681859,0.24146358136110077,0.24765522809951404,0.28858237066947984,0.25686515906851726,0.23689154673686194,0.3334920475573275,0.2761590276890864,0.18866015876138895,0.2815970757715708,0.24545031624424665,0.29165021927352264,0.28552549794840765,0.24502967354741687,0.26961582197903616,0.34249550362529774,0.3126187237283529,0.28926882316783725,0.3031336652114373,0.26174349696587623,0.3039059566888692,0.25946346966110695,0.2274054237336943,0.25751027755816086,0.37530452481682525,0.37541204776414816,0.2985793476400781,0.2550636462639701,0.28614707253935456,0.3139824977639198,0.2639173769004906,0.37505413598960596,0.34217862242100583,0.2861802854158619,0.3436066716181205,0.29512616482957743,0.23779512798145874,0.31719211672844594,0.30375013054305755,0.28320577107635514,0.26911711051708154,0.3950764333810255,0.3538705016568819,0.3201895327410367,0.33011349338599105,0.31559814404290587,0.30398990116798197,0.3081267266515407,0.3354235857307644,0.29822879016832665,0.33516423938084644,0.2926152519274646,0.26069086711276823,0.2947585001968053,0.2317032877850057,0.30714895762255356,0.29302836732669,0.3252217856218514,0.3156219203229894,0.9999999999999997,0.3441193392786886,0.3114080362961956,0.27927389858296914,0.2849328100477045,0.32470512355534736,0.2604216332018262,0.2731758422901673,0.3555039990092334,0.2888524148789273,0.2677649084900387,0.36179557874719287,0.2536829153021076,0.34096130136331626,0.389891913686908,0.3438126645361327,0.3075805630395137,0.3197142597796154,0.3073829780945003,0.2958336495788611,0.3355062097635789,0.2720269647401492,0.28111547432159373,0.2998045381672091,0.3346024191696332,0.29982431713114965,0.29802202120836263,0.35101343013295483,0.3085616669016963,0.2926529809313233
Smart Watch Pro,0.3065707313079477,0.3242716718710087,0.2928208395563403,0.3067183758737036,0.3354215121469099,0.2562266467703872,0.2987932106536696,0.3835364023443601,0.26282712378160417,0.2601520385522748,0.3313719592964053,0.39360659885534505,0.3409373551069096,0.2610068011235346,0.30062816076888726,0.3066508213056221,0.2832662332929012,0.24309924417182802,0.2633870253276658,0.3877621844256695,0.290671466898346,0.260468973118087,0.26457039437422225,0.29636935305611567,0.3543590707741831,0.31771200880688366,0.267612563359076,0.3380615513721553,0.2866718826391911,0.33138120163286017,0.2949594699698686,0.345542046931884,0.31987163684389974,0.30166947281491335,0.32055252235757875,0.2017178482262822,0.37313803884359137,0.3297460479601102,0.33760877979707277,0.3101943176442398,0.28430959074466605,0.2689388925800709,0.24122326906303987,0.29476748577761164,0.3149006236488039,0.3271760791041641,0.34490215591196965,0.3738970008468172,0.29732034470562535,0.32770419333855233,0.329765954405479,0.3366192840311336,0.27252741269118075,0.27403370752205375,0.21403751211855299,0.3638480073940222,0.2843287174999785,0.3310032469143689,0.26484563823836854,0.2778846597059257,0.29262150610531495,0.281039866914599,0.3949855731517204,0.32975791376303776,0.345642775282915,0.33038083110699146,0.3400500736517702,0.3167843193272999,0.39252095560092437,0.301709077160369,0.2983494511649749,0.31673470408836657,0.345029444282825,0.30020121258647203,0.34040306867016534,0.35442033251402616,0.38139724050973445,0.3837569910029246,0.2902052634979273,0.35694664374027035,0.2813016836889141,0.3043456406133916,0.2615621190738553,0.32270728198910137,0.3282012917433369,0.40162056573137567,0.38415806727050816,0.2615246940812106,0.338310044308373,0.32364041715048575,0.3441193392786886,1.0,0.2732761627888477,0.34442860826049504,0.31431465004157577,0.3306625781455707,0.2567253121505425,0.237347652564643,0.30607300226505474,0.2989143003707372,0.3282081322080493,0.31610542274027764,0.30384966997044327,0.32446498025549575,0.3486137309202737,0.31994563838030754,0.21474802963681588,0.3440537985922245,0.3396840698510807,0.33127054646854176,0.3132341827351598,0.2918184424258027,0.30471049385334575,0.31081824861251306,0.32403773230439337,0.38410673066392687,0.3496803001778432,0.32275750121855673,0.3200655400015287,0.3099251135320225
Sports Cap,0.2924740642377679,0.2593229915419602,0.28152633255124937,0.33174713873231204,0.2521988110255191,0.2936837063531578,0.2922717508255529,0.35208069115374735,0.21021153293778633,0.3420671904224113,0.2796186894472446,0.27878699446340727,0.28921080087005135,0.27308610929789506,0.32868723289900775,0.2597789462885316,0.2818190857983014,0.25743013401222525,0.2730518728002123,0.37568761071535695,0.32134518378183563,0.3183715405994997,0.2604637052976015,0.2182006721883763,0.31354307118905556,0.29508613324430905,0.32628087914216825,0.2891939331115766,0.1982915216491067,0.25125778730528925,0.3037285233883599,0.32166302764200794,0.35752830291332227,0.3152788796781245,0.2984307075623853,0.2821142536738247,0.26203932587143486,0.2867671510936897,0.27734187676120237,0.25276431932142407,0.257572840864181,0.2408206245271254,0.2802007247794874,0.2811191418538846,0.4039095031837717,0.34977289262484274,0.26527994451916864,0.279954677763789,0.2774902304822998,0.3154337703776799,0.2598874279784269,0.29368794069121024,0.3742670549230721,0.22478217009854667,0.26935290982303023,0.2300850132864887,0.2948746861891146,0.2647171146079809,0.2915166663157899,0.3994166519979469,0.27517611452377755,0.2552909289354617,0.34749113038950474,0.3155956038307952,0.2544478923658904,0.29126267242957216,0.35962423815534916,0.2561088816775839,0.2829134459132248,0.3072241167719535,0.29676014539159046,0.3454337120609971,0.2383267296313934,0.28514316307616794,0.20876866120364906,0.32470055637512163,0.25149095214896294,0.24077200921445208,0.30774259678709176,0.3266261558604856,0.2356170060673477,0.22916541669710774,0.29107052621949403,0.27772918789217155,0.321368843342703,0.2992167044497546,0.2476147274710817,0.2688375728715351,0.28930926618755315,0.29336053876155765,0.3114080362961956,0.2732761627888477,1.0,0.38534939781217326,0.2957078142198345,0.23305710988036732,0.23688058346147944,0.2975061345113005,0.38191170898429583,0.3359218416287127,0.2428431962267791,0.3848238042420863,0.2742395181256106,0.2604402826958264,0.29016595678112,0.22311129773589006,0.27336661514910005,0.29440687610267,0.2087287152252972,0.26465931485085253,0.26352987046566123,0.26489763003505284,0.3282984560431209,0.2939055656786829,0.2596206530359834,0.22311910070721425,0.33448425077983557,0.3075019649719038,0.25709764532081586,0.28530321417531845
Sports Cap Pro,0.2917191366163885,0.3099955927303234,0.2984951578289262,0.42642268720451515,0.3353231905564669,0.31159829565278396,0.30604159526160346,0.36691707194729806,0.22604833059434726,0.246369847183132,0.28064702947726633,0.28163174597264873,0.3277026241772032,0.31193138404850107,0.29605348911480855,0.28815378410274484,0.2535164816286922,0.33985602389479064,0.29293539156066106,0.3475771254514714,0.29194180143773935,0.3566432195768545,0.2548583000930397,0.2507660789085825,0.3839329760561758,0.3477057508107424,0.24973969273522156,0.29478104848141784,0.26815738802176353,0.2809595967512077,0.29337599300816325,0.3075424272893613,0.2692113970863585,0.3689636644295121,0.3219911594303246,0.26431924025878506,0.3134507460239768,0.30039099294926574,0.2899078040284892,0.27177658221445683,0.2637568148865953,0.2965216101223185,0.2537648304146306,0.31894213172031427,0.36085356925900747,0.3291581733368156,0.3763362387019408,0.27798765755013194,0.2838795501707226,0.3093481197807664,0.2522525421403786,0.26393766248635475,0.278115383406658,0.2539804030270906,0.3447601865736402,0.33181582630980994,0.27080737506946106,0.30775066289037206,0.35401145079403645,0.3463087904614874,0.3025785389209772,0.2926263004226394,0.3128120782466338,0.29429974381097024,0.2752866860453239,0.2977634106065634,0.3627919752167494,0.25277341545508497,0.2716164986252927,0.3019996763876077,0.2788581754553914,0.28799714444670654,0.29119224262949833,0.2981798172657381,0.3581776589708714,0.3345995875973909,0.2710427488350273,0.20029738104496098,0.28173146694365364,0.28044007029374496,0.2876940946251521,0.26528831680897175,0.4161688976485087,0.28692189560606507,0.32664004954983256,0.26491477793835677,0.31057215352351436,0.277968964908854,0.2491324704490297,0.3076588397971492,0.27927389858296914,0.34442860826049504,0.38534939781217326,1.0000000000000002,0.349113589920325,0.2953888207283162,0.30913571003152335,0.2844035592027173,0.3552539943127395,0.36271703192883753,0.3660863466091983,0.29815429892912365,0.3248074347758148,0.2981095254385385,0.3319279869312906,0.29129525058540723,0.24490593502384445,0.2981344529032228,0.28288981247726463,0.2722517931544691,0.3389890634872723,0.330175050085921,0.268134711151331,0.32555797040623125,0.33465286496044877,0.34294373393190664,0.29115474066944563,0.27779297249047163,0.2910437662664815,0.26236393693127524
Sticky Notes,0.28833889287625836,0.31979833417605186,0.306716284191828,0.3746328291064486,0.32404152306121226,0.30617437512565565,0.401779262608547,0.3690256435055347,0.27547234110581587,0.24273838927566865,0.3003175533232231,0.288347891004314,0.3351868225067036,0.26548788736359175,0.41078917582442287,0.3614820237392252,0.2995219086995014,0.2245415388036483,0.24201752527771295,0.36276755700755936,0.35063605556912086,0.29740231676942097,0.28152558743977707,0.2638777015107645,0.2940747851599482,0.2618017875691527,0.3924363382893371,0.31509888723729146,0.2650418279134481,0.2847544488069896,0.2403120064627106,0.2632423736893759,0.2603485804493094,0.29199064393189095,0.3209502869414017,0.23665964080185153,0.3785940854285827,0.2868840454656444,0.3099168781382142,0.2360388277615697,0.33355986023741285,0.33308061579376597,0.28546469819657827,0.2762366598098859,0.4033891244516895,0.29271825201169954,0.35320595616713324,0.39314360122621866,0.2540474409778669,0.2532275752848703,0.32688096721071025,0.31465260220796276,0.30702118919765314,0.27345230726552694,0.26319914339328043,0.3449840788113125,0.2983911491993374,0.24646973122174742,0.23943379775293122,0.3205110005506979,0.3126939537090074,0.34401399848211534,0.30857073375121363,0.31058976967096397,0.25769068402535766,0.2699555861540284,0.35427712814686524,0.3090202371452861,0.3485819411829266,0.2886431959147388,0.26864330689488225,0.28985042021920104,0.26629643597845465,0.4073414648441207,0.39349292935680547,0.3904733306886682,0.32174318820804915,0.2388380388447503,0.3698458887270076,0.34869308478297867,0.3466689641530929,0.30284510184512536,0.26456136617335513,0.26821553042387597,0.29035294868095807,0.3319984611117374,0.3105140270807823,0.35777510655557,0.2925856993577903,0.31585825517527094,0.2849328100477045,0.31431465004157577,0.2957078142198345,0.349113589920325,1.0000000000000004,0.35398925526470615,0.24472710573154016,0.2725158757360625,0.3346021989737236,0.28874385604971875,0.2805530604379528,0.24256178961344682,0.35171192776596033,0.26982572341968736,0.28078017724321364,0.3156603851622857,0.23916623518177985,0.2902116551116287,0.2921028369170832,0.3629121294289951,0.3154143844244686,0.2799705399098124,0.25115579286176193,0.3186848789311312,0.2801607616280712,0.29774277508431446,0.3140469333534337,0.3079071896188637,0.29580033869790334,0.2863159146520162
Sticky Notes Pro,0.3327510200810603,0.3930757498195868,0.2752990398445222,0.3814617442256569,0.4318022944264772,0.3083107256214076,0.3258753503414398,0.31835528166571536,0.25099651840991244,0.32447047564038733,0.31150954805796727,0.3028684925127371,0.30954724229020064,0.33241326926860737,0.32688742565661333,0.35637587194193077,0.3118037468374338,0.27982197377750406,0.251390658771178,0.28605968424194256,0.3755127939010262,0.2906331704780496,0.26224571875135816,0.27620194401653364,0.3397825685626642,0.34818228770032383,0.3264437467195584,0.29673953364274513,0.2994515503207045,0.3301346885083052,0.29308320725063003,0.3315968077426827,0.30908847473144746,0.3288055350919685,0.3437827111073117,0.340829199505882,0.3045111455607256,0.38612962765606457,0.3678033748277794,0.31517413796319327,0.31384078496870815,0.3457729072535721,0.29952223976103376,0.2869967767934719,0.3419045195687739,0.27410547964869686,0.35982744379970105,0.3707766553672033,0.28154685951157943,0.2957085855170219,0.28690324784389587,0.31967018909192974,0.33903463718749816,0.23525527228271453,0.2692153126379906,0.39242409811841594,0.2898812021530181,0.2582377402971819,0.2674690440824278,0.31992215591861817,0.2801734647224467,0.26325163537359825,0.2791632046750289,0.3296175461591219,0.30464754079608847,0.31803092573356334,0.36228141778793493,0.3251173865038078,0.3610276253229506,0.37467174583902885,0.29194493874443767,0.33931970931072397,0.26546402196987506,0.3168186880473311,0.3836947454267218,0.38106305149678804,0.37718244661486844,0.2690077017301941,0.40065956601254227,0.4198591429247315,0.2901190149690707,0.33868376269000394,0.29633637734193663,0.2603719691488199,0.34968531064193004,0.31633020328541006,0.29807891424404026,0.3434642063447719,0.3105689010120013,0.3476931791292385,0.32470512355534736,0.3306625781455707,0.23305710988036732,0.2953888207283162,0.35398925526470615,0.9999999999999998,0.3135491326218716,0.24085778867737012,0.2657346133297395,0.2874929109563084,0.2357778386125207,0.30132354163221375,0.27809905527069584,0.35198933428429674,0.2660229639976503,0.31300750700252833,0.30696133410647747,0.3225902392980055,0.3246138736233812,0.3647623901235827,0.29349926741220195,0.29494290787046656,0.3031588346972045,0.3925844942950306,0.316164841985956,0.30379425826952533,0.34178021666259345,0.26107145606767,0.2666197790738035,0.28259531006378896
Storage Boxes,0.3104411467334698,0.28135018832818354,0.27534694470720666,0.35666134032059754,0.27773611500045126,0.25066077269071824,0.2998780012911596,0.2622825278462393,0.27797474714006665,0.311616567244474,0.27436531917675794,0.3086579680865502,0.25220763559033677,0.3298265238824761,0.26642875562882873,0.28531310042788943,0.2996057510833916,0.33019350016897553,0.23316613298025554,0.24210712444481325,0.31684017409984117,0.3862939053649105,0.2723542489648825,0.27399690850510794,0.34545684004405797,0.2912728760251884,0.2448070530496612,0.2291837159572156,0.2552067942166133,0.22826201972110347,0.33475714941198376,0.35434126282165707,0.30593545004994216,0.2747290689629433,0.3166056708486361,0.22084240843431457,0.3025279835592662,0.22908142399067757,0.2766817824896842,0.32632142910038714,0.2674009748030509,0.2550710975244906,0.2412570197761001,0.2664656554392336,0.3100874120672754,0.3003328498395472,0.26875020565121494,0.3207694028986571,0.29442078837490815,0.33619934449394534,0.27735294778304076,0.2643841544008201,0.31780853454280117,0.27084758404395387,0.3524527891878633,0.25856264474302393,0.23179542476361364,0.3123324891647458,0.20919984014865928,0.3054234443098664,0.2718337460506554,0.21330129385295432,0.2772083935301669,0.2810734610689546,0.23755091678922374,0.2635123973965708,0.3380424859203625,0.33288874720826567,0.2671448891624195,0.2862616414337656,0.2398340388870625,0.22558670623621072,0.3376230482369451,0.23282202448570627,0.24331150958215206,0.2830212363561887,0.3065902971130691,0.25736474240668683,0.24359320847737614,0.35694293044517933,0.27296120536021595,0.2823050527385053,0.2621940264735407,0.2888100477284529,0.25936870540636164,0.24865972205014733,0.2794939415846269,0.30437454482165577,0.24038089317660646,0.18104847870369653,0.2604216332018262,0.2567253121505425,0.23688058346147944,0.30913571003152335,0.24472710573154016,0.3135491326218716,0.9999999999999996,0.3443255206012058,0.23346815988380748,0.2425265310607205,0.27192675549449863,0.2933162612853348,0.2326491779556423,0.34173501758823405,0.2545070995598743,0.25254307049741676,0.28381650456759766,0.3421934817547466,0.22990797883675157,0.23551392879909916,0.30313194609089356,0.24043709346709444,0.303802307873378,0.29519733977435303,0.2663491257367576,0.23957981271935666,0.22494292013662254,0.2619582355516858,0.24761129581099378,0.279900069317581
Storage Boxes Pro,0.32352347434097783,0.2833671309755293,0.3153969407393956,0.38028161270808736,0.246562442121955,0.27493043754835156,0.25866545177441796,0.3291211464290527,0.3020973543680586,0.28672043343311426,0.27355522055187614,0.24212862516819467,0.28583634338304703,0.22783633978974505,0.27577400880197933,0.2962707980383787,0.3317708269335585,0.34612693742582,0.2136512133591102,0.25397340611965713,0.3623682972678915,0.41701621124206795,0.2538153604328557,0.26884650524133996,0.2750741926692008,0.3128934444264756,0.29941875288744885,0.18565911638503468,0.19816027517803736,0.2897383271266557,0.38264296451029983,0.34850821442503577,0.22562223016107896,0.34314804198862014,0.2785345398596223,0.24832316150953448,0.27435655963343664,0.23336241902884552,0.2596977765704158,0.2748103236506161,0.27656842509853863,0.2142149397599351,0.2647669077718666,0.2658451393359942,0.2896178074102753,0.3431590080792975,0.22084653639411106,0.3312076795168626,0.2436804132443747,0.23874278660506526,0.30623509427117857,0.25171814498758827,0.2815746449740766,0.2841667709723223,0.3342038747346394,0.3094734035206703,0.25578780030342785,0.29914258116395664,0.2564603855108714,0.29816457463585166,0.23480255145588808,0.3029573219533375,0.28585120137243103,0.3377946692587464,0.2809788218132099,0.2725723874979845,0.34313998191590356,0.3459347904978483,0.3155250512092908,0.29973871585083484,0.26163740377910927,0.26391184145237273,0.33796432994692904,0.3025877494108264,0.25636226550369,0.28294179924934526,0.2621804009214204,0.308920164683712,0.23917311445573194,0.26517899555526336,0.25648036975826416,0.2556528441785848,0.2525921797514832,0.34498200455394723,0.2407437683966341,0.29944189639739516,0.2799398830712222,0.22521002251981512,0.2797979320791215,0.2202114903643496,0.2731758422901673,0.237347652564643,0.2975061345113005,0.2844035592027173,0.2725158757360625,0.24085778867737012,0.3443255206012058,1.0,0.25844085191587945,0.23436531582659964,0.3042140601967869,0.2838287121961399,0.24502457063661598,0.2515120420702423,0.33796012443064505,0.308805747898685,0.2983225540657027,0.3578864461295846,0.23460878608282043,0.30625636544348245,0.24523255158976498,0.29621512297647334,0.22092371620167517,0.2596778503129117,0.24185100226937337,0.2788730880510757,0.320510838069101,0.27771890522155146,0.23204183030450004,0.28054034842413006
Sunglasses,0.2678447162404044,0.31805937617334906,0.33107152962874686,0.30518166251783996,0.24444937859357901,0.3100474366169303,0.36578188740574974,0.3496666832169615,0.21428000367072916,0.28011887101173544,0.27079913098540614,0.2433678162327648,0.2687014212980083,0.2297941636657378,0.2933580599077873,0.2663742930778033,0.26603382131073366,0.3178243018013022,0.331609883804061,0.3450634865996454,0.3314489467444052,0.3156525711270579,0.31000343476548115,0.2796076047627304,0.3487561409380266,0.349465749479383,0.33269795624113757,0.3083838622977117,0.25066729250088354,0.30915707043173934,0.33916511460557747,0.23408444168569903,0.27879045615998416,0.27771464576546817,0.3460832017822614,0.2964775726349299,0.3047100083563063,0.3241149586294326,0.32344635733347216,0.3341467668590437,0.3178901335604829,0.28834335973804204,0.35779763248370144,0.24966316641679967,0.3180194957396092,0.27157463242433894,0.24452842908844766,0.3308650786871035,0.30294850400857226,0.31070759435665496,0.28472485974293427,0.28280310535658104,0.2843777949808932,0.2197818263832846,0.33152976242821075,0.26679437648488696,0.34651723639079424,0.2305199082456994,0.349452304709681,0.41596469125030855,0.3149958779276135,0.29775069305525004,0.33799812027014237,0.2572211285090932,0.24612158503373868,0.3181342447566344,0.27402795381809864,0.25355046912630597,0.33952858326540564,0.30758091749992333,0.3332136724095986,0.3069111445800974,0.3292858289329585,0.2899831993052163,0.3182784920867409,0.3077622048458188,0.246112204578576,0.3473500287865877,0.361391848424961,0.3335390136553642,0.3125401913832516,0.26657676725792323,0.309271133128814,0.3392095982698797,0.28371369156866266,0.2892618873352175,0.2472682936482077,0.30370567493128187,0.3374882888628622,0.3022252154303461,0.3555039990092334,0.30607300226505474,0.38191170898429583,0.3552539943127395,0.3346021989737236,0.2657346133297395,0.23346815988380748,0.25844085191587945,1.0,0.3168864617622182,0.3277443697433794,0.3333381707481666,0.3162346958275547,0.26009329043365426,0.3062420577967461,0.28999059241235237,0.2717857467957936,0.3023782931943089,0.22928865190618258,0.23820095738948022,0.3123927678836765,0.254049797052434,0.3754697420749633,0.31431961067316033,0.3392237256688951,0.2174592401414746,0.2790409852681185,0.29412881007343583,0.32901462016394356,0.2936981632021038
Sunglasses Pro,0.2593070634763193,0.22710681643363873,0.26669411384769764,0.3462876753087696,0.23342862977730372,0.30285263089425024,0.30018017311046974,0.3034429132004274,0.2652884165476751,0.3052104598145582,0.2630879478581815,0.28246135472205514,0.32668131817678087,0.2312878882416933,0.24454814043988737,0.30719058095637014,0.26974168443952096,0.2936506599902268,0.32710064958675883,0.3103701106755916,0.26786610548383705,0.2557472049747419,0.23267102076977692,0.24671189596010945,0.26793419961859233,0.38795645685862823,0.23819396527509595,0.3526193184419546,0.1848062772692741,0.27829510416127734,0.24127566871289602,0.33772123713078084,0.24416909083723268,0.2846474196219844,0.3366907607569526,0.29506765195788826,0.2827186171313049,0.2909407138213959,0.24159565295864543,0.3337469581667547,0.32175423381158474,0.22554665099361523,0.2993305786422683,0.26791992441536144,0.3651527657756375,0.37338005215650677,0.2953762411480183,0.31100927928157945,0.2600751083163432,0.2804016461630705,0.2947251930655156,0.2325184314953046,0.2811692332786434,0.2530012144345604,0.27182174066041087,0.2978821573287974,0.33734844848695955,0.30136974415242285,0.3358950170577123,0.2958902187620277,0.25195454278875745,0.2586903386076494,0.3081251048337817,0.3237664227477405,0.26369465785440976,0.27615907214448615,0.29265518759032694,0.25843350823191796,0.3154339476867655,0.2948808117596685,0.27068038828511015,0.24979873560090043,0.22761462150358486,0.23959275488016307,0.26984118880595065,0.2795071240967853,0.238169719092251,0.24755447436642575,0.2760310560865143,0.3201428345586526,0.2887356707097526,0.23719606599769422,0.29432437973501746,0.3288966259636512,0.27311856863914785,0.22855610957874703,0.3219838988286359,0.27491632917596726,0.287422177779862,0.2729915347126372,0.2888524148789273,0.2989143003707372,0.3359218416287127,0.36271703192883753,0.28874385604971875,0.2874929109563084,0.2425265310607205,0.23436531582659964,0.3168864617622182,0.9999999999999998,0.2519700803293359,0.3162979631090458,0.26341601131419545,0.3531929258525651,0.32516059761361565,0.3199773192156997,0.28710137525742097,0.3259751897278024,0.26971310064136816,0.21087978701344898,0.3201942104544334,0.24597601850723633,0.3374086836033609,0.37916247726522984,0.280142653215276,0.2736507154517152,0.29679172890677225,0.2816613993531481,0.30804227752814806,0.2765050436699405
Sunscreen,0.2955398343226383,0.2965291149209157,0.36223520411244303,0.2921881848023367,0.2801257538642449,0.3048443588971059,0.264534846241692,0.29120819713790747,0.3339339957766413,0.21892870372082163,0.2666277465854996,0.3318512845870476,0.3534392315903833,0.28715555532324166,0.26559184808144154,0.3269043780526294,0.3253849109410437,0.24885307632052428,0.25801446564153696,0.28314996839481693,0.34964225828188483,0.327704134800071,0.33010972199488314,0.2803738523171915,0.3134513394331012,0.3000514067252814,0.24234503453602385,0.22636979898240855,0.254617070268687,0.3067894596270773,0.2737789955500688,0.3242596106205997,0.28894368175328233,0.33852516894364065,0.3869682609690886,0.28984816890807075,0.3467364730582142,0.31223197550275317,0.3508691044876684,0.35280223217221973,0.27653360679163447,0.2486896398092725,0.31650450423565984,0.32496615377257826,0.3312152532536826,0.2752815373631215,0.23750001228878675,0.401190402405156,0.3177667990725644,0.2830579011114609,0.2343445567694625,0.3692009985025663,0.2862729848365182,0.265402902248921,0.29809773993591926,0.22381712809244247,0.2738348066049057,0.28473109326702806,0.24360545271866285,0.2969888826351101,0.33448952890383044,0.31256894770768473,0.3555790585980717,0.2555000302810887,0.2691130842805043,0.35456941004490067,0.2982678547062919,0.2646944280983832,0.313661815845155,0.25309142888895103,0.3390527400146458,0.3098879870407146,0.2895329173582102,0.29369662797309604,0.2724682103149128,0.32455914411641656,0.3059757969512803,0.36586979629975597,0.2739627084083963,0.33591047528562507,0.25302601592361085,0.2865530619019243,0.2765539220370718,0.2879657473920635,0.2932353071201703,0.2566415502715329,0.29002363041808193,0.29127455727425977,0.2984366674045964,0.2565772989356432,0.2677649084900387,0.3282081322080493,0.2428431962267791,0.3660863466091983,0.2805530604379528,0.2357778386125207,0.27192675549449863,0.3042140601967869,0.3277443697433794,0.2519700803293359,1.0,0.30895115354996805,0.3306256621907109,0.31423021372212545,0.3201748886781325,0.2692571641722736,0.20464677165708023,0.24656781846210513,0.24005761615242777,0.30828083271060713,0.24859710175992955,0.29077621061918213,0.2710110030755299,0.24387130269773316,0.30820608579691167,0.2878782988958688,0.35004106292143006,0.31964901015490726,0.34260753341029304,0.3049626643967089
Sunscreen Pro,0.33618678508322863,0.3540768683751646,0.2994804679469304,0.29854468909912957,0.30330907568778354,0.2989777301701302,0.3017674357795716,0.3369449519298741,0.2571328213758558,0.2880694642266562,0.34159299752535616,0.3307956180880782,0.35291087796267256,0.33287017526292645,0.2894202374146415,0.29046558471384026,0.27587185132842673,0.3772564247259597,0.24189003543606236,0.26672568450613343,0.30715220870748833,0.30127085289056393,0.309215122496127,0.26124566394096216,0.29370753591508614,0.33841448348890923,0.29304059275329775,0.3261131424527063,0.2577498496916685,0.2612858110678036,0.2945769139484579,0.3534357635904265,0.32830676488580807,0.340225258395015,0.3833758437387534,0.2992137660471365,0.31501749429827114,0.32832759196592926,0.34830578407390245,0.30171608585514,0.2714581928656962,0.24685335848248094,0.2951257137605251,0.3747622693647936,0.36158315914920947,0.35885509051748515,0.3701202385903415,0.3685597150363516,0.33892874060183836,0.3017193337338424,0.30348854465074065,0.3524504982260017,0.2682346067724523,0.2705428442280951,0.3270450413842578,0.3762416390851115,0.34222399271863235,0.3023605743496767,0.370427108295602,0.3329822943676779,0.32574013414575764,0.32156741932988336,0.3510266204788163,0.3921420700683038,0.3471867391354458,0.3866400874253578,0.24026131378557286,0.30909164537003603,0.3398203911107529,0.32143816027015726,0.39364093552268786,0.39312526826728655,0.3688625100376232,0.2840671745230837,0.28413338308219116,0.3223981900661961,0.29794541457622326,0.3471686021805146,0.3436264579499634,0.32475906301887186,0.24283618610940425,0.27670529256634757,0.3015272509956405,0.28387676967173253,0.3351910859638967,0.36477653720799413,0.3009166244274189,0.33801552694457276,0.24940091669954992,0.31844236574937795,0.36179557874719287,0.31610542274027764,0.3848238042420863,0.29815429892912365,0.24256178961344682,0.30132354163221375,0.2933162612853348,0.2838287121961399,0.3333381707481666,0.3162979631090458,0.30895115354996805,0.9999999999999998,0.32765368770499026,0.3397744550746136,0.3293552373759545,0.33608922232993704,0.2773056253698866,0.3479161576325917,0.24023414608536608,0.2877171560454608,0.3410840631224174,0.35076920398381456,0.24290384476952426,0.315439442448744,0.35312950659204145,0.3431270952607522,0.30687803243974604,0.3481553829860047,0.4072734674060963,0.2879332035054785
Trimmer,0.24271018154780605,0.2823772826836147,0.3335167612562546,0.3588633356078727,0.273375782834132,0.2085370060383238,0.2726890844791239,0.31132244851446095,0.2621054463866497,0.2519609511619638,0.30797766794829295,0.3146222423133494,0.381973311463215,0.3575295077596065,0.2920959156241899,0.26434463027558885,0.27500337590422125,0.25774779526526026,0.2532846951526555,0.24788246239454337,0.2648846194934261,0.31178379836573433,0.32936652292384233,0.27078700915052567,0.24722571980916058,0.29017829908678605,0.2606019330006968,0.3204311627817602,0.2608736351193913,0.29592973892196905,0.2659322674658546,0.24911444646890435,0.32703104161583063,0.35735384231074907,0.326141874359376,0.3394732255374877,0.33741491583403593,0.2327216995202434,0.3414190458738272,0.27236800927226923,0.27827533032547397,0.25978072798598106,0.3287827476756279,0.2928771024868154,0.3536562452575454,0.22192114411417455,0.2789414710614467,0.3261867189102419,0.28677954056048616,0.29961073730893134,0.37836255102836375,0.29778904848719545,0.3135758318194338,0.27875173614425264,0.24133725437755035,0.30573522692461874,0.2612655262273124,0.29526379045482115,0.2652816206347241,0.29799848585463035,0.36726924816390843,0.34870973978777625,0.2983607483235269,0.37905394023995,0.2964788352887131,0.34518681234181936,0.3502986674029812,0.2647338379812855,0.3251255650977919,0.33335197295299357,0.3802493300865496,0.32729993724874284,0.321601391771089,0.33129960486274734,0.2402384418486343,0.30066757464684213,0.2886279449931582,0.2753084077458802,0.3426002285842866,0.3013672474198982,0.25265423649927726,0.27245563214880697,0.2886823864790685,0.22188416077390202,0.2932158575186161,0.3634086276174007,0.3175628795411649,0.2933303538191949,0.2285174601904719,0.3001965580352902,0.2536829153021076,0.30384966997044327,0.2742395181256106,0.3248074347758148,0.35171192776596033,0.27809905527069584,0.2326491779556423,0.24502457063661598,0.3162346958275547,0.26341601131419545,0.3306256621907109,0.32765368770499026,1.0000000000000002,0.3625887698207464,0.35503461885173304,0.2802484394851466,0.25067860803971964,0.26368100264392624,0.28874120114219015,0.30497700805361205,0.301295155291598,0.2856157959540108,0.2306739374032153,0.2294419531113096,0.31114780058343466,0.33533376936528747,0.3008290296391022,0.3263543723173884,0.28931181561681857,0.28259386377279677
Trimmer Pro,0.34917637658673284,0.342794981455682,0.29077018774763946,0.36866480798359036,0.3037672795825017,0.2542285875783632,0.25897528710758266,0.3444844030720051,0.3305818075187925,0.27916318830954856,0.3400486198019169,0.35135949918068793,0.3487630400506055,0.2557923470323285,0.23229569857978144,0.2698585285644596,0.34025807562947175,0.30168203236247076,0.31945909912516846,0.3037276764923604,0.3219173603346269,0.3402950762846719,0.27305345034837814,0.24161979148872526,0.33232423485957385,0.33831123575690003,0.2929904659293979,0.34612812660309683,0.21983663964753486,0.3418402209815009,0.3624340996820546,0.39250569346122505,0.32389520374478703,0.3085883321277888,0.35106703113981397,0.36123621530227557,0.3166596043633314,0.32328916726787105,0.24282771663644828,0.32103445711158207,0.2620109736509972,0.29397001213855034,0.21370528792537608,0.3127755784443326,0.3545749702351116,0.37837228019153485,0.25410527492460716,0.36437384238696896,0.20955748248515277,0.32166028708500455,0.26959390029094715,0.36701547342683544,0.3524768121392734,0.2620408398806786,0.3139410199153594,0.34407328082609195,0.28949335441740204,0.2808085464168968,0.2422072705732542,0.32839261325509933,0.39658114415544476,0.37490028048457025,0.3164519966215512,0.32714736208539963,0.38822368732325985,0.4043054617456765,0.33982548916493305,0.28473178062028304,0.2834203057350283,0.3459762916423602,0.38909327681270867,0.305156882025609,0.2838359848110065,0.30077794103779437,0.34628761511518125,0.35707098401585885,0.3191612640567688,0.2718781940860941,0.33649213202399453,0.37363339621240554,0.250777995765482,0.25475421781233965,0.2787266773600081,0.2515539571862118,0.32706341361547,0.3900212760551055,0.2871096293483334,0.30660028894769104,0.2865404618875597,0.23259037447524292,0.34096130136331626,0.32446498025549575,0.2604402826958264,0.2981095254385385,0.26982572341968736,0.35198933428429674,0.34173501758823405,0.2515120420702423,0.26009329043365426,0.3531929258525651,0.31423021372212545,0.3397744550746136,0.3625887698207464,1.0000000000000004,0.36308548680430325,0.32352173455126276,0.3372654924187627,0.3218034493498552,0.3127389209993789,0.2614033182575171,0.2902891922372389,0.28515338759420605,0.29422285210204313,0.32805466488948815,0.35261258337033596,0.3375099978666965,0.29520514406752074,0.3229268830242583,0.334207456933639,0.289886851472694
USB-C Cable,0.2763106742697674,0.2103925410421946,0.3190950088072938,0.31124652336789105,0.279022909481073,0.21418926841280952,0.31532292378974164,0.3212917001754432,0.24117368890082969,0.26862435267815993,0.34910368370476585,0.28522890241579046,0.21897170161941154,0.23604880066029613,0.28503196513002726,0.30034385968439237,0.2538779254143035,0.3315528869927188,0.31311971362436314,0.32079667871435835,0.32196764089746477,0.29134634954915134,0.24694831708851855,0.28056108068870605,0.25168196391465225,0.2927480404607394,0.24264781898817947,0.29304345668519577,0.19662827254423088,0.25452255272326135,0.3001742588560966,0.3130771447153419,0.2283731384371983,0.2420185903653046,0.24490423923836607,0.2764905083015508,0.24542314463986212,0.28903099564627865,0.2475340011613163,0.27463366122514365,0.20219893460426067,0.19773346931595392,0.30734270730607083,0.29039893087707885,0.3388757982962928,0.2863182234128645,0.2664066015070788,0.290667414312597,0.2836826449766707,0.27120764318247725,0.2729520638822017,0.28066546584858143,0.2888683934745973,0.23823338376250075,0.2461529946432236,0.29431342544058986,0.29290334003010365,0.27475808677764463,0.2689207765137711,0.2939974937292114,0.2879744791021868,0.32411521821833644,0.3434762096765618,0.3888080362492309,0.26783584363804136,0.2881246267767741,0.3093485995573902,0.29229795719517504,0.3463807939517892,0.25700104504235904,0.33701533011835516,0.3337566674732627,0.3298029683721002,0.2616109264316663,0.25747699132782315,0.275380797478168,0.3123754298323782,0.3207899611109272,0.2855406448456982,0.32515025018524696,0.2861122640087649,0.23298967033952128,0.29918591403846684,0.2856484526990786,0.312543518390947,0.2872144087566752,0.2930275739313717,0.2286141233663327,0.2506305180253525,0.24628940641374142,0.389891913686908,0.3486137309202737,0.29016595678112,0.3319279869312906,0.28078017724321364,0.2660229639976503,0.2545070995598743,0.33796012443064505,0.3062420577967461,0.32516059761361565,0.3201748886781325,0.3293552373759545,0.35503461885173304,0.36308548680430325,1.0000000000000004,0.3438091730435718,0.25625276430130345,0.2889094485199371,0.29260001013819414,0.2860898501524003,0.2913866731437054,0.30523728373358927,0.2851306110420339,0.2760417359967408,0.2912213550246232,0.30713383999965194,0.2723152895571071,0.34123783203382646,0.2736213783125324,0.22701588797319386
USB-C Cable Pro,0.31629062251495565,0.28718777657703615,0.20994328419670605,0.2546708729956702,0.3287240639341662,0.30391663361475607,0.2814626953065459,0.33603838285022525,0.2561116821439775,0.22025120063280562,0.40103086993825343,0.3102587088476209,0.31754000279244643,0.29784369749607914,0.2595182346821673,0.2523696864505584,0.30279899028958107,0.3263003729676895,0.25464622308148,0.2781312265056809,0.3204200023195959,0.2752450804414661,0.2963396566356348,0.28036323704754607,0.21634835103112438,0.3062455108584823,0.28321287235021586,0.3382921752570892,0.2045213599014194,0.3039352177571195,0.2294083912280643,0.2990869536382543,0.21142725525185416,0.2130937385467529,0.2629385728882302,0.23869570033506687,0.3335248560835464,0.27960066476341755,0.3101339485792427,0.2734523273839867,0.2611067848275189,0.2223402544163293,0.28798378841228917,0.27163415478222414,0.35824483531975504,0.2547263802664793,0.35538941305069105,0.3784454699934195,0.2916301329945497,0.3421228346547822,0.2827690921827337,0.24602934910619476,0.29534713010282454,0.24186390733852733,0.29187280118377484,0.3911382422106159,0.36310350353088283,0.3691949439466096,0.26927851585183604,0.28640060448020827,0.3366892297643768,0.2649844317104698,0.3749259199856916,0.34233372671291595,0.328155910479364,0.27852408370279447,0.28413899691061795,0.22580730630330265,0.33011356823388066,0.2855888604570214,0.263743973123565,0.2879616237978283,0.2678374755274582,0.3265358435997229,0.2639515966229929,0.3050832131998797,0.3623105395634253,0.321247657548249,0.3270640492546439,0.3209658549668796,0.22398964664030593,0.2880749321042527,0.28907951498510526,0.21707957015918056,0.3072113014989674,0.29759459457799803,0.31589717538705214,0.30732344410454404,0.28969074238791503,0.2726804703505986,0.3438126645361327,0.31994563838030754,0.22311129773589006,0.29129525058540723,0.3156603851622857,0.31300750700252833,0.25254307049741676,0.308805747898685,0.28999059241235237,0.3199773192156997,0.2692571641722736,0.33608922232993704,0.2802484394851466,0.32352173455126276,0.3438091730435718,1.0,0.26717542519494397,0.27728957637744106,0.2648926475859297,0.3359705477948328,0.3557334165715032,0.3926812756146596,0.2753522261130663,0.2783855209260059,0.25428796945441173,0.3524297588825529,0.2832955174403503,0.3674027738151922,0.2631533644537447,0.2772994283445339
Wall Clock,0.34663349145312294,0.3003352857616032,0.2485918911361666,0.3017898948033921,0.23593420230920645,0.22321091641661966,0.2250830327292733,0.3087747471939868,0.22561429214324902,0.3095519656576483,0.25484815672101135,0.27473685210059706,0.30025669798358284,0.27272817114705117,0.2171893289508392,0.30826501829877384,0.34506224267914953,0.23204878927765477,0.2050158653435616,0.2868817972869434,0.3319045715269808,0.25927234225587203,0.29783251621213175,0.2696338937022285,0.2682514800430769,0.287820061075264,0.2960479929095594,0.304943796694637,0.23052033124610571,0.30059003982616816,0.3073447949178205,0.35143988931218506,0.2994100951607258,0.27863087284445986,0.29196331994222735,0.31485779218508825,0.19131719809906944,0.2793942960316674,0.22884615246355244,0.268861323584167,0.25127547266347583,0.3153904289919651,0.22282221749603304,0.2501914688775094,0.3018140251575594,0.2751779474833059,0.2636251105122871,0.29911771108891094,0.21387585962008304,0.3157574300244291,0.304630403958695,0.26491675232769635,0.3731909580679394,0.252470485826381,0.3131375768478707,0.34831522273453464,0.26950737377856093,0.2590044260683452,0.22644959993611286,0.24577390753308626,0.3213726826856389,0.20524632627325823,0.3075805630395137,0.28798902135000093,0.2836523446086066,0.2350032730010431,0.31495062527911843,0.32842956591819,0.23651160688954267,0.32151966068880244,0.30908662936691733,0.33660084282706565,0.2483782155973909,0.2826191338339049,0.24937642195642595,0.31137292257809646,0.3226374982850543,0.28894693897065976,0.26314870152362213,0.2871215423821083,0.2346537473257024,0.22647335769556037,0.28137481063787445,0.2776987717329598,0.26229408171566687,0.32491614761460025,0.3136705826757116,0.3054934626108765,0.26271513480237163,0.22590912880619735,0.3075805630395137,0.21474802963681588,0.27336661514910005,0.24490593502384445,0.23916623518177985,0.30696133410647747,0.28381650456759766,0.2983225540657027,0.2717857467957936,0.28710137525742097,0.20464677165708023,0.2773056253698866,0.25067860803971964,0.3372654924187627,0.25625276430130345,0.26717542519494397,0.9999999999999994,0.29278596571424886,0.25392373217424147,0.1962000272324973,0.3307624139181665,0.21028113860776443,0.2423577020636158,0.3157964363145396,0.2518547420088026,0.3021194719228837,0.2143983938930027,0.20218092505135277,0.2249026328721459,0.27283014737217565
Wall Clock Pro,0.372466266893532,0.34881528534092654,0.28174397004132506,0.33892878554179806,0.2633951834292375,0.27152059612928553,0.25969157459068326,0.3547076657264612,0.3017668762926501,0.30370438432663177,0.26930794312353545,0.2784708247062109,0.2613442680785522,0.2847219054636451,0.3021067730253904,0.2853582736115948,0.3831213975240443,0.2964772364511366,0.3070543628600149,0.3513676152737429,0.32616785166911505,0.31196393333054456,0.29363624444974157,0.29698260846522273,0.31150881313310946,0.36740480522518076,0.27303166163938886,0.26699071982397266,0.25378013662443266,0.25242953892778613,0.3577469092418484,0.35590179979641134,0.23491330107690345,0.3022929636529026,0.3048850476922843,0.24305321071745317,0.2793044603198733,0.32522448839603013,0.3034286906078292,0.2800399024849972,0.31183295859271104,0.3018819210038443,0.27034778545669075,0.3139317535440514,0.3701049934755978,0.3639443542093672,0.2455765160016605,0.33364982680953026,0.23270443359078768,0.3015171984894895,0.35778518729326025,0.35654485798299473,0.266340697799284,0.3239976098726331,0.37828434333519234,0.3040526096329048,0.4248468500905258,0.26836086809741977,0.33442567100433285,0.3322675735976697,0.30881391335813185,0.32670898748029226,0.37452881096646334,0.3250237718608197,0.3525177006409906,0.2966792614593424,0.4319334798538783,0.31418036825083007,0.2930249912817388,0.4182050283539998,0.3110147315903653,0.2835360743410146,0.29491067508030555,0.2587490469649226,0.3179719476273911,0.29627079393939443,0.3027993560072765,0.2947239700972528,0.31023805861636145,0.371347368638143,0.27287545254401185,0.2693375543742689,0.2631342978371106,0.25830855540185027,0.36742248516602327,0.3022232229494099,0.2660875034980806,0.28738571663724044,0.35302696407389955,0.27921885836789884,0.3197142597796154,0.3440537985922245,0.29440687610267,0.2981344529032228,0.2902116551116287,0.3225902392980055,0.3421934817547466,0.3578864461295846,0.3023782931943089,0.3259751897278024,0.24656781846210513,0.3479161576325917,0.26368100264392624,0.3218034493498552,0.2889094485199371,0.27728957637744106,0.29278596571424886,0.9999999999999993,0.2524764407921671,0.2833721975707272,0.3085981209028553,0.20045519825346447,0.29262278188591284,0.30928027178251283,0.29653210957493614,0.2928691860379905,0.31654477316266755,0.312196012214653,0.3057226798779745,0.3347015022362177
Water Bottle,0.26753124418119034,0.3009146253535508,0.25124559260126816,0.22986679783147806,0.3112456921309591,0.21344978965677308,0.2736363696848486,0.2833037011191516,0.2716771278690414,0.24663226533502092,0.3289462460694369,0.3004345609629803,0.2950444478040404,0.26282923227725535,0.24683792607424385,0.30101460724121615,0.2616433835114455,0.3021330193720102,0.28619235040269014,0.3021964073422916,0.273615119233253,0.24724492756636834,0.3605941793980909,0.32744777665826147,0.27848815520567594,0.30028661984974825,0.2717268180823037,0.33612003014092906,0.3269412698856393,0.32198334919158605,0.2256140061518191,0.3101376911513939,0.2559505335655915,0.2882032049561961,0.25478102308347406,0.2470745718996612,0.28104215003579974,0.3170497773797881,0.33203966095486265,0.38031947444363257,0.35615104825295313,0.31042252402287385,0.2932770939932868,0.28818211697544355,0.27894157692771115,0.245177490394813,0.3618963722135109,0.24189664772116826,0.2978705401986266,0.3286934650965066,0.24913341385954182,0.3251448514809083,0.27299814494767294,0.2700019915048558,0.24259607539504835,0.32753064315239167,0.2854794711400053,0.30669246887131674,0.23137302551551714,0.3032669776882546,0.22373228067803935,0.21398071802220112,0.28006004670832246,0.30257841475745095,0.25787584357954013,0.26346264313131995,0.3055202014681674,0.21916577360682996,0.23942564639626635,0.250582746051169,0.2248334364802014,0.33255658289485207,0.24386335796498815,0.2702408350056452,0.26299917444272225,0.2692159295147113,0.29098766209219146,0.18921889461201113,0.23942045575280113,0.27769845936351556,0.2585993682963704,0.28483241355790223,0.32246793433030174,0.2280336026359417,0.18528268599132067,0.3238927484299218,0.2515145285934721,0.24519045138900175,0.3448232911567025,0.30667868511315965,0.3073829780945003,0.3396840698510807,0.2087287152252972,0.28288981247726463,0.2921028369170832,0.3246138736233812,0.22990797883675157,0.23460878608282043,0.22928865190618258,0.26971310064136816,0.24005761615242777,0.24023414608536608,0.28874120114219015,0.3127389209993789,0.29260001013819414,0.2648926475859297,0.25392373217424147,0.2524764407921671,0.9999999999999999,0.2875062647192498,0.25489148924605065,0.2659890126667055,0.2665372069578535,0.29002684930955874,0.23617639956139772,0.24616339145157623,0.28245648596720396,0.31054737567786883,0.318952694163648,0.4400991347719521
Water Bottle Pro,0.3132409689415121,0.306603938179857,0.19188311002445213,0.29506461981589743,0.3299570851879406,0.2151141202609052,0.2496854772627197,0.33795907743139003,0.23416436047035194,0.2707156956897925,0.2618022802136172,0.31551136581882055,0.26631222637645585,0.28219580330949484,0.35675233212071866,0.29600882953171814,0.2638514800507176,0.2600225157764692,0.24477693991585206,0.253838968569574,0.3297550354593171,0.3288678262977164,0.28778303596168836,0.31813260929795056,0.27826088955683315,0.2699601209355947,0.287282034334122,0.2085851544087763,0.22408604323442455,0.3516708326241515,0.2677496680009484,0.3432992432618994,0.25101911284688583,0.2532727573986756,0.26624650472402955,0.244487579820786,0.31891826936095863,0.2723464290074862,0.33862557523165804,0.2851124011492332,0.33998801072245044,0.33985160740929765,0.341305127505155,0.23047075967568864,0.3476465264919316,0.2559669125293787,0.3083775445831262,0.26165693276949514,0.29906024455621777,0.2819992255863741,0.37353621101838513,0.23795682804412369,0.2975867897900006,0.2206092875725074,0.248639710639312,0.3393594624408065,0.1895794272600478,0.2475461152849554,0.21970160718698417,0.2437298182094797,0.32135149415084074,0.2576679193457263,0.31369694800703973,0.2870361828706404,0.22516598882563668,0.2950180525360337,0.31751068879555533,0.26224452393666997,0.27594132414645484,0.24773841755464696,0.28202336942997486,0.2839690102060894,0.24086502777738727,0.3358416138266873,0.3147419223275415,0.3515966859414274,0.3501627154404403,0.2711824107817893,0.303569241626975,0.29009546103998574,0.2206690530407753,0.36620262712748614,0.21897663960701177,0.2416791116608294,0.2940708249110356,0.3265446738549993,0.24710688729249514,0.2351509834058524,0.32232888979866214,0.28932437070744005,0.2958336495788611,0.33127054646854176,0.26465931485085253,0.2722517931544691,0.3629121294289951,0.3647623901235827,0.23551392879909916,0.30625636544348245,0.23820095738948022,0.21087978701344898,0.30828083271060713,0.2877171560454608,0.30497700805361205,0.2614033182575171,0.2860898501524003,0.3359705477948328,0.1962000272324973,0.2833721975707272,0.2875062647192498,1.0000000000000002,0.3169415412167542,0.30346170100544134,0.21104470372357964,0.26489276176188975,0.2910990773352912,0.2720753970877198,0.29494852303189883,0.2971939364553887,0.3660625945846646,0.3172087864548415
Webcam,0.28022214810828283,0.21276581832470234,0.22486023297957886,0.26683060141880605,0.2350635311558248,0.3045896700047255,0.2740069182016277,0.29418829342566855,0.22834206716227054,0.253440009889158,0.3618303793389725,0.3654387361638612,0.34034247511243065,0.3295525346926659,0.3252037985087699,0.30318202396809146,0.259103834015401,0.2867641149528572,0.271870314574605,0.3014305205126955,0.2940004281472997,0.3122068325888916,0.2733406305330376,0.1963263072205939,0.2922316687414949,0.2916594941795713,0.3184806790307428,0.3283353878883851,0.21692984593176515,0.28208571686292855,0.21928865176703752,0.3095791964161787,0.24148571293547802,0.3083199821638162,0.28287870567909024,0.1863374085547201,0.313625510162726,0.26117397447478136,0.2988516407727167,0.26713113336540684,0.2754451539152686,0.23518671138181196,0.2660165360918901,0.2510913046885972,0.35769167900076637,0.22504217512671193,0.3526149683451771,0.32754547704498194,0.23619554105755874,0.29227076991104994,0.26794594274651506,0.2604860193510435,0.27258118071789544,0.2578150220963639,0.23021070505619418,0.38329973427689734,0.30983493038060755,0.3008931371919752,0.30797794871584255,0.29583329268433245,0.29856686512063463,0.2711962316872081,0.3139119753953269,0.364197218718929,0.31781709296667726,0.30009282244415414,0.36305022362798656,0.2644732833445305,0.3211324103222721,0.2841540237173651,0.24504898281654788,0.29436567877280423,0.3193253875164949,0.3308662874153361,0.331210488942501,0.3983330412411262,0.3389552466716168,0.3264755578394366,0.30806200293879105,0.33127100254544034,0.2781658558242346,0.24034882205851643,0.3047321622204012,0.29488250239629304,0.21807510479384973,0.26985379024473405,0.3469506425061922,0.381653117547874,0.2916546059578307,0.35232392545070434,0.3355062097635789,0.3132341827351598,0.26352987046566123,0.3389890634872723,0.3154143844244686,0.29349926741220195,0.30313194609089356,0.24523255158976498,0.3123927678836765,0.3201942104544334,0.24859710175992955,0.3410840631224174,0.301295155291598,0.2902891922372389,0.2913866731437054,0.3557334165715032,0.3307624139181665,0.3085981209028553,0.25489148924605065,0.3169415412167542,1.0,0.30097728189654305,0.27544904794465336,0.3648951944229752,0.29112890634626243,0.34159739971109015,0.2717703605857915,0.2610239350976009,0.3115403606140431,0.271858328621629
Webcam Pro,0.2778256305261423,0.245065717411152,0.26067875916028566,0.2897028635292145,0.3067300692515348,0.28134421584765423,0.27210941848670755,0.31980529894762566,0.29936190393653783,0.17452578700470278,0.2845679189029626,0.26758763787188755,0.23339801964966195,0.3069801970530327,0.2989741451164843,0.31338430504087067,0.2720090980230865,0.2813050085386705,0.2857730150881754,0.27234613775853883,0.29056227608099217,0.255465696133845,0.3248737746570796,0.31961095185447125,0.2644731339494221,0.27293041977117277,0.20581331984530848,0.3030106321396172,0.24441580976402374,0.2118654653755238,0.26141893281273876,0.2813136676500095,0.20494156268577907,0.3317180079505657,0.2967467832707412,0.19620442317221465,0.27253955195813745,0.2667261582728714,0.30781478439332194,0.3073300671748026,0.25076761709354534,0.31012476635446123,0.27036828184931894,0.24714497018399517,0.33864497123870263,0.2331154442204109,0.26972387614010757,0.4107527854272164,0.28466955572587366,0.2564270746087481,0.2692110477120879,0.29110697190088747,0.21258533302206345,0.19991094075073101,0.2496780046636476,0.2750271571515144,0.3172865251009881,0.3797655819312546,0.2707949831033936,0.2920356396073179,0.299638305029749,0.34530459963877247,0.333532645878404,0.3789852296304494,0.2788888971540479,0.25211140995427045,0.18465480256517328,0.22294167332374523,0.2300925293880423,0.318889378119026,0.27713104372749175,0.31765699847773354,0.28969647438321533,0.383148741101602,0.22560824501996338,0.28962960806677734,0.348422439657035,0.3093678977599699,0.32353219684951395,0.2991927348633369,0.28157580993485837,0.251489870592229,0.2753667772234641,0.25822099546789,0.2353153231450167,0.3159632019907633,0.3370848725763387,0.20830986654038455,0.2471602793945775,0.23342699601795885,0.2720269647401492,0.2918184424258027,0.26489763003505284,0.330175050085921,0.2799705399098124,0.29494290787046656,0.24043709346709444,0.29621512297647334,0.254049797052434,0.24597601850723633,0.29077621061918213,0.35076920398381456,0.2856157959540108,0.28515338759420605,0.30523728373358927,0.3926812756146596,0.21028113860776443,0.20045519825346447,0.2659890126667055,0.30346170100544134,0.30097728189654305,1.0,0.22932221823548915,0.26892961764210876,0.3206161574703996,0.29380802865986844,0.3437959344136169,0.31844720555413447,0.30365443584506796,0.25331437215319486
Winter Hoodie,0.23210638369661313,0.2989285553781713,0.3031156899847035,0.33838923934573634,0.3057695195533278,0.33255531584983616,0.3205970943951981,0.3668042883182053,0.24582342290412107,0.26379815310617316,0.2561258719701204,0.30542603192562634,0.22550029129555324,0.251091942642678,0.3024058907685544,0.33996465354959327,0.3202434713517314,0.2804354302750429,0.3430974987825401,0.3549932901995599,0.3451417647410294,0.25189536742162727,0.2830240465455568,0.25687308485233273,0.3481595755449197,0.3139045713083827,0.31942490307297516,0.2826590823517839,0.21803645638552854,0.2679820410341538,0.2521526542923835,0.25111024523076336,0.2361342426495408,0.2935811342948629,0.31031642272701904,0.2339864429217432,0.27625129137390525,0.33478751179879856,0.259941765454454,0.3475203807216352,0.3142772556882357,0.2247627819369844,0.2840842270064071,0.2572065513703224,0.34331470692138305,0.27525508089196243,0.31946258966994046,0.3355353167320603,0.2726938169980262,0.3025212844138696,0.2816891120855814,0.306329374889561,0.3380879916604659,0.2534195137795984,0.23313180824808555,0.2629932517792696,0.24286123574330404,0.24302687401711057,0.30997367858578445,0.35783077605804914,0.24131540367714255,0.21269671434730672,0.34285797450537137,0.2805890768291508,0.33765467553227313,0.23185476408104652,0.31321201385823333,0.2285436066815099,0.31800575426878047,0.2717476949478217,0.2746854959037188,0.2475290771353558,0.3265708105016503,0.22720011747540494,0.23885559669917286,0.3435820845799058,0.37417242770485454,0.2590112535490222,0.3279685567731414,0.28652415773313866,0.31491591518204004,0.22607556491878777,0.30004310722123395,0.2908807373842799,0.24285165697994937,0.25115144305686565,0.3052953348257824,0.3254857156004781,0.35146480626018484,0.26376751994162406,0.28111547432159373,0.30471049385334575,0.3282984560431209,0.268134711151331,0.25115579286176193,0.3031588346972045,0.303802307873378,0.22092371620167517,0.3754697420749633,0.3374086836033609,0.2710110030755299,0.24290384476952426,0.2306739374032153,0.29422285210204313,0.2851306110420339,0.2753522261130663,0.2423577020636158,0.29262278188591284,0.2665372069578535,0.21104470372357964,0.27544904794465336,0.22932221823548915,0.9999999999999997,0.312571080810631,0.20104905536637896,0.3027438265952901,0.32543205937827746,0.2964494946016701,0.2524001911582685,0.2577998159723644
Winter Hoodie Pro,0.2464574927399525,0.30599951036401585,0.28773295914509806,0.29738926096989843,0.25897167263801046,0.20367423152764202,0.32094739502712155,0.33125071499303044,0.2310251325697529,0.27978043652116175,0.36034445934440434,0.3269039693598299,0.328338765267116,0.3398948551817087,0.34669335892444597,0.3229946276647625,0.3179448952170294,0.2999971543426845,0.338574981687816,0.33225365508819704,0.32138576445833655,0.2553664675002187,0.2519175940893131,0.21859071921837442,0.3622685864158136,0.3459992628985847,0.29619674576623256,0.30571591287328137,0.24858592158647205,0.2262034030981424,0.23080013194368307,0.28711911124686856,0.2582705530216409,0.275834235695934,0.3044552347264084,0.275135508101396,0.2496669250766999,0.2690388407018651,0.28358305954614504,0.31481671258717614,0.3580825241624747,0.3277244330507353,0.29545795546531173,0.2935473974152664,0.3895756860020574,0.40270577207909136,0.3353825286048714,0.2541865907904889,0.2910065382499334,0.3307029781057588,0.2828918151160667,0.2930712075621138,0.2962498625743261,0.2622075022142269,0.26976127865747185,0.35392504691883087,0.25475693112709924,0.28676759621161996,0.29351273979854664,0.3291902533320738,0.26001043627486325,0.24257812310252236,0.30465499679703295,0.309868687205495,0.33615686706591513,0.24021646436079436,0.3103703501570077,0.2873597670007133,0.3270055976220928,0.28724783175091884,0.2686596650647468,0.2776957921318065,0.29346900484751853,0.280045077045628,0.2647897150023711,0.2532136495683238,0.3513500386588139,0.28602723577673306,0.3103129954933595,0.31471480511717503,0.2701271122447474,0.3066461669948353,0.34418986642025173,0.3163663973915164,0.2560047106463999,0.3269901944542843,0.2650570035775894,0.27865522294127704,0.26723703180061054,0.2604980886776901,0.2998045381672091,0.31081824861251306,0.2939055656786829,0.32555797040623125,0.3186848789311312,0.3925844942950306,0.29519733977435303,0.2596778503129117,0.31431961067316033,0.37916247726522984,0.24387130269773316,0.315439442448744,0.2294419531113096,0.32805466488948815,0.2760417359967408,0.2783855209260059,0.3157964363145396,0.30928027178251283,0.29002684930955874,0.26489276176188975,0.3648951944229752,0.26892961764210876,0.312571080810631,1.0000000000000002,0.2918034287031246,0.2994388708908504,0.23208191508575113,0.3111354301725071,0.2639625746354068,0.33241291937224354
Wireless Earbuds,0.3056232236927584,0.2995779481159389,0.28692535557611043,0.36296762203910204,0.26608510302398003,0.2920152789898984,0.2504698841411003,0.28959550594032846,0.3162905119688784,0.2476758767111136,0.3250599662142428,0.29906237899016197,0.2988143728482534,0.25713538195114805,0.22750740402784203,0.29219108864525145,0.2800416927886729,0.2409670443550747,0.2419230421496015,0.1997305966413291,0.32787164395657487,0.28742575408139254,0.28740925707575,0.21905282435435333,0.29561479544083896,0.271962717535593,0.23841273956799858,0.22700181230775113,0.22104738316592337,0.22662578740045258,0.3082104457793152,0.25953765992631284,0.21843252037516486,0.21564138500361887,0.34805407785155207,0.23904360462866528,0.2358033740789274,0.27571024605439254,0.2771523299130005,0.26482840607709485,0.26531564621313686,0.32055598893928805,0.3076482844496528,0.2600613007194268,0.2871596604111057,0.2702183148271977,0.2932380943051633,0.3103328429933621,0.24767411628878955,0.26721342994079106,0.252053143244415,0.3005943569669707,0.2263284343452454,0.28611188991759634,0.255172180759015,0.28203151269587406,0.31058753598316813,0.31238907409563943,0.31771639305241056,0.3257209975893686,0.312242298715179,0.22931260967730227,0.33059661555985587,0.36828229403750046,0.3228350496862731,0.2867870899188264,0.24497327356653575,0.3406496946222376,0.32747504834022206,0.2378297693150634,0.29837000165556554,0.3375488947036267,0.32504650858314815,0.32169393326190193,0.32401514373090795,0.25788886055262433,0.367053802427242,0.35015945464241494,0.3071012608935036,0.33587676760559726,0.25580825283970937,0.31439319346318595,0.2089196004843125,0.19859696387774955,0.26702222096640577,0.33860898661352257,0.27616454006392843,0.24626046013254524,0.2907617885684025,0.2214626627034175,0.3346024191696332,0.32403773230439337,0.2596206530359834,0.33465286496044877,0.2801607616280712,0.316164841985956,0.2663491257367576,0.24185100226937337,0.3392237256688951,0.280142653215276,0.30820608579691167,0.35312950659204145,0.31114780058343466,0.35261258337033596,0.2912213550246232,0.25428796945441173,0.2518547420088026,0.29653210957493614,0.23617639956139772,0.2910990773352912,0.29112890634626243,0.3206161574703996,0.20104905536637896,0.2918034287031246,1.0000000000000002,0.32077876383950954,0.30396870804176424,0.311845773361174,0.2958801327253808,0.2912122290128114
Wireless Earbuds Pro,0.3227768428378617,0.31487870171452004,0.3405769424419692,0.3260904666950602,0.34845904298808306,0.2368110548131559,0.35635650922982265,0.3489058067860333,0.31638033947476335,0.26414237961891585,0.349100785406921,0.29121814157943754,0.3186316753393123,0.26526942230990136,0.29638168324704567,0.24945920949298722,0.2708202810505927,0.3334555125995123,0.28991253727549143,0.21678757910255653,0.30587642060206194,0.27274526209133143,0.26072778926472284,0.27780353861594326,0.31408251710485524,0.3084775051255521,0.2843209286113334,0.25210416240665634,0.22508154140241957,0.31570631061838605,0.24318433078172003,0.2876243032885266,0.3410731001541892,0.2814982221274507,0.2550076376897445,0.1986029296897662,0.31999454881030004,0.3138384966264106,0.2554813476182217,0.2591653362372841,0.25088325807363215,0.23507145568622367,0.2122723217500623,0.2409481847088599,0.35174678557560185,0.2845211133509048,0.2713021872409083,0.34983691443212594,0.2167600853079167,0.31318536376360695,0.2738078156560671,0.23409546263926298,0.31552190469721514,0.18952891203941669,0.2561964231625228,0.4000046487698788,0.2870157556323921,0.27983880618812706,0.2806078225921584,0.34782396982735364,0.31640958635932487,0.30379655389918664,0.3554250477397953,0.36693035384827033,0.33872452895343175,0.3076163621933327,0.27531940496218504,0.3545216575261623,0.31237249946171464,0.2564218205512272,0.27995967822330875,0.24107383384252792,0.33311855100646215,0.34490420967718094,0.30098727666973957,0.274741447451425,0.35003591148430435,0.2940884837577011,0.2501981451960049,0.2921415514969022,0.262339849909174,0.25694332044354684,0.27231481195479096,0.31270821902586177,0.2197634981541738,0.32832188138407364,0.27239345430473455,0.29986474111086675,0.29021642739080866,0.3640013253846816,0.29982431713114965,0.38410673066392687,0.22311910070721425,0.34294373393190664,0.29774277508431446,0.30379425826952533,0.23957981271935666,0.2788730880510757,0.2174592401414746,0.2736507154517152,0.2878782988958688,0.3431270952607522,0.33533376936528747,0.3375099978666965,0.30713383999965194,0.3524297588825529,0.3021194719228837,0.2928691860379905,0.24616339145157623,0.2720753970877198,0.34159739971109015,0.29380802865986844,0.3027438265952901,0.2994388708908504,0.32077876383950954,1.0,0.3179340387804683,0.2999860793484457,0.26001309064473316,0.266201328963046
Wireless Mouse,0.32854607907980626,0.287537896850686,0.2942106581909159,0.288580039684712,0.2972451275494018,0.4051856925553836,0.2946493385647361,0.3442856394924054,0.3080932486287388,0.31927501132028385,0.34815900755152146,0.3800703486487882,0.2829761048428662,0.22184025697929488,0.3181881944088857,0.2949740439745708,0.3095769689404841,0.23800215294243873,0.32242293977819275,0.3349616983969674,0.3405612222882929,0.30186785187003357,0.37500428671462965,0.25440943901081975,0.27435760588438424,0.33060823768591463,0.3356714953761689,0.28445240752947565,0.2546551670137901,0.2652437550698236,0.3184736896642479,0.2897487605619942,0.29753912642115493,0.32704117314240716,0.3293208161477187,0.23766203519042495,0.3468743094482401,0.2652670745034662,0.3551922884029634,0.30487826998173473,0.30508038042738284,0.23715028849025788,0.2781183374347056,0.30026459553632834,0.31244312431710347,0.24476169345821622,0.3251371956598499,0.4203561108453684,0.2619710254098012,0.2696310020505061,0.24520219874434346,0.2572185344880434,0.3447957297759415,0.28956225737257574,0.298262032177572,0.2652950680489951,0.34749782054013,0.3794627967164149,0.3472487497987985,0.32288786764764854,0.2620878748309533,0.35278240893620616,0.3448352148052515,0.3717230761803593,0.2876869884477596,0.34339641940054516,0.3042403567322741,0.2370392202049792,0.3940595967556769,0.30049390516261454,0.2903480541853617,0.30242075819074765,0.2966701322350693,0.3669618356914275,0.29545215126252505,0.3393061796187762,0.4226919709796249,0.32041803355049725,0.3420436084563699,0.28143379910345967,0.36812539750793283,0.2882543292235529,0.25355535309125865,0.3427865736295629,0.2656752487912098,0.2441045817589365,0.33613246230347815,0.28162224797596874,0.3453638784516469,0.31288921057547264,0.29802202120836263,0.3496803001778432,0.33448425077983557,0.29115474066944563,0.3140469333534337,0.34178021666259345,0.22494292013662254,0.320510838069101,0.2790409852681185,0.29679172890677225,0.35004106292143006,0.30687803243974604,0.3008290296391022,0.29520514406752074,0.2723152895571071,0.2832955174403503,0.2143983938930027,0.31654477316266755,0.28245648596720396,0.29494852303189883,0.2717703605857915,0.3437959344136169,0.32543205937827746,0.23208191508575113,0.30396870804176424,0.3179340387804683,1.0,0.3548428584014176,0.32399558277402213,0.3084171447680639
Wireless Mouse Pro,0.24651957964643084,0.2934746218530198,0.3100387584079164,0.2935689273306456,0.2521933782462069,0.3518960373120853,0.2595960634118557,0.3157887593158996,0.3245720793268425,0.2830248387613429,0.3863650203902431,0.31079951717137505,0.273072752749301,0.25214996638124737,0.27016167653995005,0.2445709850392744,0.3214030712582045,0.26898138656318804,0.2676198678044118,0.2794425067680341,0.28320810145885406,0.29191177402240825,0.32307953813563484,0.2700441911666407,0.24868837360226453,0.3061734661989799,0.2965571084848929,0.328083505300927,0.20605934570609774,0.24945883811902858,0.3109115716526639,0.3356981210651471,0.31226820461062654,0.23369771826864913,0.27685596659857725,0.24526811915182375,0.3731927668950725,0.2493702503754585,0.3187659140948919,0.3080436109630974,0.27880325969044895,0.26272640884000265,0.2572248875035782,0.32639234257574323,0.39298693132253537,0.27648967378516887,0.32551447829492464,0.3443854055055118,0.22729898606035887,0.2934705612182155,0.31774357409123244,0.3482372467644463,0.26991614684230525,0.2782020859423875,0.32383530783984815,0.3905862049068057,0.36028241876440636,0.29346443946868733,0.3159288988512199,0.35868914015390174,0.3789362602763423,0.2753748022359809,0.3728790778682085,0.31295921793384746,0.24945223864220603,0.3145653257561094,0.340607430718266,0.24479805837463164,0.3477125196194945,0.2562820853220227,0.26506683224790956,0.30693882593124944,0.3447281659762333,0.31831867714432505,0.2425779072673499,0.32584677513290977,0.34882889480990126,0.3786250866934681,0.3590501462916205,0.3558541646338329,0.21777800900236846,0.3103608241595487,0.27432407852536744,0.23242763823844648,0.2909023387208911,0.3009295242722637,0.3124144745312862,0.2895915696002863,0.30083422643735575,0.2386924448154829,0.35101343013295483,0.32275750121855673,0.3075019649719038,0.27779297249047163,0.3079071896188637,0.26107145606767,0.2619582355516858,0.27771890522155146,0.29412881007343583,0.2816613993531481,0.31964901015490726,0.3481553829860047,0.3263543723173884,0.3229268830242583,0.34123783203382646,0.3674027738151922,0.20218092505135277,0.312196012214653,0.31054737567786883,0.2971939364553887,0.2610239350976009,0.31844720555413447,0.2964494946016701,0.3111354301725071,0.311845773361174,0.2999860793484457,0.3548428584014176,1.0,0.3099825877593131,0.33917670036103836
Yoga Mat,0.27616094716036393,0.31632878745614085,0.3126451442743232,0.23575687501435066,0.30689480840758715,0.26915683103471616,0.3033670016725961,0.30998010230349043,0.25129263690137893,0.2558615939359494,0.3367557647400883,0.26769889080994264,0.2157035537116972,0.22814245848957965,0.30375907844145633,0.2629646256603614,0.3030384801029733,0.23691242674028662,0.21821437160211432,0.2918375722699815,0.3327537810586996,0.17170513119189842,0.3705480251774413,0.255659390725148,0.21816714825668748,0.2834459873322095,0.2397333653910556,0.2854297785629025,0.22386836961962792,0.2664914996494836,0.23731832818076887,0.2715249554382001,0.2293450315324775,0.28892045340152317,0.36559347783932944,0.2706090058934188,0.3550641173682264,0.2224603040153164,0.30689408114196176,0.35611615318320433,0.3645077592386563,0.2515768620781591,0.31751425335052885,0.3341713218846102,0.3116897692711689,0.2586423660382197,0.31401682481844717,0.3254968011488245,0.3875324872285803,0.35929833491030677,0.22051548304965973,0.3390676960801435,0.25044308604340065,0.2969543204319112,0.2242754519709844,0.33088627244815016,0.2997589864013689,0.26089310254974535,0.3131217014066251,0.2922203032874842,0.26619992339175524,0.30772787941291635,0.2739067928652207,0.3029219702110596,0.20053361943056058,0.31078508449533426,0.22869790932440065,0.29162390564292223,0.32317619976650763,0.25071996326269647,0.29914625000988965,0.2706341803867194,0.2458559196577199,0.32502678427009646,0.2476082261516118,0.3197948655587641,0.2933652676225218,0.2866279662767617,0.2718755782734117,0.29109044971835163,0.2548025524988596,0.3352295920735723,0.219266386532077,0.18186564041535505,0.2474741480113153,0.32567876935014795,0.2779991493911676,0.30523469653595636,0.3025380936893612,0.3602969180756987,0.3085616669016963,0.3200655400015287,0.25709764532081586,0.2910437662664815,0.29580033869790334,0.2666197790738035,0.24761129581099378,0.23204183030450004,0.32901462016394356,0.30804227752814806,0.34260753341029304,0.4072734674060963,0.28931181561681857,0.334207456933639,0.2736213783125324,0.2631533644537447,0.2249026328721459,0.3057226798779745,0.318952694163648,0.3660625945846646,0.3115403606140431,0.30365443584506796,0.2524001911582685,0.2639625746354068,0.2958801327253808,0.26001309064473316,0.32399558277402213,0.3099825877593131,1.0,0.3774950844036072
Yoga Mat Pro,0.31502538208160075,0.32179551577400317,0.24378763478332355,0.3092889214181535,0.2596979128969861,0.2670333173642146,0.291585753149363,0.3029894102504255,0.27076993795128346,0.3100187296474142,0.3483139418115757,0.32662114053976626,0.2709626065510394,0.2223168516416909,0.28014778391392753,0.2948324132607679,0.3289799305481196,0.20272595703838198,0.2546022657402036,0.3104556155678687,0.3255532919459706,0.2751036614826395,0.3659790484286281,0.38028548964489134,0.30585856826659313,0.2655190697954436,0.2606062302827913,0.24741912204489122,0.31220840452491055,0.3763019581054292,0.25951356611005705,0.36212752277387805,0.2448948906724307,0.2845569487617904,0.3056078501251008,0.23596634779309028,0.2640169653315976,0.2745931679795853,0.352940396695367,0.3547501299666976,0.434112129956839,0.348446260350152,0.4086350890894547,0.39076177701398557,0.31121448425915393,0.29455746585963144,0.3264913152819029,0.27706299781427063,0.33725171079215804,0.35595231909858727,0.2507116259129034,0.30646930591586763,0.315132325922873,0.3284945994434132,0.3254573373842592,0.2972606474057383,0.303040798336898,0.2789833162712938,0.23935529340049516,0.36769018268602105,0.2916259967073862,0.25194678427808087,0.329774155503733,0.3031889572718027,0.24399987186113797,0.23663486575008055,0.32598552257554925,0.2546349825392801,0.28244653001116055,0.2818573930304209,0.23368594724626784,0.2560266161526552,0.26326512597266444,0.333417368087324,0.2673351073200495,0.33717656565771825,0.34427920715132837,0.31838018094705056,0.251858208847089,0.33085459903399367,0.3228487212975182,0.3179340804943102,0.23423259650840478,0.17985813772070647,0.23360644941636663,0.29425223098587283,0.26612719941715096,0.24262595605032697,0.3775580260022622,0.3398396974744619,0.2926529809313233,0.3099251135320225,0.28530321417531845,0.26236393693127524,0.2863159146520162,0.28259531006378896,0.279900069317581,0.28054034842413006,0.2936981632021038,0.2765050436699405,0.3049626643967089,0.2879332035054785,0.28259386377279677,0.289886851472694,0.22701588797319386,0.2772994283445339,0.27283014737217565,0.3347015022362177,0.4400991347719521,0.3172087864548415,0.271858328621629,0.25331437215319486,0.2577998159723644,0.33241291937224354,0.2912122290128114,0.266201328963046,0.3084171447680639,0.33917670036103836,0.3774950844036072,0.9999999999999998
